kode_adm4,provinsi,kabupaten_atau_kota,kecamatan,desa_atau_kelurahan
32.01.01.1001,Jawa Barat,Kabupaten Bogor,Cibinong,Pondok Rajeg
32.01.01.1002,Jawa Barat,Kabupaten Bogor,Cibinong,Karadenan
32.01.01.1003,Jawa Barat,Kabupaten Bogor,Cibinong,Harapanjaya
32.01.01.1004,Jawa Barat,Kabupaten Bogor,Cibinong,Nanggewer
32.01.01.1005,Jawa Barat,Kabupaten Bogor,Cibinong,Nanggewer Mekar
32.01.01.1006,Jawa Barat,Kabupaten Bogor,Cibinong,Cibinong
32.01.01.1007,Jawa Barat,Kabupaten Bogor,Cibinong,Pakansari
32.01.01.1008,Jawa Barat,Kabupaten Bogor,Cibinong,Tengah
32.01.01.1009,Jawa Barat,Kabupaten Bogor,Cibinong,Sukahati
32.01.01.1010,Jawa Barat,Kabupaten Bogor,Cibinong,Ciriung
32.01.01.1011,Jawa Barat,Kabupaten Bogor,Cibinong,Cirimekar
32.01.01.1012,Jawa Barat,Kabupaten Bogor,Cibinong,Pabuaran
32.01.01.1013,Jawa Barat,Kabupaten Bogor,Cibinong,Pabuaran Mekar
32.01.02.2001,Jawa Barat,Kabupaten Bogor,Gunungputri,Wanaherang
32.01.02.2002,Jawa Barat,Kabupaten Bogor,Gunungputri,Bojongkulur
32.01.02.2003,Jawa Barat,Kabupaten Bogor,Gunungputri,Ciangsana
32.01.02.2004,Jawa Barat,Kabupaten Bogor,Gunungputri,Gunungputri
32.01.02.2005,Jawa Barat,Kabupaten Bogor,Gunungputri,Bojongnangka
32.01.02.2006,Jawa Barat,Kabupaten Bogor,Gunungputri,Tlajung Udik
32.01.02.2007,Jawa Barat,Kabupaten Bogor,Gunungputri,Cicadas
32.01.02.2008,Jawa Barat,Kabupaten Bogor,Gunungputri,Cikeas Udik
32.01.02.2009,Jawa Barat,Kabupaten Bogor,Gunungputri,Nagrak
32.01.02.2010,Jawa Barat,Kabupaten Bogor,Gunungputri,Karanggan
32.01.03.1006,Jawa Barat,Kabupaten Bogor,Citeureup,Puspanegara
32.01.03.1007,Jawa Barat,Kabupaten Bogor,Citeureup,Karang Asem Barat
32.01.03.2001,Jawa Barat,Kabupaten Bogor,Citeureup,Puspasari
32.01.03.2002,Jawa Barat,Kabupaten Bogor,Citeureup,Citeureup
32.01.03.2003,Jawa Barat,Kabupaten Bogor,Citeureup,Leuwinutug
32.01.03.2004,Jawa Barat,Kabupaten Bogor,Citeureup,Tajur
32.01.03.2005,Jawa Barat,Kabupaten Bogor,Citeureup,Sanja
32.01.03.2008,Jawa Barat,Kabupaten Bogor,Citeureup,Karang Asem Timur
32.01.03.2009,Jawa Barat,Kabupaten Bogor,Citeureup,Tarikolot
32.01.03.2010,Jawa Barat,Kabupaten Bogor,Citeureup,Gunungsari
32.01.03.2011,Jawa Barat,Kabupaten Bogor,Citeureup,Tangkil
32.01.03.2012,Jawa Barat,Kabupaten Bogor,Citeureup,Sukahati
32.01.03.2013,Jawa Barat,Kabupaten Bogor,Citeureup,Hambalang
32.01.03.2014,Jawa Barat,Kabupaten Bogor,Citeureup,Pasir Mukti
32.01.04.2001,Jawa Barat,Kabupaten Bogor,Sukaraja,Gunung Geulis
32.01.04.2002,Jawa Barat,Kabupaten Bogor,Sukaraja,Cilebut Timur
32.01.04.2003,Jawa Barat,Kabupaten Bogor,Sukaraja,Cilebut Barat
32.01.04.2004,Jawa Barat,Kabupaten Bogor,Sukaraja,Cibanon
32.01.04.2005,Jawa Barat,Kabupaten Bogor,Sukaraja,Nagrak
32.01.04.2006,Jawa Barat,Kabupaten Bogor,Sukaraja,Sukatani
32.01.04.2007,Jawa Barat,Kabupaten Bogor,Sukaraja,Sukaraja
32.01.04.2008,Jawa Barat,Kabupaten Bogor,Sukaraja,Cikeas
32.01.04.2009,Jawa Barat,Kabupaten Bogor,Sukaraja,Pasirjambu
32.01.04.2010,Jawa Barat,Kabupaten Bogor,Sukaraja,Cimandala
32.01.04.2011,Jawa Barat,Kabupaten Bogor,Sukaraja,Cijujung
32.01.04.2012,Jawa Barat,Kabupaten Bogor,Sukaraja,Cadasngampar
32.01.04.2013,Jawa Barat,Kabupaten Bogor,Sukaraja,Pasirlaja
32.01.05.2001,Jawa Barat,Kabupaten Bogor,Babakan Madang,Cijayanti
32.01.05.2002,Jawa Barat,Kabupaten Bogor,Babakan Madang,Sumur Batu
32.01.05.2003,Jawa Barat,Kabupaten Bogor,Babakan Madang,Sentul
32.01.05.2004,Jawa Barat,Kabupaten Bogor,Babakan Madang,Karang Tengah
32.01.05.2005,Jawa Barat,Kabupaten Bogor,Babakan Madang,Cipambuan
32.01.05.2006,Jawa Barat,Kabupaten Bogor,Babakan Madang,Kadumanggu
32.01.05.2007,Jawa Barat,Kabupaten Bogor,Babakan Madang,Citaringgul
32.01.05.2008,Jawa Barat,Kabupaten Bogor,Babakan Madang,Babakan Madang
32.01.05.2009,Jawa Barat,Kabupaten Bogor,Babakan Madang,Bojong Koneng
32.01.06.2001,Jawa Barat,Kabupaten Bogor,Jonggol,Sukamaju
32.01.06.2002,Jawa Barat,Kabupaten Bogor,Jonggol,Sirnagalih
32.01.06.2003,Jawa Barat,Kabupaten Bogor,Jonggol,Singajaya
32.01.06.2004,Jawa Barat,Kabupaten Bogor,Jonggol,Sukasirna
32.01.06.2005,Jawa Barat,Kabupaten Bogor,Jonggol,Sukanegara
32.01.06.2006,Jawa Barat,Kabupaten Bogor,Jonggol,Sukamanah
32.01.06.2007,Jawa Barat,Kabupaten Bogor,Jonggol,Weninggalih
32.01.06.2008,Jawa Barat,Kabupaten Bogor,Jonggol,Cibodas
32.01.06.2009,Jawa Barat,Kabupaten Bogor,Jonggol,Jonggol
32.01.06.2010,Jawa Barat,Kabupaten Bogor,Jonggol,Bendungan
32.01.06.2011,Jawa Barat,Kabupaten Bogor,Jonggol,Singasari
32.01.06.2012,Jawa Barat,Kabupaten Bogor,Jonggol,Balekambang
32.01.06.2013,Jawa Barat,Kabupaten Bogor,Jonggol,Sukajaya
32.01.06.2014,Jawa Barat,Kabupaten Bogor,Jonggol,Sukagalih
32.01.07.2001,Jawa Barat,Kabupaten Bogor,Cileungsi,Pasirangin
32.01.07.2002,Jawa Barat,Kabupaten Bogor,Cileungsi,Mekarsari
32.01.07.2003,Jawa Barat,Kabupaten Bogor,Cileungsi,Mampir
32.01.07.2004,Jawa Barat,Kabupaten Bogor,Cileungsi,Dayeuh
32.01.07.2005,Jawa Barat,Kabupaten Bogor,Cileungsi,Gandoang
32.01.07.2006,Jawa Barat,Kabupaten Bogor,Cileungsi,Jatisari
32.01.07.2007,Jawa Barat,Kabupaten Bogor,Cileungsi,Cileungsi Kidul
32.01.07.2008,Jawa Barat,Kabupaten Bogor,Cileungsi,Cipeucang
32.01.07.2009,Jawa Barat,Kabupaten Bogor,Cileungsi,Situsari
32.01.07.2010,Jawa Barat,Kabupaten Bogor,Cileungsi,Cipenjo
32.01.07.2011,Jawa Barat,Kabupaten Bogor,Cileungsi,Limusnunggal
32.01.07.2012,Jawa Barat,Kabupaten Bogor,Cileungsi,Cileungsi
32.01.08.2001,Jawa Barat,Kabupaten Bogor,Cariu,Karyamekar
32.01.08.2002,Jawa Barat,Kabupaten Bogor,Cariu,Babakanraden
32.01.08.2003,Jawa Barat,Kabupaten Bogor,Cariu,Cikutamahi
32.01.08.2004,Jawa Barat,Kabupaten Bogor,Cariu,Kutamekar
32.01.08.2005,Jawa Barat,Kabupaten Bogor,Cariu,Cariu
32.01.08.2006,Jawa Barat,Kabupaten Bogor,Cariu,Mekarwangi
32.01.08.2007,Jawa Barat,Kabupaten Bogor,Cariu,Bantarkuning
32.01.08.2008,Jawa Barat,Kabupaten Bogor,Cariu,Sukajadi
32.01.08.2009,Jawa Barat,Kabupaten Bogor,Cariu,Tegalpanjang
32.01.08.2010,Jawa Barat,Kabupaten Bogor,Cariu,Cibatutiga
32.01.09.2001,Jawa Barat,Kabupaten Bogor,Sukamakmur,Wargajaya
32.01.09.2002,Jawa Barat,Kabupaten Bogor,Sukamakmur,Pabuaran
32.01.09.2003,Jawa Barat,Kabupaten Bogor,Sukamakmur,Sukadamai
32.01.09.2004,Jawa Barat,Kabupaten Bogor,Sukamakmur,Sukawangi
32.01.09.2005,Jawa Barat,Kabupaten Bogor,Sukamakmur,Cibadak
32.01.09.2006,Jawa Barat,Kabupaten Bogor,Sukamakmur,Sukaresmi
32.01.09.2007,Jawa Barat,Kabupaten Bogor,Sukamakmur,Sukamulya
32.01.09.2008,Jawa Barat,Kabupaten Bogor,Sukamakmur,Sukaharja
32.01.09.2009,Jawa Barat,Kabupaten Bogor,Sukamakmur,Sirnajaya
32.01.09.2010,Jawa Barat,Kabupaten Bogor,Sukamakmur,Sukamakmur
32.01.10.2001,Jawa Barat,Kabupaten Bogor,Parung,Parung
32.01.10.2002,Jawa Barat,Kabupaten Bogor,Parung,Iwul
32.01.10.2003,Jawa Barat,Kabupaten Bogor,Parung,Bojong Sempu
32.01.10.2004,Jawa Barat,Kabupaten Bogor,Parung,Waru
32.01.10.2005,Jawa Barat,Kabupaten Bogor,Parung,Cogreg
32.01.10.2006,Jawa Barat,Kabupaten Bogor,Parung,Pamegarsari
32.01.10.2007,Jawa Barat,Kabupaten Bogor,Parung,Waru Jaya
32.01.10.2008,Jawa Barat,Kabupaten Bogor,Parung,Bojong Indah
32.01.10.2009,Jawa Barat,Kabupaten Bogor,Parung,Jabon Mekar
32.01.11.2001,Jawa Barat,Kabupaten Bogor,Gunungsindur,Cidokom
32.01.11.2002,Jawa Barat,Kabupaten Bogor,Gunungsindur,Padurenan
32.01.11.2003,Jawa Barat,Kabupaten Bogor,Gunungsindur,Pengasinan
32.01.11.2004,Jawa Barat,Kabupaten Bogor,Gunungsindur,Curug
32.01.11.2005,Jawa Barat,Kabupaten Bogor,Gunungsindur,Gunungsindur
32.01.11.2006,Jawa Barat,Kabupaten Bogor,Gunungsindur,Jampang
32.01.11.2007,Jawa Barat,Kabupaten Bogor,Gunungsindur,Cibadung
32.01.11.2008,Jawa Barat,Kabupaten Bogor,Gunungsindur,Cibinong
32.01.11.2009,Jawa Barat,Kabupaten Bogor,Gunungsindur,Rawakalong
32.01.11.2010,Jawa Barat,Kabupaten Bogor,Gunungsindur,Pabuaran
32.01.12.1006,Jawa Barat,Kabupaten Bogor,Kemang,Atang Senjaya
32.01.12.2001,Jawa Barat,Kabupaten Bogor,Kemang,Bojong
32.01.12.2002,Jawa Barat,Kabupaten Bogor,Kemang,Parakanjaya
32.01.12.2003,Jawa Barat,Kabupaten Bogor,Kemang,Kemang
32.01.12.2004,Jawa Barat,Kabupaten Bogor,Kemang,Pabuaran
32.01.12.2005,Jawa Barat,Kabupaten Bogor,Kemang,Semplak Barat
32.01.12.2007,Jawa Barat,Kabupaten Bogor,Kemang,Jampang
32.01.12.2008,Jawa Barat,Kabupaten Bogor,Kemang,Pondok Udik
32.01.12.2009,Jawa Barat,Kabupaten Bogor,Kemang,Tegal
32.01.13.1007,Jawa Barat,Kabupaten Bogor,Bojonggede,Pabuaran
32.01.13.2001,Jawa Barat,Kabupaten Bogor,Bojonggede,Bojongbaru
32.01.13.2002,Jawa Barat,Kabupaten Bogor,Bojonggede,Cimanggis
32.01.13.2003,Jawa Barat,Kabupaten Bogor,Bojonggede,Susukan
32.01.13.2004,Jawa Barat,Kabupaten Bogor,Bojonggede,Ragajaya
32.01.13.2005,Jawa Barat,Kabupaten Bogor,Bojonggede,Kedung Waringin
32.01.13.2006,Jawa Barat,Kabupaten Bogor,Bojonggede,Waringin Jaya
32.01.13.2008,Jawa Barat,Kabupaten Bogor,Bojonggede,Rawapanjang
32.01.13.2009,Jawa Barat,Kabupaten Bogor,Bojonggede,Bojonggede
32.01.14.2001,Jawa Barat,Kabupaten Bogor,Leuwiliang,Leuwiliang
32.01.14.2002,Jawa Barat,Kabupaten Bogor,Leuwiliang,Purasari
32.01.14.2003,Jawa Barat,Kabupaten Bogor,Leuwiliang,Karyasari
32.01.14.2004,Jawa Barat,Kabupaten Bogor,Leuwiliang,Pabangbon
32.01.14.2005,Jawa Barat,Kabupaten Bogor,Leuwiliang,Karacak
32.01.14.2006,Jawa Barat,Kabupaten Bogor,Leuwiliang,Barengkok
32.01.14.2007,Jawa Barat,Kabupaten Bogor,Leuwiliang,Leuwimekar
32.01.14.2008,Jawa Barat,Kabupaten Bogor,Leuwiliang,Puraseda
32.01.14.2009,Jawa Barat,Kabupaten Bogor,Leuwiliang,Cibeber I
32.01.14.2010,Jawa Barat,Kabupaten Bogor,Leuwiliang,Cibeber II
32.01.14.2011,Jawa Barat,Kabupaten Bogor,Leuwiliang,Karehkel
32.01.15.2001,Jawa Barat,Kabupaten Bogor,Ciampea,Ciampea
32.01.15.2002,Jawa Barat,Kabupaten Bogor,Ciampea,Cinangka
32.01.15.2003,Jawa Barat,Kabupaten Bogor,Ciampea,Cihideung Udik
32.01.15.2004,Jawa Barat,Kabupaten Bogor,Ciampea,Bojongjengkol
32.01.15.2005,Jawa Barat,Kabupaten Bogor,Ciampea,Tegalwaru
32.01.15.2006,Jawa Barat,Kabupaten Bogor,Ciampea,Cibuntu
32.01.15.2007,Jawa Barat,Kabupaten Bogor,Ciampea,Cicadas
32.01.15.2008,Jawa Barat,Kabupaten Bogor,Ciampea,Cibadak
32.01.15.2009,Jawa Barat,Kabupaten Bogor,Ciampea,Bojongrangkas
32.01.15.2010,Jawa Barat,Kabupaten Bogor,Ciampea,Cihideung Ilir
32.01.15.2011,Jawa Barat,Kabupaten Bogor,Ciampea,Cibanteng
32.01.15.2012,Jawa Barat,Kabupaten Bogor,Ciampea,Benteng
32.01.15.2013,Jawa Barat,Kabupaten Bogor,Ciampea,Ciampea Udik
32.01.16.2001,Jawa Barat,Kabupaten Bogor,Cibungbulang,Situ Udik
32.01.16.2002,Jawa Barat,Kabupaten Bogor,Cibungbulang,Situ Ilir
32.01.16.2003,Jawa Barat,Kabupaten Bogor,Cibungbulang,Cemplang
32.01.16.2004,Jawa Barat,Kabupaten Bogor,Cibungbulang,Cibatok I
32.01.16.2005,Jawa Barat,Kabupaten Bogor,Cibungbulang,Ciaruteun Udik
32.01.16.2006,Jawa Barat,Kabupaten Bogor,Cibungbulang,Leuweungkolot
32.01.16.2007,Jawa Barat,Kabupaten Bogor,Cibungbulang,Cimanggu I
32.01.16.2008,Jawa Barat,Kabupaten Bogor,Cibungbulang,Cimanggu II
32.01.16.2009,Jawa Barat,Kabupaten Bogor,Cibungbulang,Dukuh
32.01.16.2010,Jawa Barat,Kabupaten Bogor,Cibungbulang,Cijujung
32.01.16.2011,Jawa Barat,Kabupaten Bogor,Cibungbulang,Ciaruteun Ilir
32.01.16.2012,Jawa Barat,Kabupaten Bogor,Cibungbulang,Cibatok II
32.01.16.2013,Jawa Barat,Kabupaten Bogor,Cibungbulang,Sukamaju
32.01.16.2014,Jawa Barat,Kabupaten Bogor,Cibungbulang,Galuga
32.01.16.2015,Jawa Barat,Kabupaten Bogor,Cibungbulang,Girimulya
32.01.17.2001,Jawa Barat,Kabupaten Bogor,Pamijahan,Purwabakti
32.01.17.2002,Jawa Barat,Kabupaten Bogor,Pamijahan,Cibunian
32.01.17.2003,Jawa Barat,Kabupaten Bogor,Pamijahan,Cibitung Wetan
32.01.17.2004,Jawa Barat,Kabupaten Bogor,Pamijahan,Gunung Menyan
32.01.17.2005,Jawa Barat,Kabupaten Bogor,Pamijahan,Gunung Bunder II
32.01.17.2006,Jawa Barat,Kabupaten Bogor,Pamijahan,Pasarean
32.01.17.2007,Jawa Barat,Kabupaten Bogor,Pamijahan,Cimayang
32.01.17.2008,Jawa Barat,Kabupaten Bogor,Pamijahan,Pamijahan
32.01.17.2009,Jawa Barat,Kabupaten Bogor,Pamijahan,Cibening
32.01.17.2010,Jawa Barat,Kabupaten Bogor,Pamijahan,Gunung Bunder I
32.01.17.2011,Jawa Barat,Kabupaten Bogor,Pamijahan,Cibitung Kulon
32.01.17.2012,Jawa Barat,Kabupaten Bogor,Pamijahan,Gunung Picung
32.01.17.2013,Jawa Barat,Kabupaten Bogor,Pamijahan,Ciasihan
32.01.17.2014,Jawa Barat,Kabupaten Bogor,Pamijahan,Gunung Sari
32.01.17.2015,Jawa Barat,Kabupaten Bogor,Pamijahan,Ciasmara
32.01.18.2001,Jawa Barat,Kabupaten Bogor,Rumpin,Rumpin
32.01.18.2002,Jawa Barat,Kabupaten Bogor,Rumpin,Leuwibatu
32.01.18.2003,Jawa Barat,Kabupaten Bogor,Rumpin,Cidokom
32.01.18.2004,Jawa Barat,Kabupaten Bogor,Rumpin,Gobang
32.01.18.2005,Jawa Barat,Kabupaten Bogor,Rumpin,Cibodas
32.01.18.2006,Jawa Barat,Kabupaten Bogor,Rumpin,Rabak
32.01.18.2007,Jawa Barat,Kabupaten Bogor,Rumpin,Kampung Sawah
32.01.18.2008,Jawa Barat,Kabupaten Bogor,Rumpin,Cipinang
32.01.18.2009,Jawa Barat,Kabupaten Bogor,Rumpin,Sukasari
32.01.18.2010,Jawa Barat,Kabupaten Bogor,Rumpin,Tamansari
32.01.18.2011,Jawa Barat,Kabupaten Bogor,Rumpin,Kertajaya
32.01.18.2012,Jawa Barat,Kabupaten Bogor,Rumpin,Sukamulya
32.01.18.2013,Jawa Barat,Kabupaten Bogor,Rumpin,Mekarsari
32.01.18.2014,Jawa Barat,Kabupaten Bogor,Rumpin,Mekarjaya
32.01.19.2001,Jawa Barat,Kabupaten Bogor,Jasinga,Curug
32.01.19.2002,Jawa Barat,Kabupaten Bogor,Jasinga,Pangradin
32.01.19.2003,Jawa Barat,Kabupaten Bogor,Jasinga,Kalongsawah
32.01.19.2004,Jawa Barat,Kabupaten Bogor,Jasinga,Sipak
32.01.19.2005,Jawa Barat,Kabupaten Bogor,Jasinga,Jasinga
32.01.19.2006,Jawa Barat,Kabupaten Bogor,Jasinga,Koleang
32.01.19.2007,Jawa Barat,Kabupaten Bogor,Jasinga,Cikopomayak
32.01.19.2008,Jawa Barat,Kabupaten Bogor,Jasinga,Setu
32.01.19.2009,Jawa Barat,Kabupaten Bogor,Jasinga,Barengkok
32.01.19.2010,Jawa Barat,Kabupaten Bogor,Jasinga,Bagoang
32.01.19.2011,Jawa Barat,Kabupaten Bogor,Jasinga,Pangaur
32.01.19.2012,Jawa Barat,Kabupaten Bogor,Jasinga,Pamagersari
32.01.19.2013,Jawa Barat,Kabupaten Bogor,Jasinga,Jugalajaya
32.01.19.2014,Jawa Barat,Kabupaten Bogor,Jasinga,Tegalwangi
32.01.19.2015,Jawa Barat,Kabupaten Bogor,Jasinga,Neglasari
32.01.19.2016,Jawa Barat,Kabupaten Bogor,Jasinga,Wirajaya
32.01.20.2001,Jawa Barat,Kabupaten Bogor,Parungpanjang,Jagabaya
32.01.20.2002,Jawa Barat,Kabupaten Bogor,Parungpanjang,Gorowong
32.01.20.2003,Jawa Barat,Kabupaten Bogor,Parungpanjang,Dago
32.01.20.2004,Jawa Barat,Kabupaten Bogor,Parungpanjang,Pingku
32.01.20.2005,Jawa Barat,Kabupaten Bogor,Parungpanjang,Cikuda
32.01.20.2006,Jawa Barat,Kabupaten Bogor,Parungpanjang,Parungpanjang
32.01.20.2007,Jawa Barat,Kabupaten Bogor,Parungpanjang,Lumpang
32.01.20.2008,Jawa Barat,Kabupaten Bogor,Parungpanjang,Cibunar
32.01.20.2009,Jawa Barat,Kabupaten Bogor,Parungpanjang,Jagabita
32.01.20.2010,Jawa Barat,Kabupaten Bogor,Parungpanjang,Gintungcilejet
32.01.20.2011,Jawa Barat,Kabupaten Bogor,Parungpanjang,Kabasiran
32.01.21.2001,Jawa Barat,Kabupaten Bogor,Nanggung,Malasari
32.01.21.2002,Jawa Barat,Kabupaten Bogor,Nanggung,Curugbitung
32.01.21.2003,Jawa Barat,Kabupaten Bogor,Nanggung,Cisarua
32.01.21.2004,Jawa Barat,Kabupaten Bogor,Nanggung,Bantarkaret
32.01.21.2005,Jawa Barat,Kabupaten Bogor,Nanggung,Hambaro
32.01.21.2006,Jawa Barat,Kabupaten Bogor,Nanggung,Kalongliud
32.01.21.2007,Jawa Barat,Kabupaten Bogor,Nanggung,Nanggung
32.01.21.2008,Jawa Barat,Kabupaten Bogor,Nanggung,Parakanmuncang
32.01.21.2009,Jawa Barat,Kabupaten Bogor,Nanggung,Pangkaljaya
32.01.21.2010,Jawa Barat,Kabupaten Bogor,Nanggung,Sukaluyu
32.01.21.2011,Jawa Barat,Kabupaten Bogor,Nanggung,Batu Tulis
32.01.22.2001,Jawa Barat,Kabupaten Bogor,Cigudeg,Sukamaju
32.01.22.2002,Jawa Barat,Kabupaten Bogor,Cigudeg,Cigudeg
32.01.22.2003,Jawa Barat,Kabupaten Bogor,Cigudeg,Bunar
32.01.22.2004,Jawa Barat,Kabupaten Bogor,Cigudeg,Banyuresmi
32.01.22.2005,Jawa Barat,Kabupaten Bogor,Cigudeg,Cintamanik
32.01.22.2006,Jawa Barat,Kabupaten Bogor,Cigudeg,Argapura
32.01.22.2007,Jawa Barat,Kabupaten Bogor,Cigudeg,Bangunjaya
32.01.22.2008,Jawa Barat,Kabupaten Bogor,Cigudeg,Rengasjajar
32.01.22.2009,Jawa Barat,Kabupaten Bogor,Cigudeg,Batujajar
32.01.22.2010,Jawa Barat,Kabupaten Bogor,Cigudeg,Wargajaya
32.01.22.2011,Jawa Barat,Kabupaten Bogor,Cigudeg,Sukaraksa
32.01.22.2012,Jawa Barat,Kabupaten Bogor,Cigudeg,Banyuwangi
32.01.22.2013,Jawa Barat,Kabupaten Bogor,Cigudeg,Banyuasih
32.01.22.2014,Jawa Barat,Kabupaten Bogor,Cigudeg,Mekarjaya
32.01.22.2015,Jawa Barat,Kabupaten Bogor,Cigudeg,Tegallega
32.01.23.2001,Jawa Barat,Kabupaten Bogor,Tenjo,Tapos
32.01.23.2002,Jawa Barat,Kabupaten Bogor,Tenjo,Ciomas
32.01.23.2003,Jawa Barat,Kabupaten Bogor,Tenjo,Batok
32.01.23.2004,Jawa Barat,Kabupaten Bogor,Tenjo,Babakan
32.01.23.2005,Jawa Barat,Kabupaten Bogor,Tenjo,Tenjo
32.01.23.2006,Jawa Barat,Kabupaten Bogor,Tenjo,Cilaku
32.01.23.2007,Jawa Barat,Kabupaten Bogor,Tenjo,Singabraja
32.01.23.2008,Jawa Barat,Kabupaten Bogor,Tenjo,Singabangsa
32.01.23.2009,Jawa Barat,Kabupaten Bogor,Tenjo,Bojong
32.01.24.2001,Jawa Barat,Kabupaten Bogor,Ciawi,Cileungsi
32.01.24.2002,Jawa Barat,Kabupaten Bogor,Ciawi,Citapen
32.01.24.2003,Jawa Barat,Kabupaten Bogor,Ciawi,Cibedug
32.01.24.2004,Jawa Barat,Kabupaten Bogor,Ciawi,Jambuluwuk
32.01.24.2005,Jawa Barat,Kabupaten Bogor,Ciawi,Banjarsari
32.01.24.2006,Jawa Barat,Kabupaten Bogor,Ciawi,Telukpinang
32.01.24.2007,Jawa Barat,Kabupaten Bogor,Ciawi,Banjarwaru
32.01.24.2008,Jawa Barat,Kabupaten Bogor,Ciawi,Bendungan
32.01.24.2009,Jawa Barat,Kabupaten Bogor,Ciawi,Pandansari
32.01.24.2010,Jawa Barat,Kabupaten Bogor,Ciawi,Bojongmurni
32.01.24.2011,Jawa Barat,Kabupaten Bogor,Ciawi,Banjarwangi
32.01.24.2012,Jawa Barat,Kabupaten Bogor,Ciawi,Ciawi
32.01.24.2013,Jawa Barat,Kabupaten Bogor,Ciawi,Bitungsari
32.01.25.1010,Jawa Barat,Kabupaten Bogor,Cisarua,Cisarua
32.01.25.2001,Jawa Barat,Kabupaten Bogor,Cisarua,Batulayang
32.01.25.2002,Jawa Barat,Kabupaten Bogor,Cisarua,Jogjogan
32.01.25.2003,Jawa Barat,Kabupaten Bogor,Cisarua,Cibeureum
32.01.25.2004,Jawa Barat,Kabupaten Bogor,Cisarua,Cilember
32.01.25.2005,Jawa Barat,Kabupaten Bogor,Cisarua,Citeko
32.01.25.2006,Jawa Barat,Kabupaten Bogor,Cisarua,Tugu Selatan
32.01.25.2007,Jawa Barat,Kabupaten Bogor,Cisarua,Leuwimalang
32.01.25.2008,Jawa Barat,Kabupaten Bogor,Cisarua,Kopo
32.01.25.2009,Jawa Barat,Kabupaten Bogor,Cisarua,Tugu Utara
32.01.26.2001,Jawa Barat,Kabupaten Bogor,Megamendung,Sukamaju
32.01.26.2002,Jawa Barat,Kabupaten Bogor,Megamendung,Kuta
32.01.26.2003,Jawa Barat,Kabupaten Bogor,Megamendung,Gadog
32.01.26.2004,Jawa Barat,Kabupaten Bogor,Megamendung,Sukakarya
32.01.26.2005,Jawa Barat,Kabupaten Bogor,Megamendung,Megamendung
32.01.26.2006,Jawa Barat,Kabupaten Bogor,Megamendung,Cipayung
32.01.26.2007,Jawa Barat,Kabupaten Bogor,Megamendung,Sukamanah
32.01.26.2008,Jawa Barat,Kabupaten Bogor,Megamendung,Sukagalih
32.01.26.2009,Jawa Barat,Kabupaten Bogor,Megamendung,Cipayung Girang
32.01.26.2010,Jawa Barat,Kabupaten Bogor,Megamendung,Sukamahi
32.01.26.2011,Jawa Barat,Kabupaten Bogor,Megamendung,Sukaresmi
32.01.26.2012,Jawa Barat,Kabupaten Bogor,Megamendung,Pasir Angin
32.01.27.2001,Jawa Barat,Kabupaten Bogor,Caringin,Pasirmuncang
32.01.27.2002,Jawa Barat,Kabupaten Bogor,Caringin,Cimande Hilir
32.01.27.2003,Jawa Barat,Kabupaten Bogor,Caringin,Ciderum
32.01.27.2004,Jawa Barat,Kabupaten Bogor,Caringin,Caringin
32.01.27.2005,Jawa Barat,Kabupaten Bogor,Caringin,Ciherang Pondok
32.01.27.2006,Jawa Barat,Kabupaten Bogor,Caringin,Cinagara
32.01.27.2007,Jawa Barat,Kabupaten Bogor,Caringin,Cimande
32.01.27.2008,Jawa Barat,Kabupaten Bogor,Caringin,Pancawati
32.01.27.2009,Jawa Barat,Kabupaten Bogor,Caringin,Muarajaya
32.01.27.2010,Jawa Barat,Kabupaten Bogor,Caringin,Pasirbuncir
32.01.27.2011,Jawa Barat,Kabupaten Bogor,Caringin,Lemah Duhur
32.01.27.2012,Jawa Barat,Kabupaten Bogor,Caringin,Tangkil
32.01.28.2001,Jawa Barat,Kabupaten Bogor,Cijeruk,Cijeruk
32.01.28.2002,Jawa Barat,Kabupaten Bogor,Cijeruk,Cipelang
32.01.28.2003,Jawa Barat,Kabupaten Bogor,Cijeruk,Warungmenteng
32.01.28.2004,Jawa Barat,Kabupaten Bogor,Cijeruk,Tajurhalang
32.01.28.2005,Jawa Barat,Kabupaten Bogor,Cijeruk,Cipicung
32.01.28.2006,Jawa Barat,Kabupaten Bogor,Cijeruk,Cibalung
32.01.28.2007,Jawa Barat,Kabupaten Bogor,Cijeruk,Sukaharja
32.01.28.2008,Jawa Barat,Kabupaten Bogor,Cijeruk,Palasari
32.01.28.2009,Jawa Barat,Kabupaten Bogor,Cijeruk,Tanjungsari
32.01.29.1003,Jawa Barat,Kabupaten Bogor,Ciomas,Padasuka
32.01.29.2001,Jawa Barat,Kabupaten Bogor,Ciomas,Mekarjaya
32.01.29.2002,Jawa Barat,Kabupaten Bogor,Ciomas,Sukaharja
32.01.29.2004,Jawa Barat,Kabupaten Bogor,Ciomas,Parakan
32.01.29.2005,Jawa Barat,Kabupaten Bogor,Ciomas,Ciomas
32.01.29.2006,Jawa Barat,Kabupaten Bogor,Ciomas,Pagelaran
32.01.29.2007,Jawa Barat,Kabupaten Bogor,Ciomas,Sukamakmur
32.01.29.2008,Jawa Barat,Kabupaten Bogor,Ciomas,Ciapus
32.01.29.2009,Jawa Barat,Kabupaten Bogor,Ciomas,Kotabatu
32.01.29.2010,Jawa Barat,Kabupaten Bogor,Ciomas,Laladon
32.01.29.2011,Jawa Barat,Kabupaten Bogor,Ciomas,Ciomas Rahayu
32.01.30.2001,Jawa Barat,Kabupaten Bogor,Dramaga,Sukadamai
32.01.30.2002,Jawa Barat,Kabupaten Bogor,Dramaga,Ciherang
32.01.30.2003,Jawa Barat,Kabupaten Bogor,Dramaga,Sinarsari
32.01.30.2004,Jawa Barat,Kabupaten Bogor,Dramaga,Sukawening
32.01.30.2005,Jawa Barat,Kabupaten Bogor,Dramaga,Petir
32.01.30.2006,Jawa Barat,Kabupaten Bogor,Dramaga,Purwasari
32.01.30.2007,Jawa Barat,Kabupaten Bogor,Dramaga,Cikarawang
32.01.30.2008,Jawa Barat,Kabupaten Bogor,Dramaga,Babakan
32.01.30.2009,Jawa Barat,Kabupaten Bogor,Dramaga,Dramaga
32.01.30.2010,Jawa Barat,Kabupaten Bogor,Dramaga,Neglasari
32.01.31.2001,Jawa Barat,Kabupaten Bogor,Tamansari,Sukamantri
32.01.31.2002,Jawa Barat,Kabupaten Bogor,Tamansari,Sirnagalih
32.01.31.2003,Jawa Barat,Kabupaten Bogor,Tamansari,Pasir Eurih
32.01.31.2004,Jawa Barat,Kabupaten Bogor,Tamansari,Tamansari
32.01.31.2005,Jawa Barat,Kabupaten Bogor,Tamansari,Sukaluyu
32.01.31.2006,Jawa Barat,Kabupaten Bogor,Tamansari,Sukaresmi
32.01.31.2007,Jawa Barat,Kabupaten Bogor,Tamansari,Sukajaya
32.01.31.2008,Jawa Barat,Kabupaten Bogor,Tamansari,Sukajadi
32.01.32.2001,Jawa Barat,Kabupaten Bogor,Klapanunggal,Klapanunggal
32.01.32.2002,Jawa Barat,Kabupaten Bogor,Klapanunggal,Bojong
32.01.32.2003,Jawa Barat,Kabupaten Bogor,Klapanunggal,Nambo
32.01.32.2004,Jawa Barat,Kabupaten Bogor,Klapanunggal,Lulut
32.01.32.2005,Jawa Barat,Kabupaten Bogor,Klapanunggal,Cikahuripan
32.01.32.2006,Jawa Barat,Kabupaten Bogor,Klapanunggal,Kembangkuning
32.01.32.2007,Jawa Barat,Kabupaten Bogor,Klapanunggal,Bantarjati
32.01.32.2008,Jawa Barat,Kabupaten Bogor,Klapanunggal,Leuwikaret
32.01.32.2009,Jawa Barat,Kabupaten Bogor,Klapanunggal,Ligarmukti
32.01.33.2001,Jawa Barat,Kabupaten Bogor,Ciseeng,Putat Nutug
32.01.33.2002,Jawa Barat,Kabupaten Bogor,Ciseeng,Ciseeng
32.01.33.2003,Jawa Barat,Kabupaten Bogor,Ciseeng,Parigi Mekar
32.01.33.2004,Jawa Barat,Kabupaten Bogor,Ciseeng,Cibentang
32.01.33.2005,Jawa Barat,Kabupaten Bogor,Ciseeng,Cibeuteung Udik
32.01.33.2006,Jawa Barat,Kabupaten Bogor,Ciseeng,Karihkil
32.01.33.2007,Jawa Barat,Kabupaten Bogor,Ciseeng,Babakan
32.01.33.2008,Jawa Barat,Kabupaten Bogor,Ciseeng,Cihowe
32.01.33.2009,Jawa Barat,Kabupaten Bogor,Ciseeng,Cibeuteung Muara
32.01.33.2010,Jawa Barat,Kabupaten Bogor,Ciseeng,Kuripan
32.01.34.2001,Jawa Barat,Kabupaten Bogor,Rancabungur,Bantarjaya
32.01.34.2002,Jawa Barat,Kabupaten Bogor,Rancabungur,Bantarsari
32.01.34.2003,Jawa Barat,Kabupaten Bogor,Rancabungur,Pasirgaok
32.01.34.2004,Jawa Barat,Kabupaten Bogor,Rancabungur,Rancabungur
32.01.34.2005,Jawa Barat,Kabupaten Bogor,Rancabungur,Mekarsari
32.01.34.2006,Jawa Barat,Kabupaten Bogor,Rancabungur,Candali
32.01.34.2007,Jawa Barat,Kabupaten Bogor,Rancabungur,Cimulang
32.01.35.2001,Jawa Barat,Kabupaten Bogor,Sukajaya,Cisarua
32.01.35.2002,Jawa Barat,Kabupaten Bogor,Sukajaya,Kiarasari
32.01.35.2003,Jawa Barat,Kabupaten Bogor,Sukajaya,Sukajaya
32.01.35.2004,Jawa Barat,Kabupaten Bogor,Sukajaya,Sipayung
32.01.35.2005,Jawa Barat,Kabupaten Bogor,Sukajaya,Cileuksa
32.01.35.2006,Jawa Barat,Kabupaten Bogor,Sukajaya,Kiarapandak
32.01.35.2007,Jawa Barat,Kabupaten Bogor,Sukajaya,Harkatjaya
32.01.35.2008,Jawa Barat,Kabupaten Bogor,Sukajaya,Sukamulih
32.01.35.2009,Jawa Barat,Kabupaten Bogor,Sukajaya,Pasir Madang
32.01.35.2010,Jawa Barat,Kabupaten Bogor,Sukajaya,Urug
32.01.35.2011,Jawa Barat,Kabupaten Bogor,Sukajaya,Jayaraharja
32.01.36.2001,Jawa Barat,Kabupaten Bogor,Tanjungsari,Tanjungsari
32.01.36.2002,Jawa Barat,Kabupaten Bogor,Tanjungsari,Selawangi
32.01.36.2003,Jawa Barat,Kabupaten Bogor,Tanjungsari,Tanjungrasa
32.01.36.2004,Jawa Barat,Kabupaten Bogor,Tanjungsari,Antajaya
32.01.36.2005,Jawa Barat,Kabupaten Bogor,Tanjungsari,Pasirtanjung
32.01.36.2006,Jawa Barat,Kabupaten Bogor,Tanjungsari,Cibadak
32.01.36.2007,Jawa Barat,Kabupaten Bogor,Tanjungsari,Sukarasa
32.01.36.2008,Jawa Barat,Kabupaten Bogor,Tanjungsari,Sirnasari
32.01.36.2009,Jawa Barat,Kabupaten Bogor,Tanjungsari,Buanajaya
32.01.36.2010,Jawa Barat,Kabupaten Bogor,Tanjungsari,Sirnarasa
32.01.37.2001,Jawa Barat,Kabupaten Bogor,Tajurhalang,Tajurhalang
32.01.37.2002,Jawa Barat,Kabupaten Bogor,Tajurhalang,Citayam
32.01.37.2003,Jawa Barat,Kabupaten Bogor,Tajurhalang,Sasak Panjang
32.01.37.2004,Jawa Barat,Kabupaten Bogor,Tajurhalang,Nanggerang
32.01.37.2005,Jawa Barat,Kabupaten Bogor,Tajurhalang,Sukmajaya
32.01.37.2006,Jawa Barat,Kabupaten Bogor,Tajurhalang,Tonjong
32.01.37.2007,Jawa Barat,Kabupaten Bogor,Tajurhalang,Kalisuren
32.01.38.2001,Jawa Barat,Kabupaten Bogor,Cigombong,Cigombong
32.01.38.2002,Jawa Barat,Kabupaten Bogor,Cigombong,Wates Jaya
32.01.38.2003,Jawa Barat,Kabupaten Bogor,Cigombong,Ciburuy
32.01.38.2004,Jawa Barat,Kabupaten Bogor,Cigombong,Srogol
32.01.38.2005,Jawa Barat,Kabupaten Bogor,Cigombong,Cisalada
32.01.38.2006,Jawa Barat,Kabupaten Bogor,Cigombong,Tugujaya
32.01.38.2007,Jawa Barat,Kabupaten Bogor,Cigombong,Pasirjaya
32.01.38.2008,Jawa Barat,Kabupaten Bogor,Cigombong,Ciburayut
32.01.38.2009,Jawa Barat,Kabupaten Bogor,Cigombong,Ciadeg
32.01.39.2001,Jawa Barat,Kabupaten Bogor,Leuwisadeng,Leuwisadeng
32.01.39.2002,Jawa Barat,Kabupaten Bogor,Leuwisadeng,Babakan Sadeng
32.01.39.2003,Jawa Barat,Kabupaten Bogor,Leuwisadeng,Sadengkolot
32.01.39.2004,Jawa Barat,Kabupaten Bogor,Leuwisadeng,Wangunjaya
32.01.39.2005,Jawa Barat,Kabupaten Bogor,Leuwisadeng,Kalong I
32.01.39.2006,Jawa Barat,Kabupaten Bogor,Leuwisadeng,Kalong II
32.01.39.2007,Jawa Barat,Kabupaten Bogor,Leuwisadeng,Sadeng
32.01.39.2008,Jawa Barat,Kabupaten Bogor,Leuwisadeng,Sibanteng
32.01.40.2001,Jawa Barat,Kabupaten Bogor,Tenjolaya,Tapos I
32.01.40.2002,Jawa Barat,Kabupaten Bogor,Tenjolaya,Tapos II
32.01.40.2003,Jawa Barat,Kabupaten Bogor,Tenjolaya,Cibitung Tengah
32.01.40.2004,Jawa Barat,Kabupaten Bogor,Tenjolaya,Situdaun
32.01.40.2005,Jawa Barat,Kabupaten Bogor,Tenjolaya,Cinangneng
32.01.40.2006,Jawa Barat,Kabupaten Bogor,Tenjolaya,Gunung Malang
32.01.40.2007,Jawa Barat,Kabupaten Bogor,Tenjolaya,Gunung Mulya
32.02.01.1001,Jawa Barat,Kabupaten Sukabumi,Palabuhanratu,Palabuhanratu
32.02.01.2002,Jawa Barat,Kabupaten Sukabumi,Palabuhanratu,Tonjong
32.02.01.2003,Jawa Barat,Kabupaten Sukabumi,Palabuhanratu,Citepus
32.02.01.2004,Jawa Barat,Kabupaten Sukabumi,Palabuhanratu,Buniwangi
32.02.01.2005,Jawa Barat,Kabupaten Sukabumi,Palabuhanratu,Cibodas
32.02.01.2006,Jawa Barat,Kabupaten Sukabumi,Palabuhanratu,Pasirsuren
32.02.01.2007,Jawa Barat,Kabupaten Sukabumi,Palabuhanratu,Cikadu
32.02.01.2008,Jawa Barat,Kabupaten Sukabumi,Palabuhanratu,Citarik
32.02.01.2009,Jawa Barat,Kabupaten Sukabumi,Palabuhanratu,Cimanggu
32.02.01.2010,Jawa Barat,Kabupaten Sukabumi,Palabuhanratu,Jayanti
32.02.02.2001,Jawa Barat,Kabupaten Sukabumi,Simpenan,Cidadap
32.02.02.2002,Jawa Barat,Kabupaten Sukabumi,Simpenan,Loji
32.02.02.2003,Jawa Barat,Kabupaten Sukabumi,Simpenan,Kertajaya
32.02.02.2004,Jawa Barat,Kabupaten Sukabumi,Simpenan,Cihaur
32.02.02.2005,Jawa Barat,Kabupaten Sukabumi,Simpenan,Cibuntu
32.02.02.2006,Jawa Barat,Kabupaten Sukabumi,Simpenan,Mekarasih
32.02.02.2007,Jawa Barat,Kabupaten Sukabumi,Simpenan,Sangrawayang
32.02.03.2001,Jawa Barat,Kabupaten Sukabumi,Cikakak,Cikakak
32.02.03.2002,Jawa Barat,Kabupaten Sukabumi,Cikakak,Cimaja
32.02.03.2003,Jawa Barat,Kabupaten Sukabumi,Cikakak,Ridogalih
32.02.03.2004,Jawa Barat,Kabupaten Sukabumi,Cikakak,Sukamaju
32.02.03.2005,Jawa Barat,Kabupaten Sukabumi,Cikakak,Cileungsing
32.02.03.2006,Jawa Barat,Kabupaten Sukabumi,Cikakak,Margalaksana
32.02.03.2007,Jawa Barat,Kabupaten Sukabumi,Cikakak,Sirnarasa
32.02.03.2008,Jawa Barat,Kabupaten Sukabumi,Cikakak,Gandasoli
32.02.03.2009,Jawa Barat,Kabupaten Sukabumi,Cikakak,Cirendang
32.02.04.2001,Jawa Barat,Kabupaten Sukabumi,Bantargadung,Bantargadung
32.02.04.2002,Jawa Barat,Kabupaten Sukabumi,Bantargadung,Mangunjaya
32.02.04.2003,Jawa Barat,Kabupaten Sukabumi,Bantargadung,Bojonggaling
32.02.04.2004,Jawa Barat,Kabupaten Sukabumi,Bantargadung,Limusnunggal
32.02.04.2005,Jawa Barat,Kabupaten Sukabumi,Bantargadung,Bantargebang
32.02.04.2006,Jawa Barat,Kabupaten Sukabumi,Bantargadung,Buanajaya
32.02.04.2007,Jawa Barat,Kabupaten Sukabumi,Bantargadung,Boyongsari
32.02.05.2001,Jawa Barat,Kabupaten Sukabumi,Cisolok,Cisolok
32.02.05.2002,Jawa Barat,Kabupaten Sukabumi,Cisolok,Pasirbaru
32.02.05.2003,Jawa Barat,Kabupaten Sukabumi,Cisolok,Cikahuripan
32.02.05.2004,Jawa Barat,Kabupaten Sukabumi,Cisolok,Cikelat
32.02.05.2005,Jawa Barat,Kabupaten Sukabumi,Cisolok,Caringin
32.02.05.2006,Jawa Barat,Kabupaten Sukabumi,Cisolok,Gunungkaramat
32.02.05.2007,Jawa Barat,Kabupaten Sukabumi,Cisolok,Gunungtanjung
32.02.05.2008,Jawa Barat,Kabupaten Sukabumi,Cisolok,Karangpapak
32.02.05.2009,Jawa Barat,Kabupaten Sukabumi,Cisolok,Sirnaresmi
32.02.05.2010,Jawa Barat,Kabupaten Sukabumi,Cisolok,Cicadas
32.02.05.2011,Jawa Barat,Kabupaten Sukabumi,Cisolok,Wanajaya
32.02.05.2012,Jawa Barat,Kabupaten Sukabumi,Cisolok,Wangunsari
32.02.05.2013,Jawa Barat,Kabupaten Sukabumi,Cisolok,Sukarame
32.02.06.2001,Jawa Barat,Kabupaten Sukabumi,Cikidang,Cikidang
32.02.06.2002,Jawa Barat,Kabupaten Sukabumi,Cikidang,Cikiray
32.02.06.2003,Jawa Barat,Kabupaten Sukabumi,Cikidang,Gunungmalang
32.02.06.2004,Jawa Barat,Kabupaten Sukabumi,Cikidang,Pangkalan
32.02.06.2005,Jawa Barat,Kabupaten Sukabumi,Cikidang,Cicareuh
32.02.06.2006,Jawa Barat,Kabupaten Sukabumi,Cikidang,Tamansari
32.02.06.2007,Jawa Barat,Kabupaten Sukabumi,Cikidang,Bumisari
32.02.06.2008,Jawa Barat,Kabupaten Sukabumi,Cikidang,Sampora
32.02.06.2009,Jawa Barat,Kabupaten Sukabumi,Cikidang,Nangkakoneng
32.02.06.2010,Jawa Barat,Kabupaten Sukabumi,Cikidang,Mekarnangka
32.02.06.2011,Jawa Barat,Kabupaten Sukabumi,Cikidang,Cijambe
32.02.06.2012,Jawa Barat,Kabupaten Sukabumi,Cikidang,Cikarae Thoyyibah
32.02.07.2001,Jawa Barat,Kabupaten Sukabumi,Lengkong,Lengkong
32.02.07.2002,Jawa Barat,Kabupaten Sukabumi,Lengkong,Cilangkap
32.02.07.2003,Jawa Barat,Kabupaten Sukabumi,Lengkong,Tegallega
32.02.07.2004,Jawa Barat,Kabupaten Sukabumi,Lengkong,Neglasari
32.02.07.2005,Jawa Barat,Kabupaten Sukabumi,Lengkong,Langkapjaya
32.02.08.2001,Jawa Barat,Kabupaten Sukabumi,Jampangtengah,Jampangtengah
32.02.08.2002,Jawa Barat,Kabupaten Sukabumi,Jampangtengah,Padabeunghar
32.02.08.2003,Jawa Barat,Kabupaten Sukabumi,Jampangtengah,Bantarpanjang
32.02.08.2004,Jawa Barat,Kabupaten Sukabumi,Jampangtengah,Bojongjengkol
32.02.08.2005,Jawa Barat,Kabupaten Sukabumi,Jampangtengah,Nangerang
32.02.08.2006,Jawa Barat,Kabupaten Sukabumi,Jampangtengah,Tanjungsari
32.02.08.2007,Jawa Barat,Kabupaten Sukabumi,Jampangtengah,Sindangresmi
32.02.08.2008,Jawa Barat,Kabupaten Sukabumi,Jampangtengah,Panumbangan
32.02.08.2009,Jawa Barat,Kabupaten Sukabumi,Jampangtengah,Cijulang
32.02.08.2010,Jawa Barat,Kabupaten Sukabumi,Jampangtengah,Bantaragung
32.02.08.2011,Jawa Barat,Kabupaten Sukabumi,Jampangtengah,Bojongtipar
32.02.09.2001,Jawa Barat,Kabupaten Sukabumi,Warungkiara,Warungkiara
32.02.09.2002,Jawa Barat,Kabupaten Sukabumi,Warungkiara,Bojongkerta
32.02.09.2003,Jawa Barat,Kabupaten Sukabumi,Warungkiara,Girijaya
32.02.09.2004,Jawa Barat,Kabupaten Sukabumi,Warungkiara,Bantarkalong
32.02.09.2005,Jawa Barat,Kabupaten Sukabumi,Warungkiara,Hegarmanah
32.02.09.2006,Jawa Barat,Kabupaten Sukabumi,Warungkiara,Ubrug
32.02.09.2007,Jawa Barat,Kabupaten Sukabumi,Warungkiara,Sirnajaya
32.02.09.2008,Jawa Barat,Kabupaten Sukabumi,Warungkiara,Sukaharja
32.02.09.2009,Jawa Barat,Kabupaten Sukabumi,Warungkiara,Kertamukti
32.02.09.2010,Jawa Barat,Kabupaten Sukabumi,Warungkiara,Mekarjaya
32.02.09.2011,Jawa Barat,Kabupaten Sukabumi,Warungkiara,Damarraja
32.02.09.2012,Jawa Barat,Kabupaten Sukabumi,Warungkiara,Tarisi
32.02.10.2001,Jawa Barat,Kabupaten Sukabumi,Cikembar,Cikembar
32.02.10.2002,Jawa Barat,Kabupaten Sukabumi,Cikembar,Parakanlima
32.02.10.2003,Jawa Barat,Kabupaten Sukabumi,Cikembar,Bojong
32.02.10.2004,Jawa Barat,Kabupaten Sukabumi,Cikembar,Cimanggu
32.02.10.2005,Jawa Barat,Kabupaten Sukabumi,Cikembar,Bojongkembar
32.02.10.2006,Jawa Barat,Kabupaten Sukabumi,Cikembar,Sukamaju
32.02.10.2007,Jawa Barat,Kabupaten Sukabumi,Cikembar,Cibatu
32.02.10.2008,Jawa Barat,Kabupaten Sukabumi,Cikembar,Kertaraharja
32.02.10.2009,Jawa Barat,Kabupaten Sukabumi,Cikembar,Sukamulya
32.02.10.2010,Jawa Barat,Kabupaten Sukabumi,Cikembar,Bojongraharja
32.02.11.1001,Jawa Barat,Kabupaten Sukabumi,Cibadak,Cibadak
32.02.11.2002,Jawa Barat,Kabupaten Sukabumi,Cibadak,Sekarwangi
32.02.11.2003,Jawa Barat,Kabupaten Sukabumi,Cibadak,Pamuruyan
32.02.11.2004,Jawa Barat,Kabupaten Sukabumi,Cibadak,Karangtengah
32.02.11.2005,Jawa Barat,Kabupaten Sukabumi,Cibadak,Neglasari
32.02.11.2006,Jawa Barat,Kabupaten Sukabumi,Cibadak,Warnajati
32.02.11.2007,Jawa Barat,Kabupaten Sukabumi,Cibadak,Tenjojaya
32.02.11.2008,Jawa Barat,Kabupaten Sukabumi,Cibadak,Ciheulang Tonggoh
32.02.11.2009,Jawa Barat,Kabupaten Sukabumi,Cibadak,Sukasirna
32.02.11.2010,Jawa Barat,Kabupaten Sukabumi,Cibadak,Batununggal
32.02.12.2001,Jawa Barat,Kabupaten Sukabumi,Nagrak,Kalaparea
32.02.12.2002,Jawa Barat,Kabupaten Sukabumi,Nagrak,Pawenang
32.02.12.2003,Jawa Barat,Kabupaten Sukabumi,Nagrak,Nagrak Utara
32.02.12.2004,Jawa Barat,Kabupaten Sukabumi,Nagrak,Cisarua
32.02.12.2009,Jawa Barat,Kabupaten Sukabumi,Nagrak,Balekambang
32.02.12.2010,Jawa Barat,Kabupaten Sukabumi,Nagrak,Babakan Panjang
32.02.12.2011,Jawa Barat,Kabupaten Sukabumi,Nagrak,Darmareja
32.02.12.2012,Jawa Barat,Kabupaten Sukabumi,Nagrak,Cihanyawar
32.02.12.2013,Jawa Barat,Kabupaten Sukabumi,Nagrak,Nagrak Selatan
32.02.12.2014,Jawa Barat,Kabupaten Sukabumi,Nagrak,Girijaya
32.02.13.2001,Jawa Barat,Kabupaten Sukabumi,Parungkuda,Parungkuda
32.02.13.2002,Jawa Barat,Kabupaten Sukabumi,Parungkuda,Palasari Hilir
32.02.13.2003,Jawa Barat,Kabupaten Sukabumi,Parungkuda,Kompa
32.02.13.2004,Jawa Barat,Kabupaten Sukabumi,Parungkuda,Pondokkaso Landeuh
32.02.13.2005,Jawa Barat,Kabupaten Sukabumi,Parungkuda,Sundawenang
32.02.13.2006,Jawa Barat,Kabupaten Sukabumi,Parungkuda,Bojongkokosan
32.02.13.2007,Jawa Barat,Kabupaten Sukabumi,Parungkuda,Langesari
32.02.13.2008,Jawa Barat,Kabupaten Sukabumi,Parungkuda,Babakanjaya
32.02.14.2001,Jawa Barat,Kabupaten Sukabumi,Bojonggenteng,Bojonggenteng
32.02.14.2002,Jawa Barat,Kabupaten Sukabumi,Bojonggenteng,Cibodas
32.02.14.2003,Jawa Barat,Kabupaten Sukabumi,Bojonggenteng,Berekah
32.02.14.2004,Jawa Barat,Kabupaten Sukabumi,Bojonggenteng,Cipanengah
32.02.14.2005,Jawa Barat,Kabupaten Sukabumi,Bojonggenteng,Bojonggaling
32.02.15.2001,Jawa Barat,Kabupaten Sukabumi,Parakansalak,Parakansalak
32.02.15.2002,Jawa Barat,Kabupaten Sukabumi,Parakansalak,Bojonglongok
32.02.15.2003,Jawa Barat,Kabupaten Sukabumi,Parakansalak,Sukakersa
32.02.15.2004,Jawa Barat,Kabupaten Sukabumi,Parakansalak,Sukatani
32.02.15.2005,Jawa Barat,Kabupaten Sukabumi,Parakansalak,Bojongasih
32.02.15.2006,Jawa Barat,Kabupaten Sukabumi,Parakansalak,Lebaksari
32.02.16.1001,Jawa Barat,Kabupaten Sukabumi,Cicurug,Cicurug
32.02.16.2002,Jawa Barat,Kabupaten Sukabumi,Cicurug,Nyangkowek
32.02.16.2003,Jawa Barat,Kabupaten Sukabumi,Cicurug,Tenjolaya
32.02.16.2004,Jawa Barat,Kabupaten Sukabumi,Cicurug,Benda
32.02.16.2005,Jawa Barat,Kabupaten Sukabumi,Cicurug,Pasawahan
32.02.16.2006,Jawa Barat,Kabupaten Sukabumi,Cicurug,Cisaat
32.02.16.2007,Jawa Barat,Kabupaten Sukabumi,Cicurug,Purwasari
32.02.16.2008,Jawa Barat,Kabupaten Sukabumi,Cicurug,Caringin
32.02.16.2009,Jawa Barat,Kabupaten Sukabumi,Cicurug,Tenjoayu
32.02.16.2010,Jawa Barat,Kabupaten Sukabumi,Cicurug,Kutajaya
32.02.16.2011,Jawa Barat,Kabupaten Sukabumi,Cicurug,Mekarsari
32.02.16.2012,Jawa Barat,Kabupaten Sukabumi,Cicurug,Bangbayang
32.02.16.2013,Jawa Barat,Kabupaten Sukabumi,Cicurug,Nanggerang
32.02.17.2001,Jawa Barat,Kabupaten Sukabumi,Cidahu,Pondokkaso Tonggoh
32.02.17.2002,Jawa Barat,Kabupaten Sukabumi,Cidahu,Babakanpari
32.02.17.2003,Jawa Barat,Kabupaten Sukabumi,Cidahu,Pondokkaso Tengah
32.02.17.2004,Jawa Barat,Kabupaten Sukabumi,Cidahu,Cidahu
32.02.17.2005,Jawa Barat,Kabupaten Sukabumi,Cidahu,Tangkil
32.02.17.2006,Jawa Barat,Kabupaten Sukabumi,Cidahu,Jayabakti
32.02.17.2007,Jawa Barat,Kabupaten Sukabumi,Cidahu,Girijaya
32.02.17.2008,Jawa Barat,Kabupaten Sukabumi,Cidahu,Pasirdoton
32.02.18.2001,Jawa Barat,Kabupaten Sukabumi,Kalapanunggal,Kalapanunggal
32.02.18.2002,Jawa Barat,Kabupaten Sukabumi,Kalapanunggal,Palasari Girang
32.02.18.2003,Jawa Barat,Kabupaten Sukabumi,Kalapanunggal,Pulosari
32.02.18.2004,Jawa Barat,Kabupaten Sukabumi,Kalapanunggal,Makasari
32.02.18.2005,Jawa Barat,Kabupaten Sukabumi,Kalapanunggal,Kadununggal
32.02.18.2006,Jawa Barat,Kabupaten Sukabumi,Kalapanunggal,Walangsari
32.02.18.2007,Jawa Barat,Kabupaten Sukabumi,Kalapanunggal,Gunungendut
32.02.19.2001,Jawa Barat,Kabupaten Sukabumi,Kabandungan,Kabandungan
32.02.19.2002,Jawa Barat,Kabupaten Sukabumi,Kabandungan,Cipeuteuy
32.02.19.2003,Jawa Barat,Kabupaten Sukabumi,Kabandungan,Cihamerang
32.02.19.2004,Jawa Barat,Kabupaten Sukabumi,Kabandungan,Tugubandung
32.02.19.2005,Jawa Barat,Kabupaten Sukabumi,Kabandungan,Mekarjaya
32.02.19.2006,Jawa Barat,Kabupaten Sukabumi,Kabandungan,Cianaga
32.02.20.2001,Jawa Barat,Kabupaten Sukabumi,Waluran,Waluran
32.02.20.2002,Jawa Barat,Kabupaten Sukabumi,Waluran,Sukamukti
32.02.20.2003,Jawa Barat,Kabupaten Sukabumi,Waluran,Caringinnunggal
32.02.20.2004,Jawa Barat,Kabupaten Sukabumi,Waluran,Mekarmukti
32.02.20.2005,Jawa Barat,Kabupaten Sukabumi,Waluran,Mangunjaya
32.02.20.2006,Jawa Barat,Kabupaten Sukabumi,Waluran,Waluran Mandiri
32.02.21.1001,Jawa Barat,Kabupaten Sukabumi,Jampangkulon,Jampangkulon
32.02.21.2002,Jawa Barat,Kabupaten Sukabumi,Jampangkulon,Bojonggenteng
32.02.21.2003,Jawa Barat,Kabupaten Sukabumi,Jampangkulon,Cikarang
32.02.21.2005,Jawa Barat,Kabupaten Sukabumi,Jampangkulon,Bojongsari
32.02.21.2007,Jawa Barat,Kabupaten Sukabumi,Jampangkulon,Nagraksari
32.02.21.2008,Jawa Barat,Kabupaten Sukabumi,Jampangkulon,Mekarjaya
32.02.21.2009,Jawa Barat,Kabupaten Sukabumi,Jampangkulon,Tanjung
32.02.21.2011,Jawa Barat,Kabupaten Sukabumi,Jampangkulon,Ciparay
32.02.21.2013,Jawa Barat,Kabupaten Sukabumi,Jampangkulon,Padajaya
32.02.21.2014,Jawa Barat,Kabupaten Sukabumi,Jampangkulon,Karanganyar
32.02.21.2016,Jawa Barat,Kabupaten Sukabumi,Jampangkulon,Cikaranggeusan
32.02.22.2001,Jawa Barat,Kabupaten Sukabumi,Ciemas,Ciemas
32.02.22.2002,Jawa Barat,Kabupaten Sukabumi,Ciemas,Cibenda
32.02.22.2003,Jawa Barat,Kabupaten Sukabumi,Ciemas,Ciwaru
32.02.22.2004,Jawa Barat,Kabupaten Sukabumi,Ciemas,Mekarjaya
32.02.22.2005,Jawa Barat,Kabupaten Sukabumi,Ciemas,Girimukti
32.02.22.2006,Jawa Barat,Kabupaten Sukabumi,Ciemas,Tamanjaya
32.02.22.2007,Jawa Barat,Kabupaten Sukabumi,Ciemas,Mandrajaya
32.02.22.2008,Jawa Barat,Kabupaten Sukabumi,Ciemas,Sidamulya
32.02.22.2009,Jawa Barat,Kabupaten Sukabumi,Ciemas,Mekarsakti
32.02.23.2001,Jawa Barat,Kabupaten Sukabumi,Kalibunder,Kalibunder
32.02.23.2002,Jawa Barat,Kabupaten Sukabumi,Kalibunder,Bojong
32.02.23.2003,Jawa Barat,Kabupaten Sukabumi,Kalibunder,Cimahpar
32.02.23.2004,Jawa Barat,Kabupaten Sukabumi,Kalibunder,Sekarsari
32.02.23.2005,Jawa Barat,Kabupaten Sukabumi,Kalibunder,Sukaluyu
32.02.23.2006,Jawa Barat,Kabupaten Sukabumi,Kalibunder,Balekambang
32.02.23.2007,Jawa Barat,Kabupaten Sukabumi,Kalibunder,Mekarwangi
32.02.24.1013,Jawa Barat,Kabupaten Sukabumi,Surade,Surade
32.02.24.2001,Jawa Barat,Kabupaten Sukabumi,Surade,Jagamukti
32.02.24.2002,Jawa Barat,Kabupaten Sukabumi,Surade,Citanglar
32.02.24.2003,Jawa Barat,Kabupaten Sukabumi,Surade,Wanasari
32.02.24.2005,Jawa Barat,Kabupaten Sukabumi,Surade,Sirnasari
32.02.24.2006,Jawa Barat,Kabupaten Sukabumi,Surade,Kadaleman
32.02.24.2007,Jawa Barat,Kabupaten Sukabumi,Surade,Gunungsungging
32.02.24.2008,Jawa Barat,Kabupaten Sukabumi,Surade,Cipeundeuy
32.02.24.2009,Jawa Barat,Kabupaten Sukabumi,Surade,Pasiripis
32.02.24.2010,Jawa Barat,Kabupaten Sukabumi,Surade,Buniwangi
32.02.24.2011,Jawa Barat,Kabupaten Sukabumi,Surade,Sukatani
32.02.24.2012,Jawa Barat,Kabupaten Sukabumi,Surade,Kademangan
32.02.25.2001,Jawa Barat,Kabupaten Sukabumi,Cibitung,Talagamurni
32.02.25.2002,Jawa Barat,Kabupaten Sukabumi,Cibitung,Banyumurni
32.02.25.2003,Jawa Barat,Kabupaten Sukabumi,Cibitung,Cibitung
32.02.25.2004,Jawa Barat,Kabupaten Sukabumi,Cibitung,Cidahu
32.02.25.2005,Jawa Barat,Kabupaten Sukabumi,Cibitung,Cibodas
32.02.25.2006,Jawa Barat,Kabupaten Sukabumi,Cibitung,Banyuwangi
32.02.26.2001,Jawa Barat,Kabupaten Sukabumi,Ciracap,Ciracap
32.02.26.2002,Jawa Barat,Kabupaten Sukabumi,Ciracap,Cikangkung
32.02.26.2003,Jawa Barat,Kabupaten Sukabumi,Ciracap,Gunungbatu
32.02.26.2004,Jawa Barat,Kabupaten Sukabumi,Ciracap,Purwasedar
32.02.26.2005,Jawa Barat,Kabupaten Sukabumi,Ciracap,Pasirpanjang
32.02.26.2006,Jawa Barat,Kabupaten Sukabumi,Ciracap,Mekarsari
32.02.26.2007,Jawa Barat,Kabupaten Sukabumi,Ciracap,Ujunggenteng
32.02.26.2008,Jawa Barat,Kabupaten Sukabumi,Ciracap,Pangumbahan
32.02.27.2001,Jawa Barat,Kabupaten Sukabumi,Gunungguruh,Cikujang
32.02.27.2002,Jawa Barat,Kabupaten Sukabumi,Gunungguruh,Gunungguruh
32.02.27.2003,Jawa Barat,Kabupaten Sukabumi,Gunungguruh,Cibentang
32.02.27.2004,Jawa Barat,Kabupaten Sukabumi,Gunungguruh,Sirnaresmi
32.02.27.2005,Jawa Barat,Kabupaten Sukabumi,Gunungguruh,Kebonmanggu
32.02.27.2006,Jawa Barat,Kabupaten Sukabumi,Gunungguruh,Cibolang
32.02.27.2007,Jawa Barat,Kabupaten Sukabumi,Gunungguruh,Mangkalaya
32.02.28.2001,Jawa Barat,Kabupaten Sukabumi,Cicantayan,Cicantayan
32.02.28.2002,Jawa Barat,Kabupaten Sukabumi,Cicantayan,Lembursawah
32.02.28.2003,Jawa Barat,Kabupaten Sukabumi,Cicantayan,Cijalingan
32.02.28.2004,Jawa Barat,Kabupaten Sukabumi,Cicantayan,Cisande
32.02.28.2005,Jawa Barat,Kabupaten Sukabumi,Cicantayan,Cimahi
32.02.28.2006,Jawa Barat,Kabupaten Sukabumi,Cicantayan,Hegarmanah
32.02.28.2007,Jawa Barat,Kabupaten Sukabumi,Cicantayan,Sukadamai
32.02.28.2008,Jawa Barat,Kabupaten Sukabumi,Cicantayan,Cimanggis
32.02.29.2001,Jawa Barat,Kabupaten Sukabumi,Cisaat,Gunungjaya
32.02.29.2002,Jawa Barat,Kabupaten Sukabumi,Cisaat,Sukasari
32.02.29.2003,Jawa Barat,Kabupaten Sukabumi,Cisaat,Sukamanah
32.02.29.2004,Jawa Barat,Kabupaten Sukabumi,Cisaat,Cisaat
32.02.29.2005,Jawa Barat,Kabupaten Sukabumi,Cisaat,Nagrak
32.02.29.2006,Jawa Barat,Kabupaten Sukabumi,Cisaat,Babakan
32.02.29.2007,Jawa Barat,Kabupaten Sukabumi,Cisaat,Sukamantri
32.02.29.2008,Jawa Barat,Kabupaten Sukabumi,Cisaat,Cibatu
32.02.29.2009,Jawa Barat,Kabupaten Sukabumi,Cisaat,Selajambe
32.02.29.2010,Jawa Barat,Kabupaten Sukabumi,Cisaat,Padaasih
32.02.29.2011,Jawa Barat,Kabupaten Sukabumi,Cisaat,Cibolang Kaler
32.02.29.2012,Jawa Barat,Kabupaten Sukabumi,Cisaat,Kutasirna
32.02.29.2013,Jawa Barat,Kabupaten Sukabumi,Cisaat,Sukaresmi
32.02.30.2001,Jawa Barat,Kabupaten Sukabumi,Kadudampit,Kadudampit
32.02.30.2002,Jawa Barat,Kabupaten Sukabumi,Kadudampit,Citamiang
32.02.30.2003,Jawa Barat,Kabupaten Sukabumi,Kadudampit,Muaradua
32.02.30.2004,Jawa Barat,Kabupaten Sukabumi,Kadudampit,Gedepangrango
32.02.30.2005,Jawa Barat,Kabupaten Sukabumi,Kadudampit,Sukamanis
32.02.30.2006,Jawa Barat,Kabupaten Sukabumi,Kadudampit,Undrusbinangun
32.02.30.2007,Jawa Barat,Kabupaten Sukabumi,Kadudampit,Cipetir
32.02.30.2008,Jawa Barat,Kabupaten Sukabumi,Kadudampit,Sukamaju
32.02.30.2009,Jawa Barat,Kabupaten Sukabumi,Kadudampit,Cikahuripan
32.02.31.2001,Jawa Barat,Kabupaten Sukabumi,Caringin,Caringin Wetan
32.02.31.2002,Jawa Barat,Kabupaten Sukabumi,Caringin,Sukamulya
32.02.31.2003,Jawa Barat,Kabupaten Sukabumi,Caringin,Caringin Kulon
32.02.31.2004,Jawa Barat,Kabupaten Sukabumi,Caringin,Seuseupan
32.02.31.2005,Jawa Barat,Kabupaten Sukabumi,Caringin,Cijengkol
32.02.31.2006,Jawa Barat,Kabupaten Sukabumi,Caringin,Mekarjaya
32.02.31.2007,Jawa Barat,Kabupaten Sukabumi,Caringin,Talaga
32.02.31.2008,Jawa Barat,Kabupaten Sukabumi,Caringin,Cikembang
32.02.31.2009,Jawa Barat,Kabupaten Sukabumi,Caringin,Pasir Datar Indah
32.02.32.2001,Jawa Barat,Kabupaten Sukabumi,Sukabumi,Parungseah
32.02.32.2002,Jawa Barat,Kabupaten Sukabumi,Sukabumi,Sudajayagirang
32.02.32.2003,Jawa Barat,Kabupaten Sukabumi,Sukabumi,Karawang
32.02.32.2004,Jawa Barat,Kabupaten Sukabumi,Sukabumi,Warnasari
32.02.32.2005,Jawa Barat,Kabupaten Sukabumi,Sukabumi,Sukajaya
32.02.32.2006,Jawa Barat,Kabupaten Sukabumi,Sukabumi,Perbawati
32.02.33.2001,Jawa Barat,Kabupaten Sukabumi,Sukaraja,Pasirhalang
32.02.33.2002,Jawa Barat,Kabupaten Sukabumi,Sukaraja,Selaawi
32.02.33.2003,Jawa Barat,Kabupaten Sukabumi,Sukaraja,Langensari
32.02.33.2004,Jawa Barat,Kabupaten Sukabumi,Sukaraja,Sukaraja
32.02.33.2005,Jawa Barat,Kabupaten Sukabumi,Sukaraja,Limbangan
32.02.33.2006,Jawa Barat,Kabupaten Sukabumi,Sukaraja,Cisarua
32.02.33.2007,Jawa Barat,Kabupaten Sukabumi,Sukaraja,Sukamekar
32.02.33.2008,Jawa Barat,Kabupaten Sukabumi,Sukaraja,Selawangi
32.02.33.2009,Jawa Barat,Kabupaten Sukabumi,Sukaraja,Margaluyu
32.02.34.2001,Jawa Barat,Kabupaten Sukabumi,Kebonpedes,Kebonpedes
32.02.34.2002,Jawa Barat,Kabupaten Sukabumi,Kebonpedes,Cikaret
32.02.34.2003,Jawa Barat,Kabupaten Sukabumi,Kebonpedes,Bojongsawah
32.02.34.2004,Jawa Barat,Kabupaten Sukabumi,Kebonpedes,Sasagaran
32.02.34.2005,Jawa Barat,Kabupaten Sukabumi,Kebonpedes,Jambenenggang
32.02.35.2001,Jawa Barat,Kabupaten Sukabumi,Cireunghas,Cireunghas
32.02.35.2002,Jawa Barat,Kabupaten Sukabumi,Cireunghas,Cipurut
32.02.35.2003,Jawa Barat,Kabupaten Sukabumi,Cireunghas,Bencoy
32.02.35.2004,Jawa Barat,Kabupaten Sukabumi,Cireunghas,Cikurutug
32.02.35.2005,Jawa Barat,Kabupaten Sukabumi,Cireunghas,Tegalpanjang
32.02.36.2001,Jawa Barat,Kabupaten Sukabumi,Sukalarang,Sukalarang
32.02.36.2002,Jawa Barat,Kabupaten Sukabumi,Sukalarang,Sukamaju
32.02.36.2003,Jawa Barat,Kabupaten Sukabumi,Sukalarang,Cimangkok
32.02.36.2004,Jawa Barat,Kabupaten Sukabumi,Sukalarang,Titisan
32.02.36.2005,Jawa Barat,Kabupaten Sukabumi,Sukalarang,Semplak
32.02.36.2006,Jawa Barat,Kabupaten Sukabumi,Sukalarang,Prianganjaya
32.02.37.2001,Jawa Barat,Kabupaten Sukabumi,Pabuaran,Pabuaran
32.02.37.2002,Jawa Barat,Kabupaten Sukabumi,Pabuaran,Ciwalat
32.02.37.2003,Jawa Barat,Kabupaten Sukabumi,Pabuaran,Sirnasari
32.02.37.2004,Jawa Barat,Kabupaten Sukabumi,Pabuaran,Bantarsari
32.02.37.2005,Jawa Barat,Kabupaten Sukabumi,Pabuaran,Sukajaya
32.02.37.2006,Jawa Barat,Kabupaten Sukabumi,Pabuaran,Cibadak
32.02.37.2007,Jawa Barat,Kabupaten Sukabumi,Pabuaran,Lembur Sawah
32.02.38.2001,Jawa Barat,Kabupaten Sukabumi,Purabaya,Purabaya
32.02.38.2002,Jawa Barat,Kabupaten Sukabumi,Purabaya,Neglasari
32.02.38.2003,Jawa Barat,Kabupaten Sukabumi,Purabaya,Pagelaran
32.02.38.2004,Jawa Barat,Kabupaten Sukabumi,Purabaya,Cimerang
32.02.38.2005,Jawa Barat,Kabupaten Sukabumi,Purabaya,Citamiang
32.02.38.2006,Jawa Barat,Kabupaten Sukabumi,Purabaya,Margaluyu
32.02.38.2007,Jawa Barat,Kabupaten Sukabumi,Purabaya,Cicukang
32.02.39.2001,Jawa Barat,Kabupaten Sukabumi,Nyalindung,Nyalindung
32.02.39.2002,Jawa Barat,Kabupaten Sukabumi,Nyalindung,Neglasari
32.02.39.2003,Jawa Barat,Kabupaten Sukabumi,Nyalindung,Sukamaju
32.02.39.2004,Jawa Barat,Kabupaten Sukabumi,Nyalindung,Bojongkalong
32.02.39.2005,Jawa Barat,Kabupaten Sukabumi,Nyalindung,Cijangkar
32.02.39.2006,Jawa Barat,Kabupaten Sukabumi,Nyalindung,Mekarsari
32.02.39.2007,Jawa Barat,Kabupaten Sukabumi,Nyalindung,Wangunreja
32.02.39.2008,Jawa Barat,Kabupaten Sukabumi,Nyalindung,Cisitu
32.02.39.2009,Jawa Barat,Kabupaten Sukabumi,Nyalindung,Bojongsari
32.02.39.2010,Jawa Barat,Kabupaten Sukabumi,Nyalindung,Kertaangsana
32.02.40.2001,Jawa Barat,Kabupaten Sukabumi,Gegerbitung,Gegerbitung
32.02.40.2002,Jawa Barat,Kabupaten Sukabumi,Gegerbitung,Cijurey
32.02.40.2003,Jawa Barat,Kabupaten Sukabumi,Gegerbitung,Ciengang
32.02.40.2004,Jawa Barat,Kabupaten Sukabumi,Gegerbitung,Karangjaya
32.02.40.2005,Jawa Barat,Kabupaten Sukabumi,Gegerbitung,Caringin
32.02.40.2006,Jawa Barat,Kabupaten Sukabumi,Gegerbitung,Sukamanah
32.02.40.2007,Jawa Barat,Kabupaten Sukabumi,Gegerbitung,Buniwangi
32.02.41.2001,Jawa Barat,Kabupaten Sukabumi,Sagaranten,Sagaranten
32.02.41.2002,Jawa Barat,Kabupaten Sukabumi,Sagaranten,Curugluhur
32.02.41.2003,Jawa Barat,Kabupaten Sukabumi,Sagaranten,Cibaregbeg
32.02.41.2004,Jawa Barat,Kabupaten Sukabumi,Sagaranten,Pasanggrahan
32.02.41.2005,Jawa Barat,Kabupaten Sukabumi,Sagaranten,Datarnangka
32.02.41.2006,Jawa Barat,Kabupaten Sukabumi,Sagaranten,Puncakmanggis
32.02.41.2007,Jawa Barat,Kabupaten Sukabumi,Sagaranten,Hegarmanah
32.02.41.2008,Jawa Barat,Kabupaten Sukabumi,Sagaranten,Gunungbentang
32.02.41.2009,Jawa Barat,Kabupaten Sukabumi,Sagaranten,Sinarbentang
32.02.41.2010,Jawa Barat,Kabupaten Sukabumi,Sagaranten,Cibitung
32.02.41.2011,Jawa Barat,Kabupaten Sukabumi,Sagaranten,Margaluyu
32.02.41.2012,Jawa Barat,Kabupaten Sukabumi,Sagaranten,Mekarsari
32.02.42.2001,Jawa Barat,Kabupaten Sukabumi,Curugkembar,Curugkembar
32.02.42.2002,Jawa Barat,Kabupaten Sukabumi,Curugkembar,Cimenteng
32.02.42.2003,Jawa Barat,Kabupaten Sukabumi,Curugkembar,Tanjungsari
32.02.42.2004,Jawa Barat,Kabupaten Sukabumi,Curugkembar,Sindangraja
32.02.42.2005,Jawa Barat,Kabupaten Sukabumi,Curugkembar,Mekartanjung
32.02.42.2006,Jawa Barat,Kabupaten Sukabumi,Curugkembar,Nagrakjaya
32.02.42.2007,Jawa Barat,Kabupaten Sukabumi,Curugkembar,Bojongtugu
32.02.43.2001,Jawa Barat,Kabupaten Sukabumi,Cidolog,Cidolog
32.02.43.2002,Jawa Barat,Kabupaten Sukabumi,Cidolog,Cipamingkis
32.02.43.2003,Jawa Barat,Kabupaten Sukabumi,Cidolog,Cikarang
32.02.43.2004,Jawa Barat,Kabupaten Sukabumi,Cidolog,Tegallega
32.02.43.2005,Jawa Barat,Kabupaten Sukabumi,Cidolog,Mekarjaya
32.02.44.2001,Jawa Barat,Kabupaten Sukabumi,Cidadap,Padasenang
32.02.44.2002,Jawa Barat,Kabupaten Sukabumi,Cidadap,Cidadap
32.02.44.2003,Jawa Barat,Kabupaten Sukabumi,Cidadap,Banjarsari
32.02.44.2004,Jawa Barat,Kabupaten Sukabumi,Cidadap,Hegarmulya
32.02.44.2005,Jawa Barat,Kabupaten Sukabumi,Cidadap,Tenjolaut
32.02.44.2006,Jawa Barat,Kabupaten Sukabumi,Cidadap,Mekartani
32.02.45.2001,Jawa Barat,Kabupaten Sukabumi,Tegalbuleud,Tegalbuleud
32.02.45.2002,Jawa Barat,Kabupaten Sukabumi,Tegalbuleud,Bangbayang
32.02.45.2003,Jawa Barat,Kabupaten Sukabumi,Tegalbuleud,Sumberjaya
32.02.45.2004,Jawa Barat,Kabupaten Sukabumi,Tegalbuleud,Calingcing
32.02.45.2005,Jawa Barat,Kabupaten Sukabumi,Tegalbuleud,Nangela
32.02.45.2006,Jawa Barat,Kabupaten Sukabumi,Tegalbuleud,Rambay
32.02.45.2007,Jawa Barat,Kabupaten Sukabumi,Tegalbuleud,Buniasih
32.02.45.2008,Jawa Barat,Kabupaten Sukabumi,Tegalbuleud,Sirnamekar
32.02.46.2001,Jawa Barat,Kabupaten Sukabumi,Cimanggu,Cimanggu
32.02.46.2002,Jawa Barat,Kabupaten Sukabumi,Cimanggu,Sukamaju
32.02.46.2003,Jawa Barat,Kabupaten Sukabumi,Cimanggu,Sukajadi
32.02.46.2004,Jawa Barat,Kabupaten Sukabumi,Cimanggu,Karangmekar
32.02.46.2005,Jawa Barat,Kabupaten Sukabumi,Cimanggu,Boregahindah
32.02.46.2006,Jawa Barat,Kabupaten Sukabumi,Cimanggu,Sukamanah
32.02.47.2001,Jawa Barat,Kabupaten Sukabumi,Ciambar,Ciambar
32.02.47.2002,Jawa Barat,Kabupaten Sukabumi,Ciambar,Ginanjar
32.02.47.2003,Jawa Barat,Kabupaten Sukabumi,Ciambar,Wangunjaya
32.02.47.2004,Jawa Barat,Kabupaten Sukabumi,Ciambar,Munjul
32.02.47.2005,Jawa Barat,Kabupaten Sukabumi,Ciambar,Ambarjaya
32.02.47.2006,Jawa Barat,Kabupaten Sukabumi,Ciambar,Cibunarjaya
32.03.01.1006,Jawa Barat,Kabupaten Cianjur,Cianjur,Pamoyanan
32.03.01.1007,Jawa Barat,Kabupaten Cianjur,Cianjur,Sawahgede
32.03.01.1008,Jawa Barat,Kabupaten Cianjur,Cianjur,Bojongherang
32.03.01.1009,Jawa Barat,Kabupaten Cianjur,Cianjur,Sayang
32.03.01.1010,Jawa Barat,Kabupaten Cianjur,Cianjur,Solokpandan
32.03.01.1011,Jawa Barat,Kabupaten Cianjur,Cianjur,Muka
32.03.01.2001,Jawa Barat,Kabupaten Cianjur,Cianjur,Babakankaret
32.03.01.2002,Jawa Barat,Kabupaten Cianjur,Cianjur,Nagrak
32.03.01.2003,Jawa Barat,Kabupaten Cianjur,Cianjur,Sukamaju
32.03.01.2004,Jawa Barat,Kabupaten Cianjur,Cianjur,Mekarsari
32.03.01.2005,Jawa Barat,Kabupaten Cianjur,Cianjur,Limbangansari
32.03.02.2002,Jawa Barat,Kabupaten Cianjur,Warungkondang,Jambudipa
32.03.02.2006,Jawa Barat,Kabupaten Cianjur,Warungkondang,Cisarandi
32.03.02.2007,Jawa Barat,Kabupaten Cianjur,Warungkondang,Cikaroya
32.03.02.2008,Jawa Barat,Kabupaten Cianjur,Warungkondang,Bunikasih
32.03.02.2009,Jawa Barat,Kabupaten Cianjur,Warungkondang,Ciwalen
32.03.02.2010,Jawa Barat,Kabupaten Cianjur,Warungkondang,Tegallega
32.03.02.2011,Jawa Barat,Kabupaten Cianjur,Warungkondang,Sukawangi
32.03.02.2014,Jawa Barat,Kabupaten Cianjur,Warungkondang,Bunisari
32.03.02.2016,Jawa Barat,Kabupaten Cianjur,Warungkondang,Sukamulya
32.03.02.2017,Jawa Barat,Kabupaten Cianjur,Warungkondang,Cieundeur
32.03.02.2018,Jawa Barat,Kabupaten Cianjur,Warungkondang,Mekarwangi
32.03.03.2001,Jawa Barat,Kabupaten Cianjur,Cibeber,Cipetir
32.03.03.2002,Jawa Barat,Kabupaten Cianjur,Cibeber,Cihaur
32.03.03.2003,Jawa Barat,Kabupaten Cianjur,Cibeber,Cimanggu
32.03.03.2004,Jawa Barat,Kabupaten Cianjur,Cibeber,Cibaregbeg
32.03.03.2005,Jawa Barat,Kabupaten Cianjur,Cibeber,Sukaraharja
32.03.03.2006,Jawa Barat,Kabupaten Cianjur,Cibeber,Peuteuycondong
32.03.03.2007,Jawa Barat,Kabupaten Cianjur,Cibeber,Mayak
32.03.03.2008,Jawa Barat,Kabupaten Cianjur,Cibeber,Cikondang
32.03.03.2009,Jawa Barat,Kabupaten Cianjur,Cibeber,Cibokor
32.03.03.2010,Jawa Barat,Kabupaten Cianjur,Cibeber,Selagedang
32.03.03.2011,Jawa Barat,Kabupaten Cianjur,Cibeber,Karangnunggal
32.03.03.2012,Jawa Barat,Kabupaten Cianjur,Cibeber,Kanoman
32.03.03.2013,Jawa Barat,Kabupaten Cianjur,Cibeber,Sukamaju
32.03.03.2014,Jawa Barat,Kabupaten Cianjur,Cibeber,Girimulya
32.03.03.2015,Jawa Barat,Kabupaten Cianjur,Cibeber,Cisalak
32.03.03.2016,Jawa Barat,Kabupaten Cianjur,Cibeber,Cibadak
32.03.03.2017,Jawa Barat,Kabupaten Cianjur,Cibeber,Sukamanah
32.03.03.2018,Jawa Barat,Kabupaten Cianjur,Cibeber,Salamnunggal
32.03.04.2001,Jawa Barat,Kabupaten Cianjur,Cilaku,Rancagoong
32.03.04.2002,Jawa Barat,Kabupaten Cianjur,Cilaku,Sukasari
32.03.04.2003,Jawa Barat,Kabupaten Cianjur,Cilaku,Sirnagalih
32.03.04.2004,Jawa Barat,Kabupaten Cianjur,Cilaku,Sukakerta
32.03.04.2005,Jawa Barat,Kabupaten Cianjur,Cilaku,Cibinonghilir
32.03.04.2006,Jawa Barat,Kabupaten Cianjur,Cilaku,Rahong
32.03.04.2007,Jawa Barat,Kabupaten Cianjur,Cilaku,Munjul
32.03.04.2008,Jawa Barat,Kabupaten Cianjur,Cilaku,Sindangsari
32.03.04.2009,Jawa Barat,Kabupaten Cianjur,Cilaku,Ciharashas
32.03.04.2010,Jawa Barat,Kabupaten Cianjur,Cilaku,Mulyasari
32.03.05.2001,Jawa Barat,Kabupaten Cianjur,Ciranjang,Ciranjang
32.03.05.2002,Jawa Barat,Kabupaten Cianjur,Ciranjang,Sindangjaya
32.03.05.2004,Jawa Barat,Kabupaten Cianjur,Ciranjang,Cibiuk
32.03.05.2005,Jawa Barat,Kabupaten Cianjur,Ciranjang,Gunungsari
32.03.05.2006,Jawa Barat,Kabupaten Cianjur,Ciranjang,Karangwangi
32.03.05.2007,Jawa Barat,Kabupaten Cianjur,Ciranjang,Nanggalamekar
32.03.05.2008,Jawa Barat,Kabupaten Cianjur,Ciranjang,Kertajaya
32.03.05.2009,Jawa Barat,Kabupaten Cianjur,Ciranjang,Sindangsari
32.03.05.2012,Jawa Barat,Kabupaten Cianjur,Ciranjang,Mekargalih
32.03.06.2001,Jawa Barat,Kabupaten Cianjur,Bonjogpicung,Hegarmanah
32.03.06.2002,Jawa Barat,Kabupaten Cianjur,Bonjogpicung,Bojongpicung
32.03.06.2004,Jawa Barat,Kabupaten Cianjur,Bonjogpicung,Cibarengkok
32.03.06.2006,Jawa Barat,Kabupaten Cianjur,Bonjogpicung,Kemang
32.03.06.2007,Jawa Barat,Kabupaten Cianjur,Bonjogpicung,Sukajaya
32.03.06.2008,Jawa Barat,Kabupaten Cianjur,Bonjogpicung,Jati
32.03.06.2009,Jawa Barat,Kabupaten Cianjur,Bonjogpicung,Cikondang
32.03.06.2010,Jawa Barat,Kabupaten Cianjur,Bonjogpicung,Sukarama
32.03.06.2012,Jawa Barat,Kabupaten Cianjur,Bonjogpicung,Sukaratu
32.03.06.2013,Jawa Barat,Kabupaten Cianjur,Bonjogpicung,Neglasari
32.03.06.2014,Jawa Barat,Kabupaten Cianjur,Bonjogpicung,Jatisari
32.03.07.2001,Jawa Barat,Kabupaten Cianjur,Karangtengah,Sukamanah
32.03.07.2002,Jawa Barat,Kabupaten Cianjur,Karangtengah,Bojong
32.03.07.2003,Jawa Barat,Kabupaten Cianjur,Karangtengah,Sindanglaka
32.03.07.2004,Jawa Barat,Kabupaten Cianjur,Karangtengah,Maleber
32.03.07.2005,Jawa Barat,Kabupaten Cianjur,Karangtengah,Ciherang
32.03.07.2006,Jawa Barat,Kabupaten Cianjur,Karangtengah,Sukamantri
32.03.07.2007,Jawa Barat,Kabupaten Cianjur,Karangtengah,Sukasarana
32.03.07.2008,Jawa Barat,Kabupaten Cianjur,Karangtengah,Sukasari
32.03.07.2009,Jawa Barat,Kabupaten Cianjur,Karangtengah,Babakancaringin
32.03.07.2010,Jawa Barat,Kabupaten Cianjur,Karangtengah,Sabandar
32.03.07.2011,Jawa Barat,Kabupaten Cianjur,Karangtengah,Sindangasih
32.03.07.2012,Jawa Barat,Kabupaten Cianjur,Karangtengah,Sukataris
32.03.07.2013,Jawa Barat,Kabupaten Cianjur,Karangtengah,Langensari
32.03.07.2014,Jawa Barat,Kabupaten Cianjur,Karangtengah,Hegarmanah
32.03.07.2015,Jawa Barat,Kabupaten Cianjur,Karangtengah,Sukajadi
32.03.07.2016,Jawa Barat,Kabupaten Cianjur,Karangtengah,Sukamulya
32.03.08.2001,Jawa Barat,Kabupaten Cianjur,Mande,Kademangan
32.03.08.2002,Jawa Barat,Kabupaten Cianjur,Mande,Bobojong
32.03.08.2003,Jawa Barat,Kabupaten Cianjur,Mande,Jamali
32.03.08.2004,Jawa Barat,Kabupaten Cianjur,Mande,Cikidangbayabang
32.03.08.2005,Jawa Barat,Kabupaten Cianjur,Mande,Mande
32.03.08.2006,Jawa Barat,Kabupaten Cianjur,Mande,Mulyasari
32.03.08.2007,Jawa Barat,Kabupaten Cianjur,Mande,Ciandam
32.03.08.2008,Jawa Barat,Kabupaten Cianjur,Mande,Sukamanah
32.03.08.2009,Jawa Barat,Kabupaten Cianjur,Mande,Leuwikoja
32.03.08.2010,Jawa Barat,Kabupaten Cianjur,Mande,Mekarjaya
32.03.08.2011,Jawa Barat,Kabupaten Cianjur,Mande,Kutawaringin
32.03.08.2012,Jawa Barat,Kabupaten Cianjur,Mande,Murnisari
32.03.09.2001,Jawa Barat,Kabupaten Cianjur,Sukaluyu,Selajambe
32.03.09.2002,Jawa Barat,Kabupaten Cianjur,Sukaluyu,Sukamulya
32.03.09.2003,Jawa Barat,Kabupaten Cianjur,Sukaluyu,Panyusuhan
32.03.09.2004,Jawa Barat,Kabupaten Cianjur,Sukaluyu,Tanjungsari
32.03.09.2005,Jawa Barat,Kabupaten Cianjur,Sukaluyu,Sindangraja
32.03.09.2006,Jawa Barat,Kabupaten Cianjur,Sukaluyu,Mekarjaya
32.03.09.2007,Jawa Barat,Kabupaten Cianjur,Sukaluyu,Sukasirna
32.03.09.2008,Jawa Barat,Kabupaten Cianjur,Sukaluyu,Sukaluyu
32.03.09.2009,Jawa Barat,Kabupaten Cianjur,Sukaluyu,Babakansari
32.03.09.2010,Jawa Barat,Kabupaten Cianjur,Sukaluyu,Hegarmanah
32.03.10.2001,Jawa Barat,Kabupaten Cianjur,Pacet,Ciherang
32.03.10.2003,Jawa Barat,Kabupaten Cianjur,Pacet,Cibodas
32.03.10.2005,Jawa Barat,Kabupaten Cianjur,Pacet,Sukanagalih
32.03.10.2007,Jawa Barat,Kabupaten Cianjur,Pacet,Cipendawa
32.03.10.2010,Jawa Barat,Kabupaten Cianjur,Pacet,Ciputri
32.03.10.2012,Jawa Barat,Kabupaten Cianjur,Pacet,Gadog
32.03.10.2013,Jawa Barat,Kabupaten Cianjur,Pacet,Sukatani
32.03.11.2001,Jawa Barat,Kabupaten Cianjur,Cugenang,Sukamanah
32.03.11.2002,Jawa Barat,Kabupaten Cianjur,Cugenang,Gasol
32.03.11.2003,Jawa Barat,Kabupaten Cianjur,Cugenang,Cijedil
32.03.11.2004,Jawa Barat,Kabupaten Cianjur,Cugenang,Cibeureum
32.03.11.2005,Jawa Barat,Kabupaten Cianjur,Cugenang,Nyalindung
32.03.11.2006,Jawa Barat,Kabupaten Cianjur,Cugenang,Mangunkerta
32.03.11.2007,Jawa Barat,Kabupaten Cianjur,Cugenang,Sarampad
32.03.11.2008,Jawa Barat,Kabupaten Cianjur,Cugenang,Talaga
32.03.11.2009,Jawa Barat,Kabupaten Cianjur,Cugenang,Sukajaya
32.03.11.2010,Jawa Barat,Kabupaten Cianjur,Cugenang,Cibulakan
32.03.11.2011,Jawa Barat,Kabupaten Cianjur,Cugenang,Benjot
32.03.11.2012,Jawa Barat,Kabupaten Cianjur,Cugenang,Sukamulya
32.03.11.2013,Jawa Barat,Kabupaten Cianjur,Cugenang,Wangunjaya
32.03.11.2014,Jawa Barat,Kabupaten Cianjur,Cugenang,Cirumput
32.03.11.2015,Jawa Barat,Kabupaten Cianjur,Cugenang,Padaluyu
32.03.11.2016,Jawa Barat,Kabupaten Cianjur,Cugenang,Galudra
32.03.12.2001,Jawa Barat,Kabupaten Cianjur,Cikalongkulon,Sukagalih
32.03.12.2002,Jawa Barat,Kabupaten Cianjur,Cikalongkulon,Gudang
32.03.12.2003,Jawa Barat,Kabupaten Cianjur,Cikalongkulon,Cinangsi
32.03.12.2004,Jawa Barat,Kabupaten Cianjur,Cikalongkulon,Cijagang
32.03.12.2005,Jawa Barat,Kabupaten Cianjur,Cikalongkulon,Majalaya
32.03.12.2006,Jawa Barat,Kabupaten Cianjur,Cikalongkulon,Kamurang
32.03.12.2007,Jawa Barat,Kabupaten Cianjur,Cikalongkulon,Warudoyong
32.03.12.2008,Jawa Barat,Kabupaten Cianjur,Cikalongkulon,Ciramagirang
32.03.12.2009,Jawa Barat,Kabupaten Cianjur,Cikalongkulon,Mekarjaya
32.03.12.2010,Jawa Barat,Kabupaten Cianjur,Cikalongkulon,Sukamulya
32.03.12.2011,Jawa Barat,Kabupaten Cianjur,Cikalongkulon,Padajaya
32.03.12.2012,Jawa Barat,Kabupaten Cianjur,Cikalongkulon,Cigunungherang
32.03.12.2013,Jawa Barat,Kabupaten Cianjur,Cikalongkulon,Neglasari
32.03.12.2014,Jawa Barat,Kabupaten Cianjur,Cikalongkulon,Mekargalih
32.03.12.2015,Jawa Barat,Kabupaten Cianjur,Cikalongkulon,Lembahsari
32.03.12.2016,Jawa Barat,Kabupaten Cianjur,Cikalongkulon,Mentengsari
32.03.12.2017,Jawa Barat,Kabupaten Cianjur,Cikalongkulon,Mekarsari
32.03.12.2018,Jawa Barat,Kabupaten Cianjur,Cikalongkulon,Mekarmulya
32.03.13.2001,Jawa Barat,Kabupaten Cianjur,Sukaresmi,Cikanyere
32.03.13.2002,Jawa Barat,Kabupaten Cianjur,Sukaresmi,Cikancana
32.03.13.2003,Jawa Barat,Kabupaten Cianjur,Sukaresmi,Ciwalen
32.03.13.2004,Jawa Barat,Kabupaten Cianjur,Sukaresmi,Kawungluwuk
32.03.13.2005,Jawa Barat,Kabupaten Cianjur,Sukaresmi,Cibadak
32.03.13.2006,Jawa Barat,Kabupaten Cianjur,Sukaresmi,Sukamahi
32.03.13.2007,Jawa Barat,Kabupaten Cianjur,Sukaresmi,Sukaresmi
32.03.13.2008,Jawa Barat,Kabupaten Cianjur,Sukaresmi,Cibanteng
32.03.13.2009,Jawa Barat,Kabupaten Cianjur,Sukaresmi,Kubang
32.03.13.2010,Jawa Barat,Kabupaten Cianjur,Sukaresmi,Pakuon
32.03.13.2011,Jawa Barat,Kabupaten Cianjur,Sukaresmi,Rawabelut
32.03.14.2001,Jawa Barat,Kabupaten Cianjur,Sukanagara,Sukanagara
32.03.14.2002,Jawa Barat,Kabupaten Cianjur,Sukanagara,Sukajembar
32.03.14.2003,Jawa Barat,Kabupaten Cianjur,Sukanagara,Sukakarya
32.03.14.2004,Jawa Barat,Kabupaten Cianjur,Sukanagara,Ciguha
32.03.14.2005,Jawa Barat,Kabupaten Cianjur,Sukanagara,Sukamekar
32.03.14.2006,Jawa Barat,Kabupaten Cianjur,Sukanagara,Gunungsari
32.03.14.2007,Jawa Barat,Kabupaten Cianjur,Sukanagara,Sukalaksana
32.03.14.2008,Jawa Barat,Kabupaten Cianjur,Sukanagara,Sukarame
32.03.14.2009,Jawa Barat,Kabupaten Cianjur,Sukanagara,Sindangsari
32.03.14.2010,Jawa Barat,Kabupaten Cianjur,Sukanagara,Jayagiri
32.03.15.2001,Jawa Barat,Kabupaten Cianjur,Campaka,Cidadap
32.03.15.2002,Jawa Barat,Kabupaten Cianjur,Campaka,Cimenteng
32.03.15.2003,Jawa Barat,Kabupaten Cianjur,Campaka,Susukan
32.03.15.2004,Jawa Barat,Kabupaten Cianjur,Campaka,Sukajadi
32.03.15.2005,Jawa Barat,Kabupaten Cianjur,Campaka,Sukadana
32.03.15.2006,Jawa Barat,Kabupaten Cianjur,Campaka,Margaluyu
32.03.15.2007,Jawa Barat,Kabupaten Cianjur,Campaka,Karyamukti
32.03.15.2008,Jawa Barat,Kabupaten Cianjur,Campaka,Campaka
32.03.15.2009,Jawa Barat,Kabupaten Cianjur,Campaka,Wangunjaya
32.03.15.2010,Jawa Barat,Kabupaten Cianjur,Campaka,Girimukti
32.03.15.2011,Jawa Barat,Kabupaten Cianjur,Campaka,Mekarjaya
32.03.16.2001,Jawa Barat,Kabupaten Cianjur,Takokak,Pasawahan
32.03.16.2002,Jawa Barat,Kabupaten Cianjur,Takokak,Sindangresmi
32.03.16.2003,Jawa Barat,Kabupaten Cianjur,Takokak,Sindanghayu
32.03.16.2004,Jawa Barat,Kabupaten Cianjur,Takokak,Simpang
32.03.16.2005,Jawa Barat,Kabupaten Cianjur,Takokak,Sukagalih
32.03.16.2006,Jawa Barat,Kabupaten Cianjur,Takokak,Bungbangsari
32.03.16.2007,Jawa Barat,Kabupaten Cianjur,Takokak,Cisujen
32.03.16.2008,Jawa Barat,Kabupaten Cianjur,Takokak,Hegarmanah
32.03.16.2009,Jawa Barat,Kabupaten Cianjur,Takokak,Waringinsari
32.03.17.2003,Jawa Barat,Kabupaten Cianjur,Kadupandak,Sukasari
32.03.17.2006,Jawa Barat,Kabupaten Cianjur,Kadupandak,Pasirdalem
32.03.17.2008,Jawa Barat,Kabupaten Cianjur,Kadupandak,Talagasari
32.03.17.2009,Jawa Barat,Kabupaten Cianjur,Kadupandak,Bojongkasih
32.03.17.2010,Jawa Barat,Kabupaten Cianjur,Kadupandak,Wargaasih
32.03.17.2011,Jawa Barat,Kabupaten Cianjur,Kadupandak,Sukaraharja
32.03.17.2014,Jawa Barat,Kabupaten Cianjur,Kadupandak,Sukakerta
32.03.17.2016,Jawa Barat,Kabupaten Cianjur,Kadupandak,Neglasari
32.03.17.2017,Jawa Barat,Kabupaten Cianjur,Kadupandak,Sukaresmi
32.03.17.2019,Jawa Barat,Kabupaten Cianjur,Kadupandak,Wargasari
32.03.17.2020,Jawa Barat,Kabupaten Cianjur,Kadupandak,Sukaraja
32.03.17.2021,Jawa Barat,Kabupaten Cianjur,Kadupandak,Kadupandak
32.03.17.2022,Jawa Barat,Kabupaten Cianjur,Kadupandak,Gandasari
32.03.17.2023,Jawa Barat,Kabupaten Cianjur,Kadupandak,Sindangsari
32.03.18.2001,Jawa Barat,Kabupaten Cianjur,Pagelarang,Pagelaran
32.03.18.2002,Jawa Barat,Kabupaten Cianjur,Pagelarang,Pangadegan
32.03.18.2004,Jawa Barat,Kabupaten Cianjur,Pagelarang,Gelaranyar
32.03.18.2005,Jawa Barat,Kabupaten Cianjur,Pagelarang,Buniwangi
32.03.18.2007,Jawa Barat,Kabupaten Cianjur,Pagelarang,Sindangkerta
32.03.18.2008,Jawa Barat,Kabupaten Cianjur,Pagelarang,Pasirbaru
32.03.18.2009,Jawa Barat,Kabupaten Cianjur,Pagelarang,Bunijaya
32.03.18.2010,Jawa Barat,Kabupaten Cianjur,Pagelarang,Situhiang
32.03.18.2011,Jawa Barat,Kabupaten Cianjur,Pagelarang,Mekarsari
32.03.18.2012,Jawa Barat,Kabupaten Cianjur,Pagelarang,Kertaraharja
32.03.18.2013,Jawa Barat,Kabupaten Cianjur,Pagelarang,Selagedang
32.03.18.2014,Jawa Barat,Kabupaten Cianjur,Pagelarang,Padamaju
32.03.18.2015,Jawa Barat,Kabupaten Cianjur,Pagelarang,Karangharja
32.03.18.2018,Jawa Barat,Kabupaten Cianjur,Pagelarang,Sukamaju
32.03.19.2001,Jawa Barat,Kabupaten Cianjur,Tanggeung,Tanggeung
32.03.19.2002,Jawa Barat,Kabupaten Cianjur,Tanggeung,Rawagede
32.03.19.2003,Jawa Barat,Kabupaten Cianjur,Tanggeung,Cilongsong
32.03.19.2004,Jawa Barat,Kabupaten Cianjur,Tanggeung,Margaluyu
32.03.19.2005,Jawa Barat,Kabupaten Cianjur,Tanggeung,Karangtengah
32.03.19.2006,Jawa Barat,Kabupaten Cianjur,Tanggeung,Pagermaneuh
32.03.19.2007,Jawa Barat,Kabupaten Cianjur,Tanggeung,Bojongpetir
32.03.19.2009,Jawa Barat,Kabupaten Cianjur,Tanggeung,Pasirjambu
32.03.19.2010,Jawa Barat,Kabupaten Cianjur,Tanggeung,Sirnajaya
32.03.19.2013,Jawa Barat,Kabupaten Cianjur,Tanggeung,Kertajaya
32.03.19.2014,Jawa Barat,Kabupaten Cianjur,Tanggeung,Sukajaya
32.03.19.2015,Jawa Barat,Kabupaten Cianjur,Tanggeung,Padaluyu
32.03.20.2001,Jawa Barat,Kabupaten Cianjur,Cubinong,Pananggapan
32.03.20.2002,Jawa Barat,Kabupaten Cianjur,Cubinong,Cikangkareng
32.03.20.2003,Jawa Barat,Kabupaten Cianjur,Cubinong,Sukajadi
32.03.20.2004,Jawa Barat,Kabupaten Cianjur,Cubinong,Panyindangan
32.03.20.2005,Jawa Barat,Kabupaten Cianjur,Cubinong,Padasuka
32.03.20.2006,Jawa Barat,Kabupaten Cianjur,Cubinong,Cimaskara
32.03.20.2007,Jawa Barat,Kabupaten Cianjur,Cubinong,Pamoyanan
32.03.20.2008,Jawa Barat,Kabupaten Cianjur,Cubinong,Batulawang
32.03.20.2009,Jawa Barat,Kabupaten Cianjur,Cubinong,Sukamekar
32.03.20.2010,Jawa Barat,Kabupaten Cianjur,Cubinong,Hamerang
32.03.20.2011,Jawa Barat,Kabupaten Cianjur,Cubinong,Girijaya
32.03.20.2012,Jawa Barat,Kabupaten Cianjur,Cubinong,Wargaluyu
32.03.20.2013,Jawa Barat,Kabupaten Cianjur,Cubinong,Mekarmukti
32.03.20.2014,Jawa Barat,Kabupaten Cianjur,Cubinong,Ciburial
32.03.21.2001,Jawa Barat,Kabupaten Cianjur,Sindangbarang,Saganten
32.03.21.2002,Jawa Barat,Kabupaten Cianjur,Sindangbarang,Muaracikadu
32.03.21.2003,Jawa Barat,Kabupaten Cianjur,Sindangbarang,Jatisari
32.03.21.2004,Jawa Barat,Kabupaten Cianjur,Sindangbarang,Sirnagalih
32.03.21.2005,Jawa Barat,Kabupaten Cianjur,Sindangbarang,Jayagiri
32.03.21.2006,Jawa Barat,Kabupaten Cianjur,Sindangbarang,Kertasari
32.03.21.2007,Jawa Barat,Kabupaten Cianjur,Sindangbarang,Girimukti
32.03.21.2008,Jawa Barat,Kabupaten Cianjur,Sindangbarang,Talagasari
32.03.21.2009,Jawa Barat,Kabupaten Cianjur,Sindangbarang,Hegarsari
32.03.21.2010,Jawa Barat,Kabupaten Cianjur,Sindangbarang,Mekarlaksana
32.03.21.2011,Jawa Barat,Kabupaten Cianjur,Sindangbarang,Kertamukti
32.03.22.2004,Jawa Barat,Kabupaten Cianjur,Agrabinta,Sukamanah
32.03.22.2005,Jawa Barat,Kabupaten Cianjur,Agrabinta,Bojongkaso
32.03.22.2006,Jawa Barat,Kabupaten Cianjur,Agrabinta,Bunisari
32.03.22.2007,Jawa Barat,Kabupaten Cianjur,Agrabinta,Wanasari
32.03.22.2010,Jawa Barat,Kabupaten Cianjur,Agrabinta,Sinarlaut
32.03.22.2014,Jawa Barat,Kabupaten Cianjur,Agrabinta,Neglasari
32.03.22.2016,Jawa Barat,Kabupaten Cianjur,Agrabinta,Karangsari
32.03.22.2017,Jawa Barat,Kabupaten Cianjur,Agrabinta,Mulyasari
32.03.22.2018,Jawa Barat,Kabupaten Cianjur,Agrabinta,Tanjung Sari
32.03.22.2019,Jawa Barat,Kabupaten Cianjur,Agrabinta,Mekarsari
32.03.22.2022,Jawa Barat,Kabupaten Cianjur,Agrabinta,Wangunjaya
32.03.23.2001,Jawa Barat,Kabupaten Cianjur,Cidaun,Cidamar
32.03.23.2002,Jawa Barat,Kabupaten Cianjur,Cidaun,Cibuluh
32.03.23.2003,Jawa Barat,Kabupaten Cianjur,Cidaun,Cisalak
32.03.23.2004,Jawa Barat,Kabupaten Cianjur,Cidaun,Cimaragang
32.03.23.2005,Jawa Barat,Kabupaten Cianjur,Cidaun,Mekarjaya
32.03.23.2006,Jawa Barat,Kabupaten Cianjur,Cidaun,Kertajadi
32.03.23.2007,Jawa Barat,Kabupaten Cianjur,Cidaun,Sukapura
32.03.23.2008,Jawa Barat,Kabupaten Cianjur,Cidaun,Gelarpawitan
32.03.23.2009,Jawa Barat,Kabupaten Cianjur,Cidaun,Karangwangi
32.03.23.2010,Jawa Barat,Kabupaten Cianjur,Cidaun,Karyabakti
32.03.23.2011,Jawa Barat,Kabupaten Cianjur,Cidaun,Jayapura
32.03.23.2012,Jawa Barat,Kabupaten Cianjur,Cidaun,Neglasari
32.03.23.2013,Jawa Barat,Kabupaten Cianjur,Cidaun,Puncakbaru
32.03.23.2014,Jawa Barat,Kabupaten Cianjur,Cidaun,Gelarwangi
32.03.24.2001,Jawa Barat,Kabupaten Cianjur,Naringgul,Naringgul
32.03.24.2002,Jawa Barat,Kabupaten Cianjur,Naringgul,Balegede
32.03.24.2003,Jawa Barat,Kabupaten Cianjur,Naringgul,Wangunjaya
32.03.24.2004,Jawa Barat,Kabupaten Cianjur,Naringgul,Mekarsari
32.03.24.2005,Jawa Barat,Kabupaten Cianjur,Naringgul,Cinerang
32.03.24.2006,Jawa Barat,Kabupaten Cianjur,Naringgul,Wanasari
32.03.24.2007,Jawa Barat,Kabupaten Cianjur,Naringgul,Sukabakti
32.03.24.2008,Jawa Barat,Kabupaten Cianjur,Naringgul,Malati
32.03.24.2009,Jawa Barat,Kabupaten Cianjur,Naringgul,Wangunsari
32.03.24.2010,Jawa Barat,Kabupaten Cianjur,Naringgul,Sukamulya
32.03.24.2011,Jawa Barat,Kabupaten Cianjur,Naringgul,Margasari
32.03.25.2001,Jawa Barat,Kabupaten Cianjur,Campakamulya,Cibanggala
32.03.25.2002,Jawa Barat,Kabupaten Cianjur,Campakamulya,Campakawarna
32.03.25.2003,Jawa Barat,Kabupaten Cianjur,Campakamulya,Sukasirna
32.03.25.2004,Jawa Barat,Kabupaten Cianjur,Campakamulya,Campakamulya
32.03.25.2005,Jawa Barat,Kabupaten Cianjur,Campakamulya,Sukabungah
32.03.26.2001,Jawa Barat,Kabupaten Cianjur,Cikadu,Kalapanunggal
32.03.26.2002,Jawa Barat,Kabupaten Cianjur,Cikadu,Cikadu
32.03.26.2003,Jawa Barat,Kabupaten Cianjur,Cikadu,Mekarwangi
32.03.26.2004,Jawa Barat,Kabupaten Cianjur,Cikadu,Padaluyu
32.03.26.2005,Jawa Barat,Kabupaten Cianjur,Cikadu,Sukamulya
32.03.26.2006,Jawa Barat,Kabupaten Cianjur,Cikadu,Cisaranten
32.03.26.2007,Jawa Barat,Kabupaten Cianjur,Cikadu,Mekarlaksana
32.03.26.2008,Jawa Barat,Kabupaten Cianjur,Cikadu,Sukaluyu
32.03.26.2009,Jawa Barat,Kabupaten Cianjur,Cikadu,Mekarjaya
32.03.26.2010,Jawa Barat,Kabupaten Cianjur,Cikadu,Sukamanah
32.03.27.2001,Jawa Barat,Kabupaten Cianjur,Gekbrong,Bangbayang
32.03.27.2002,Jawa Barat,Kabupaten Cianjur,Gekbrong,Songgom
32.03.27.2003,Jawa Barat,Kabupaten Cianjur,Gekbrong,Sukaratu
32.03.27.2004,Jawa Barat,Kabupaten Cianjur,Gekbrong,Cikancana
32.03.27.2005,Jawa Barat,Kabupaten Cianjur,Gekbrong,Kebonpeuteuy
32.03.27.2006,Jawa Barat,Kabupaten Cianjur,Gekbrong,Gekbrong
32.03.27.2007,Jawa Barat,Kabupaten Cianjur,Gekbrong,Cikahuripan
32.03.27.2008,Jawa Barat,Kabupaten Cianjur,Gekbrong,Cintaasih
32.03.28.2001,Jawa Barat,Kabupaten Cianjur,Cipanas,Cipanas
32.03.28.2002,Jawa Barat,Kabupaten Cianjur,Cipanas,Cimacan
32.03.28.2003,Jawa Barat,Kabupaten Cianjur,Cipanas,Ciloto
32.03.28.2004,Jawa Barat,Kabupaten Cianjur,Cipanas,Sindanglaya
32.03.28.2005,Jawa Barat,Kabupaten Cianjur,Cipanas,Batulawang
32.03.28.2006,Jawa Barat,Kabupaten Cianjur,Cipanas,Palasari
32.03.28.2007,Jawa Barat,Kabupaten Cianjur,Cipanas,Sindangjaya
32.03.29.2001,Jawa Barat,Kabupaten Cianjur,Cijati,Parakantugu
32.03.29.2002,Jawa Barat,Kabupaten Cianjur,Cijati,Cijati
32.03.29.2003,Jawa Barat,Kabupaten Cianjur,Cijati,Bojonglarang
32.03.29.2004,Jawa Barat,Kabupaten Cianjur,Cijati,Padaasih
32.03.29.2005,Jawa Barat,Kabupaten Cianjur,Cijati,Cibodas
32.03.29.2006,Jawa Barat,Kabupaten Cianjur,Cijati,Sukamahi
32.03.29.2007,Jawa Barat,Kabupaten Cianjur,Cijati,Sukaluyu
32.03.29.2008,Jawa Barat,Kabupaten Cianjur,Cijati,Caringin
32.03.29.2009,Jawa Barat,Kabupaten Cianjur,Cijati,Sinarbakti
32.03.29.2010,Jawa Barat,Kabupaten Cianjur,Cijati,Sukamaju
32.03.30.2001,Jawa Barat,Kabupaten Cianjur,Leles,Pusakasari
32.03.30.2002,Jawa Barat,Kabupaten Cianjur,Leles,Walahir
32.03.30.2003,Jawa Barat,Kabupaten Cianjur,Leles,Purabaya
32.03.30.2004,Jawa Barat,Kabupaten Cianjur,Leles,Puncakwangi
32.03.30.2005,Jawa Barat,Kabupaten Cianjur,Leles,Sukajaya
32.03.30.2006,Jawa Barat,Kabupaten Cianjur,Leles,Nagasari
32.03.30.2007,Jawa Barat,Kabupaten Cianjur,Leles,Sukasirna
32.03.30.2008,Jawa Barat,Kabupaten Cianjur,Leles,Sukamulya
32.03.30.2009,Jawa Barat,Kabupaten Cianjur,Leles,Sirnasari
32.03.30.2010,Jawa Barat,Kabupaten Cianjur,Leles,Karyamukti
32.03.30.2011,Jawa Barat,Kabupaten Cianjur,Leles,Mandalawangi
32.03.30.2012,Jawa Barat,Kabupaten Cianjur,Leles,Sindangsari
32.03.31.2001,Jawa Barat,Kabupaten Cianjur,Haurwangi,Haurwangi
32.03.31.2002,Jawa Barat,Kabupaten Cianjur,Haurwangi,Cihea
32.03.31.2003,Jawa Barat,Kabupaten Cianjur,Haurwangi,Ramasari
32.03.31.2004,Jawa Barat,Kabupaten Cianjur,Haurwangi,Mekarwangi/Sukatani
32.03.31.2005,Jawa Barat,Kabupaten Cianjur,Haurwangi,Mekarwangi
32.03.31.2006,Jawa Barat,Kabupaten Cianjur,Haurwangi,Kertasari
32.03.31.2007,Jawa Barat,Kabupaten Cianjur,Haurwangi,Cipeuyeum
32.03.31.2008,Jawa Barat,Kabupaten Cianjur,Haurwangi,Kertamukti
32.03.32.2001,Jawa Barat,Kabupaten Cianjur,Pasirkuda,Simpang
32.03.32.2002,Jawa Barat,Kabupaten Cianjur,Pasirkuda,Kalibaru
32.03.32.2003,Jawa Barat,Kabupaten Cianjur,Pasirkuda,Pusakajaya
32.03.32.2004,Jawa Barat,Kabupaten Cianjur,Pasirkuda,Kubang
32.03.32.2005,Jawa Barat,Kabupaten Cianjur,Pasirkuda,Girimukti
32.03.32.2006,Jawa Barat,Kabupaten Cianjur,Pasirkuda,Karangjaya
32.03.32.2007,Jawa Barat,Kabupaten Cianjur,Pasirkuda,Mekarmulya
32.03.32.2008,Jawa Barat,Kabupaten Cianjur,Pasirkuda,Girijaya
32.03.32.2009,Jawa Barat,Kabupaten Cianjur,Pasirkuda,Padamulya
32.04.05.2001,Jawa Barat,Kabupaten Bandung,Cileunyi,Cileunyi Kulon
32.04.05.2002,Jawa Barat,Kabupaten Bandung,Cileunyi,Cileunyi Wetan
32.04.05.2003,Jawa Barat,Kabupaten Bandung,Cileunyi,Cimekar
32.04.05.2004,Jawa Barat,Kabupaten Bandung,Cileunyi,Cinunuk
32.04.05.2005,Jawa Barat,Kabupaten Bandung,Cileunyi,Cibiru Hilir
32.04.05.2006,Jawa Barat,Kabupaten Bandung,Cileunyi,Cibiru Wetan
32.04.06.1001,Jawa Barat,Kabupaten Bandung,Cimenyan,Padasuka
32.04.06.1002,Jawa Barat,Kabupaten Bandung,Cimenyan,Cibeunying
32.04.06.2003,Jawa Barat,Kabupaten Bandung,Cimenyan,Cimenyan
32.04.06.2004,Jawa Barat,Kabupaten Bandung,Cimenyan,Mandalamekar
32.04.06.2005,Jawa Barat,Kabupaten Bandung,Cimenyan,Cikadut
32.04.06.2006,Jawa Barat,Kabupaten Bandung,Cimenyan,Ciburial
32.04.06.2007,Jawa Barat,Kabupaten Bandung,Cimenyan,Sindanglaya
32.04.06.2008,Jawa Barat,Kabupaten Bandung,Cimenyan,Mekarsaluyu
32.04.06.2009,Jawa Barat,Kabupaten Bandung,Cimenyan,Mekarmanik
32.04.07.2001,Jawa Barat,Kabupaten Bandung,Cilengkrang,Jatiendah
32.04.07.2002,Jawa Barat,Kabupaten Bandung,Cilengkrang,Cilengkrang
32.04.07.2003,Jawa Barat,Kabupaten Bandung,Cilengkrang,Cipanjalu
32.04.07.2004,Jawa Barat,Kabupaten Bandung,Cilengkrang,Melatiwangi
32.04.07.2005,Jawa Barat,Kabupaten Bandung,Cilengkrang,Ciporeat
32.04.07.2006,Jawa Barat,Kabupaten Bandung,Cilengkrang,Girimekar
32.04.08.2001,Jawa Barat,Kabupaten Bandung,Bojongsoang,Lengkong
32.04.08.2002,Jawa Barat,Kabupaten Bandung,Bojongsoang,Bojongsoang
32.04.08.2003,Jawa Barat,Kabupaten Bandung,Bojongsoang,Buahbatu
32.04.08.2004,Jawa Barat,Kabupaten Bandung,Bojongsoang,Cipagalo
32.04.08.2005,Jawa Barat,Kabupaten Bandung,Bojongsoang,Bojongsari
32.04.08.2006,Jawa Barat,Kabupaten Bandung,Bojongsoang,Tegalluar
32.04.09.1004,Jawa Barat,Kabupaten Bandung,Margahayu,Sulaiman
32.04.09.2001,Jawa Barat,Kabupaten Bandung,Margahayu,Margahayu Tengah
32.04.09.2002,Jawa Barat,Kabupaten Bandung,Margahayu,Margahayu Selatan
32.04.09.2003,Jawa Barat,Kabupaten Bandung,Margahayu,Sukamenak
32.04.09.2005,Jawa Barat,Kabupaten Bandung,Margahayu,Sayati
32.04.10.2001,Jawa Barat,Kabupaten Bandung,Margaasih,Margaasih
32.04.10.2002,Jawa Barat,Kabupaten Bandung,Margaasih,Lagadar
32.04.10.2003,Jawa Barat,Kabupaten Bandung,Margaasih,Nanjung
32.04.10.2004,Jawa Barat,Kabupaten Bandung,Margaasih,Mekarrahayu
32.04.10.2005,Jawa Barat,Kabupaten Bandung,Margaasih,Rahayu
32.04.10.2006,Jawa Barat,Kabupaten Bandung,Margaasih,Cigondewah Hilir
32.04.11.2001,Jawa Barat,Kabupaten Bandung,Katapang,Sangkanhurip
32.04.11.2002,Jawa Barat,Kabupaten Bandung,Katapang,Katapang
32.04.11.2004,Jawa Barat,Kabupaten Bandung,Katapang,Gandasari
32.04.11.2006,Jawa Barat,Kabupaten Bandung,Katapang,Sukamukti
32.04.11.2007,Jawa Barat,Kabupaten Bandung,Katapang,Cilampeni
32.04.11.2008,Jawa Barat,Kabupaten Bandung,Katapang,Pangauban
32.04.11.2009,Jawa Barat,Kabupaten Bandung,Katapang,Banyusari
32.04.12.1001,Jawa Barat,Kabupaten Bandung,Dayeuhkolot,Pasawahan
32.04.12.2002,Jawa Barat,Kabupaten Bandung,Dayeuhkolot,Dayeuhkolot
32.04.12.2003,Jawa Barat,Kabupaten Bandung,Dayeuhkolot,Cangkuang Wetan
32.04.12.2004,Jawa Barat,Kabupaten Bandung,Dayeuhkolot,Cangkuang Kulon
32.04.12.2005,Jawa Barat,Kabupaten Bandung,Dayeuhkolot,Sukapura
32.04.12.2006,Jawa Barat,Kabupaten Bandung,Dayeuhkolot,Citeureup
32.04.13.2001,Jawa Barat,Kabupaten Bandung,Banjaran,Kamasan
32.04.13.2002,Jawa Barat,Kabupaten Bandung,Banjaran,Banjaran Wetan
32.04.13.2003,Jawa Barat,Kabupaten Bandung,Banjaran,Banjaran
32.04.13.2005,Jawa Barat,Kabupaten Bandung,Banjaran,Ciapus
32.04.13.2006,Jawa Barat,Kabupaten Bandung,Banjaran,Sindangpanon
32.04.13.2007,Jawa Barat,Kabupaten Bandung,Banjaran,Kiangroke
32.04.13.2008,Jawa Barat,Kabupaten Bandung,Banjaran,Tarajusari
32.04.13.2012,Jawa Barat,Kabupaten Bandung,Banjaran,Mekarjaya
32.04.13.2013,Jawa Barat,Kabupaten Bandung,Banjaran,Margahurip
32.04.13.2016,Jawa Barat,Kabupaten Bandung,Banjaran,Neglasari
32.04.13.2018,Jawa Barat,Kabupaten Bandung,Banjaran,Pasirmulya
32.04.14.2001,Jawa Barat,Kabupaten Bandung,Pameungpeuk,Sukasari
32.04.14.2002,Jawa Barat,Kabupaten Bandung,Pameungpeuk,Bojongmanggu
32.04.14.2003,Jawa Barat,Kabupaten Bandung,Pameungpeuk,Rancatungku
32.04.14.2004,Jawa Barat,Kabupaten Bandung,Pameungpeuk,Bojongkunci
32.04.14.2005,Jawa Barat,Kabupaten Bandung,Pameungpeuk,Rancamulya
32.04.14.2006,Jawa Barat,Kabupaten Bandung,Pameungpeuk,Langonsari
32.04.15.2001,Jawa Barat,Kabupaten Bandung,Pangalengan,Pangalengan
32.04.15.2002,Jawa Barat,Kabupaten Bandung,Pangalengan,Margaluyu
32.04.15.2003,Jawa Barat,Kabupaten Bandung,Pangalengan,Warnasari
32.04.15.2004,Jawa Barat,Kabupaten Bandung,Pangalengan,Sukamanah
32.04.15.2005,Jawa Barat,Kabupaten Bandung,Pangalengan,Lamajang
32.04.15.2006,Jawa Barat,Kabupaten Bandung,Pangalengan,Margamukti
32.04.15.2007,Jawa Barat,Kabupaten Bandung,Pangalengan,Margamulya
32.04.15.2008,Jawa Barat,Kabupaten Bandung,Pangalengan,Banjarsari
32.04.15.2009,Jawa Barat,Kabupaten Bandung,Pangalengan,Sukaluyu
32.04.15.2010,Jawa Barat,Kabupaten Bandung,Pangalengan,Tribaktimulya
32.04.15.2011,Jawa Barat,Kabupaten Bandung,Pangalengan,Pulosari
32.04.15.2012,Jawa Barat,Kabupaten Bandung,Pangalengan,Wanasuka
32.04.15.2013,Jawa Barat,Kabupaten Bandung,Pangalengan,Margamekar
32.04.16.2001,Jawa Barat,Kabupaten Bandung,Arjasari,Arjasari
32.04.16.2002,Jawa Barat,Kabupaten Bandung,Arjasari,Lebakwangi
32.04.16.2003,Jawa Barat,Kabupaten Bandung,Arjasari,Batukarut
32.04.16.2004,Jawa Barat,Kabupaten Bandung,Arjasari,Ancolmekar
32.04.16.2005,Jawa Barat,Kabupaten Bandung,Arjasari,Baros
32.04.16.2006,Jawa Barat,Kabupaten Bandung,Arjasari,Mangunjaya
32.04.16.2007,Jawa Barat,Kabupaten Bandung,Arjasari,Mekarjaya
32.04.16.2008,Jawa Barat,Kabupaten Bandung,Arjasari,Pinggirsari
32.04.16.2009,Jawa Barat,Kabupaten Bandung,Arjasari,Patrolsari
32.04.16.2010,Jawa Barat,Kabupaten Bandung,Arjasari,Rancakole
32.04.16.2011,Jawa Barat,Kabupaten Bandung,Arjasari,Wargaluyu
32.04.17.2001,Jawa Barat,Kabupaten Bandung,Cimaung,Cimaung
32.04.17.2002,Jawa Barat,Kabupaten Bandung,Cimaung,Jagabaya
32.04.17.2003,Jawa Barat,Kabupaten Bandung,Cimaung,Pasirhuni
32.04.17.2004,Jawa Barat,Kabupaten Bandung,Cimaung,Campakamulya
32.04.17.2005,Jawa Barat,Kabupaten Bandung,Cimaung,Cipinang
32.04.17.2006,Jawa Barat,Kabupaten Bandung,Cimaung,Mekarsari
32.04.17.2007,Jawa Barat,Kabupaten Bandung,Cimaung,Sukamaju
32.04.17.2008,Jawa Barat,Kabupaten Bandung,Cimaung,Cikalong
32.04.17.2009,Jawa Barat,Kabupaten Bandung,Cimaung,Malasari
32.04.17.2010,Jawa Barat,Kabupaten Bandung,Cimaung,Warjabakti
32.04.25.2001,Jawa Barat,Kabupaten Bandung,Cicalengka,Cicalengka Kulon
32.04.25.2002,Jawa Barat,Kabupaten Bandung,Cicalengka,Cicalengka Wetan
32.04.25.2003,Jawa Barat,Kabupaten Bandung,Cicalengka,Babakan Peuteuy
32.04.25.2004,Jawa Barat,Kabupaten Bandung,Cicalengka,Cikuya
32.04.25.2005,Jawa Barat,Kabupaten Bandung,Cicalengka,Dampit
32.04.25.2006,Jawa Barat,Kabupaten Bandung,Cicalengka,Margaasih
32.04.25.2007,Jawa Barat,Kabupaten Bandung,Cicalengka,Narawita
32.04.25.2008,Jawa Barat,Kabupaten Bandung,Cicalengka,Panenjoan
32.04.25.2009,Jawa Barat,Kabupaten Bandung,Cicalengka,Tanjungwangi
32.04.25.2010,Jawa Barat,Kabupaten Bandung,Cicalengka,Tenjolaya
32.04.25.2011,Jawa Barat,Kabupaten Bandung,Cicalengka,Waluya
32.04.25.2012,Jawa Barat,Kabupaten Bandung,Cicalengka,Nagrog
32.04.26.2001,Jawa Barat,Kabupaten Bandung,Nagreg,Nagreg
32.04.26.2002,Jawa Barat,Kabupaten Bandung,Nagreg,Bojong
32.04.26.2003,Jawa Barat,Kabupaten Bandung,Nagreg,Ciaro
32.04.26.2004,Jawa Barat,Kabupaten Bandung,Nagreg,Ciherang
32.04.26.2005,Jawa Barat,Kabupaten Bandung,Nagreg,Citaman
32.04.26.2006,Jawa Barat,Kabupaten Bandung,Nagreg,Mandalawangi
32.04.26.2007,Jawa Barat,Kabupaten Bandung,Nagreg,Nagreg Kendan
32.04.26.2008,Jawa Barat,Kabupaten Bandung,Nagreg,Ganjar Sabar
32.04.27.2001,Jawa Barat,Kabupaten Bandung,Cikancung,Mandalasari
32.04.27.2002,Jawa Barat,Kabupaten Bandung,Cikancung,Cikancung
32.04.27.2003,Jawa Barat,Kabupaten Bandung,Cikancung,Cikasungka
32.04.27.2004,Jawa Barat,Kabupaten Bandung,Cikancung,Cihanyir
32.04.27.2005,Jawa Barat,Kabupaten Bandung,Cikancung,Ciluluk
32.04.27.2006,Jawa Barat,Kabupaten Bandung,Cikancung,Hegarmanah
32.04.27.2007,Jawa Barat,Kabupaten Bandung,Cikancung,Mekarlaksana
32.04.27.2008,Jawa Barat,Kabupaten Bandung,Cikancung,Tanjunglaya
32.04.27.2009,Jawa Barat,Kabupaten Bandung,Cikancung,Srirahayu
32.04.28.1014,Jawa Barat,Kabupaten Bandung,Rancaekek,Rancaekek Kencana
32.04.28.2001,Jawa Barat,Kabupaten Bandung,Rancaekek,Rancaekek Wetan
32.04.28.2002,Jawa Barat,Kabupaten Bandung,Rancaekek,Rancaekek Kulon
32.04.28.2003,Jawa Barat,Kabupaten Bandung,Rancaekek,Bojongsalam
32.04.28.2004,Jawa Barat,Kabupaten Bandung,Rancaekek,Bojongloa
32.04.28.2005,Jawa Barat,Kabupaten Bandung,Rancaekek,Jelegong
32.04.28.2006,Jawa Barat,Kabupaten Bandung,Rancaekek,Linggar
32.04.28.2007,Jawa Barat,Kabupaten Bandung,Rancaekek,Cangkuang
32.04.28.2008,Jawa Barat,Kabupaten Bandung,Rancaekek,Haurpugur
32.04.28.2009,Jawa Barat,Kabupaten Bandung,Rancaekek,Sukamanah
32.04.28.2010,Jawa Barat,Kabupaten Bandung,Rancaekek,Sukamulya
32.04.28.2011,Jawa Barat,Kabupaten Bandung,Rancaekek,Tegal Sumedang
32.04.28.2012,Jawa Barat,Kabupaten Bandung,Rancaekek,Sangiang
32.04.28.2013,Jawa Barat,Kabupaten Bandung,Rancaekek,Nanjung Mekar
32.04.29.2001,Jawa Barat,Kabupaten Bandung,Ciparay,Ciparay
32.04.29.2002,Jawa Barat,Kabupaten Bandung,Ciparay,Gunungleutik
32.04.29.2003,Jawa Barat,Kabupaten Bandung,Ciparay,Mekarsari
32.04.29.2004,Jawa Barat,Kabupaten Bandung,Ciparay,Cikoneng
32.04.29.2005,Jawa Barat,Kabupaten Bandung,Ciparay,Ciheulang
32.04.29.2006,Jawa Barat,Kabupaten Bandung,Ciparay,Pakutandang
32.04.29.2007,Jawa Barat,Kabupaten Bandung,Ciparay,Sumbersari
32.04.29.2008,Jawa Barat,Kabupaten Bandung,Ciparay,Manggungharja
32.04.29.2009,Jawa Barat,Kabupaten Bandung,Ciparay,Sagaracipta
32.04.29.2010,Jawa Barat,Kabupaten Bandung,Ciparay,Sarimahi
32.04.29.2011,Jawa Barat,Kabupaten Bandung,Ciparay,Serangmekar
32.04.29.2012,Jawa Barat,Kabupaten Bandung,Ciparay,Babakan
32.04.29.2013,Jawa Barat,Kabupaten Bandung,Ciparay,Bumiwangi
32.04.29.2014,Jawa Barat,Kabupaten Bandung,Ciparay,Mekarlaksana
32.04.30.2001,Jawa Barat,Kabupaten Bandung,Pacet,Cipeujeuh
32.04.30.2002,Jawa Barat,Kabupaten Bandung,Pacet,Cikitu
32.04.30.2003,Jawa Barat,Kabupaten Bandung,Pacet,Cinanggela
32.04.30.2004,Jawa Barat,Kabupaten Bandung,Pacet,Maruyung
32.04.30.2005,Jawa Barat,Kabupaten Bandung,Pacet,Sukarame
32.04.30.2006,Jawa Barat,Kabupaten Bandung,Pacet,Nagrak
32.04.30.2007,Jawa Barat,Kabupaten Bandung,Pacet,Cikawao
32.04.30.2008,Jawa Barat,Kabupaten Bandung,Pacet,Mekarjaya
32.04.30.2009,Jawa Barat,Kabupaten Bandung,Pacet,Pangauban
32.04.30.2010,Jawa Barat,Kabupaten Bandung,Pacet,Mandalahaji
32.04.30.2011,Jawa Barat,Kabupaten Bandung,Pacet,Girimulya
32.04.30.2012,Jawa Barat,Kabupaten Bandung,Pacet,Tanjungwangi
32.04.30.2013,Jawa Barat,Kabupaten Bandung,Pacet,Mekarsari
32.04.31.2001,Jawa Barat,Kabupaten Bandung,Kertasari,Sukapura
32.04.31.2002,Jawa Barat,Kabupaten Bandung,Kertasari,Cibeureum
32.04.31.2003,Jawa Barat,Kabupaten Bandung,Kertasari,Santosa
32.04.31.2004,Jawa Barat,Kabupaten Bandung,Kertasari,Tarumajaya
32.04.31.2005,Jawa Barat,Kabupaten Bandung,Kertasari,Neglawangi
32.04.31.2006,Jawa Barat,Kabupaten Bandung,Kertasari,Cihawuk
32.04.31.2007,Jawa Barat,Kabupaten Bandung,Kertasari,Cikembang
32.04.31.2008,Jawa Barat,Kabupaten Bandung,Kertasari,Resmi Tingal
32.04.32.1001,Jawa Barat,Kabupaten Bandung,Baleendah,Baleendah
32.04.32.1002,Jawa Barat,Kabupaten Bandung,Baleendah,Andir
32.04.32.1003,Jawa Barat,Kabupaten Bandung,Baleendah,Manggahang
32.04.32.1004,Jawa Barat,Kabupaten Bandung,Baleendah,Jelekong
32.04.32.1008,Jawa Barat,Kabupaten Bandung,Baleendah,Wargamekar
32.04.32.2005,Jawa Barat,Kabupaten Bandung,Baleendah,Bojongmalaka
32.04.32.2006,Jawa Barat,Kabupaten Bandung,Baleendah,Rancamanyar
32.04.32.2007,Jawa Barat,Kabupaten Bandung,Baleendah,Malakasari
32.04.33.2001,Jawa Barat,Kabupaten Bandung,Majalaya,Majalaya
32.04.33.2002,Jawa Barat,Kabupaten Bandung,Majalaya,Wangisagara
32.04.33.2003,Jawa Barat,Kabupaten Bandung,Majalaya,Biru
32.04.33.2004,Jawa Barat,Kabupaten Bandung,Majalaya,Padamulya
32.04.33.2005,Jawa Barat,Kabupaten Bandung,Majalaya,Bojong
32.04.33.2006,Jawa Barat,Kabupaten Bandung,Majalaya,Majasetra
32.04.33.2007,Jawa Barat,Kabupaten Bandung,Majalaya,Majakerta
32.04.33.2008,Jawa Barat,Kabupaten Bandung,Majalaya,Sukamaju
32.04.33.2009,Jawa Barat,Kabupaten Bandung,Majalaya,Padaulun
32.04.33.2010,Jawa Barat,Kabupaten Bandung,Majalaya,Neglasari
32.04.33.2011,Jawa Barat,Kabupaten Bandung,Majalaya,Sukamukti
32.04.34.2001,Jawa Barat,Kabupaten Bandung,Solokanjeruk,Rancakasumba
32.04.34.2002,Jawa Barat,Kabupaten Bandung,Solokanjeruk,Solokanjeruk
32.04.34.2003,Jawa Barat,Kabupaten Bandung,Solokanjeruk,Cibodas
32.04.34.2004,Jawa Barat,Kabupaten Bandung,Solokanjeruk,Panyadap
32.04.34.2005,Jawa Barat,Kabupaten Bandung,Solokanjeruk,Bojongemas
32.04.34.2006,Jawa Barat,Kabupaten Bandung,Solokanjeruk,Padamukti
32.04.34.2007,Jawa Barat,Kabupaten Bandung,Solokanjeruk,Langensari
32.04.35.2001,Jawa Barat,Kabupaten Bandung,Paseh,Cigentur
32.04.35.2002,Jawa Barat,Kabupaten Bandung,Paseh,Cipedes
32.04.35.2003,Jawa Barat,Kabupaten Bandung,Paseh,Loa
32.04.35.2004,Jawa Barat,Kabupaten Bandung,Paseh,Cijagra
32.04.35.2005,Jawa Barat,Kabupaten Bandung,Paseh,Cipaku
32.04.35.2006,Jawa Barat,Kabupaten Bandung,Paseh,Sindangsari
32.04.35.2007,Jawa Barat,Kabupaten Bandung,Paseh,Drawati
32.04.35.2008,Jawa Barat,Kabupaten Bandung,Paseh,Sukamanah
32.04.35.2009,Jawa Barat,Kabupaten Bandung,Paseh,Sukamantri
32.04.35.2010,Jawa Barat,Kabupaten Bandung,Paseh,Karangtunggal
32.04.35.2011,Jawa Barat,Kabupaten Bandung,Paseh,Mekarpawitan
32.04.35.2012,Jawa Barat,Kabupaten Bandung,Paseh,Tangsimekar
32.04.36.2001,Jawa Barat,Kabupaten Bandung,Ibun,Ibun
32.04.36.2002,Jawa Barat,Kabupaten Bandung,Ibun,Laksana
32.04.36.2003,Jawa Barat,Kabupaten Bandung,Ibun,Dukuh
32.04.36.2004,Jawa Barat,Kabupaten Bandung,Ibun,Talun
32.04.36.2005,Jawa Barat,Kabupaten Bandung,Ibun,Pangguh
32.04.36.2006,Jawa Barat,Kabupaten Bandung,Ibun,Lampegan
32.04.36.2007,Jawa Barat,Kabupaten Bandung,Ibun,Neglasari
32.04.36.2008,Jawa Barat,Kabupaten Bandung,Ibun,Mekarwangi
32.04.36.2009,Jawa Barat,Kabupaten Bandung,Ibun,Sudi
32.04.36.2010,Jawa Barat,Kabupaten Bandung,Ibun,Tanggulun
32.04.36.2011,Jawa Barat,Kabupaten Bandung,Ibun,Cibeet
32.04.36.2012,Jawa Barat,Kabupaten Bandung,Ibun,Karyalaksana
32.04.37.2001,Jawa Barat,Kabupaten Bandung,Soreang,Soreang
32.04.37.2002,Jawa Barat,Kabupaten Bandung,Soreang,Sadu
32.04.37.2004,Jawa Barat,Kabupaten Bandung,Soreang,Panyirapan
32.04.37.2010,Jawa Barat,Kabupaten Bandung,Soreang,Sukajadi
32.04.37.2011,Jawa Barat,Kabupaten Bandung,Soreang,Pamekaran
32.04.37.2017,Jawa Barat,Kabupaten Bandung,Soreang,Karamatmulya
32.04.37.2018,Jawa Barat,Kabupaten Bandung,Soreang,Sukanagara
32.04.37.2019,Jawa Barat,Kabupaten Bandung,Soreang,Cingcin
32.04.37.2020,Jawa Barat,Kabupaten Bandung,Soreang,Parungserab
32.04.37.2021,Jawa Barat,Kabupaten Bandung,Soreang,Sekarwangi
32.04.38.2001,Jawa Barat,Kabupaten Bandung,Pasirjambu,Pasirjambu
32.04.38.2002,Jawa Barat,Kabupaten Bandung,Pasirjambu,Cibodas
32.04.38.2003,Jawa Barat,Kabupaten Bandung,Pasirjambu,Cikoneng
32.04.38.2004,Jawa Barat,Kabupaten Bandung,Pasirjambu,Cukanggenteng
32.04.38.2005,Jawa Barat,Kabupaten Bandung,Pasirjambu,Cisondari
32.04.38.2006,Jawa Barat,Kabupaten Bandung,Pasirjambu,Margamulya
32.04.38.2007,Jawa Barat,Kabupaten Bandung,Pasirjambu,Mekarsari
32.04.38.2008,Jawa Barat,Kabupaten Bandung,Pasirjambu,Mekarmaju
32.04.38.2009,Jawa Barat,Kabupaten Bandung,Pasirjambu,Sugihmukti
32.04.38.2010,Jawa Barat,Kabupaten Bandung,Pasirjambu,Tenjolaya
32.04.39.2001,Jawa Barat,Kabupaten Bandung,Ciwidey,Lebakmuncang
32.04.39.2002,Jawa Barat,Kabupaten Bandung,Ciwidey,Ciwidey
32.04.39.2003,Jawa Barat,Kabupaten Bandung,Ciwidey,Nengkelan
32.04.39.2004,Jawa Barat,Kabupaten Bandung,Ciwidey,Panundaan
32.04.39.2005,Jawa Barat,Kabupaten Bandung,Ciwidey,Panyocokan
32.04.39.2006,Jawa Barat,Kabupaten Bandung,Ciwidey,Rawabogo
32.04.39.2007,Jawa Barat,Kabupaten Bandung,Ciwidey,Sukawening
32.04.40.2001,Jawa Barat,Kabupaten Bandung,Rancabali,Patengan
32.04.40.2002,Jawa Barat,Kabupaten Bandung,Rancabali,Sukaresmi
32.04.40.2003,Jawa Barat,Kabupaten Bandung,Rancabali,Indragiri
32.04.40.2004,Jawa Barat,Kabupaten Bandung,Rancabali,Cipelah
32.04.40.2005,Jawa Barat,Kabupaten Bandung,Rancabali,Alamendah
32.04.44.2001,Jawa Barat,Kabupaten Bandung,Cangkuang,Cangkuang
32.04.44.2002,Jawa Barat,Kabupaten Bandung,Cangkuang,Ciluncat
32.04.44.2003,Jawa Barat,Kabupaten Bandung,Cangkuang,Nagrak
32.04.44.2004,Jawa Barat,Kabupaten Bandung,Cangkuang,Bandasari
32.04.44.2005,Jawa Barat,Kabupaten Bandung,Cangkuang,Pananjung
32.04.44.2006,Jawa Barat,Kabupaten Bandung,Cangkuang,Jatisari
32.04.44.2007,Jawa Barat,Kabupaten Bandung,Cangkuang,Tanjungsari
32.04.46.2001,Jawa Barat,Kabupaten Bandung,Kutawaringin,Jelegong
32.04.46.2002,Jawa Barat,Kabupaten Bandung,Kutawaringin,Jatisari
32.04.46.2003,Jawa Barat,Kabupaten Bandung,Kutawaringin,Pameuntasan
32.04.46.2004,Jawa Barat,Kabupaten Bandung,Kutawaringin,Kopo
32.04.46.2005,Jawa Barat,Kabupaten Bandung,Kutawaringin,Cibodas
32.04.46.2006,Jawa Barat,Kabupaten Bandung,Kutawaringin,Kutawaringin
32.04.46.2007,Jawa Barat,Kabupaten Bandung,Kutawaringin,Sukamulya
32.04.46.2008,Jawa Barat,Kabupaten Bandung,Kutawaringin,Padasuka
32.04.46.2009,Jawa Barat,Kabupaten Bandung,Kutawaringin,Buninagara
32.04.46.2010,Jawa Barat,Kabupaten Bandung,Kutawaringin,Gajah Mekar
32.04.46.2011,Jawa Barat,Kabupaten Bandung,Kutawaringin,Cilame
32.05.01.1001,Jawa Barat,Kabupaten Garut,Garut Kota,Kota Kulon
32.05.01.1002,Jawa Barat,Kabupaten Garut,Garut Kota,Kota Wetan
32.05.01.1003,Jawa Barat,Kabupaten Garut,Garut Kota,Margawati
32.05.01.1004,Jawa Barat,Kabupaten Garut,Garut Kota,Pakuwon
32.05.01.1005,Jawa Barat,Kabupaten Garut,Garut Kota,Muara Sanding
32.05.01.1006,Jawa Barat,Kabupaten Garut,Garut Kota,Sukamentri
32.05.01.1007,Jawa Barat,Kabupaten Garut,Garut Kota,Ciwalen
32.05.01.1008,Jawa Barat,Kabupaten Garut,Garut Kota,Paminggir
32.05.01.1009,Jawa Barat,Kabupaten Garut,Garut Kota,Regol
32.05.01.1010,Jawa Barat,Kabupaten Garut,Garut Kota,Sukanegla
32.05.01.1011,Jawa Barat,Kabupaten Garut,Garut Kota,Cimuncang
32.05.02.1001,Jawa Barat,Kabupaten Garut,Karangpawitan,Suci Kaler
32.05.02.1002,Jawa Barat,Kabupaten Garut,Karangpawitan,Lebakjaya
32.05.02.1003,Jawa Barat,Kabupaten Garut,Karangpawitan,Karangmulya
32.05.02.1014,Jawa Barat,Kabupaten Garut,Karangpawitan,Lengkongjaya
32.05.02.2004,Jawa Barat,Kabupaten Garut,Karangpawitan,Karangpawitan
32.05.02.2005,Jawa Barat,Kabupaten Garut,Karangpawitan,Situgede
32.05.02.2006,Jawa Barat,Kabupaten Garut,Karangpawitan,Cimurah
32.05.02.2007,Jawa Barat,Kabupaten Garut,Karangpawitan,Suci
32.05.02.2008,Jawa Barat,Kabupaten Garut,Karangpawitan,Jatisari
32.05.02.2009,Jawa Barat,Kabupaten Garut,Karangpawitan,Godog
32.05.02.2010,Jawa Barat,Kabupaten Garut,Karangpawitan,Situsari
32.05.02.2011,Jawa Barat,Kabupaten Garut,Karangpawitan,Karangsari
32.05.02.2012,Jawa Barat,Kabupaten Garut,Karangpawitan,Sindangpalay
32.05.02.2013,Jawa Barat,Kabupaten Garut,Karangpawitan,Lebakagung
32.05.02.2015,Jawa Barat,Kabupaten Garut,Karangpawitan,Sindanggalih
32.05.02.2016,Jawa Barat,Kabupaten Garut,Karangpawitan,Mekarsari
32.05.02.2017,Jawa Barat,Kabupaten Garut,Karangpawitan,Sindanglaya
32.05.02.2018,Jawa Barat,Kabupaten Garut,Karangpawitan,Tanjungsari
32.05.02.2019,Jawa Barat,Kabupaten Garut,Karangpawitan,Situsaeur
32.05.02.2020,Jawa Barat,Kabupaten Garut,Karangpawitan,Situjaya
32.05.03.2001,Jawa Barat,Kabupaten Garut,Wanaraja,Wanaraja
32.05.03.2002,Jawa Barat,Kabupaten Garut,Wanaraja,Wanamekar
32.05.03.2003,Jawa Barat,Kabupaten Garut,Wanaraja,Cinunuk
32.05.03.2007,Jawa Barat,Kabupaten Garut,Wanaraja,Sukamenak
32.05.03.2008,Jawa Barat,Kabupaten Garut,Wanaraja,Sindangratu
32.05.03.2011,Jawa Barat,Kabupaten Garut,Wanaraja,Wanajaya
32.05.03.2015,Jawa Barat,Kabupaten Garut,Wanaraja,Sindangmekar
32.05.03.2019,Jawa Barat,Kabupaten Garut,Wanaraja,Wanasari
32.05.03.2024,Jawa Barat,Kabupaten Garut,Wanaraja,Sindangprabu
32.05.04.1012,Jawa Barat,Kabupaten Garut,Tarogong Kaler,Pananjung
32.05.04.2001,Jawa Barat,Kabupaten Garut,Tarogong Kaler,Sukajadi
32.05.04.2002,Jawa Barat,Kabupaten Garut,Tarogong Kaler,Cimanganten
32.05.04.2003,Jawa Barat,Kabupaten Garut,Tarogong Kaler,Jati
32.05.04.2004,Jawa Barat,Kabupaten Garut,Tarogong Kaler,Rancabango
32.05.04.2005,Jawa Barat,Kabupaten Garut,Tarogong Kaler,Sukawangi
32.05.04.2006,Jawa Barat,Kabupaten Garut,Tarogong Kaler,Sirnajaya
32.05.04.2007,Jawa Barat,Kabupaten Garut,Tarogong Kaler,Tanjung Kamuning
32.05.04.2008,Jawa Barat,Kabupaten Garut,Tarogong Kaler,Mekarjaya
32.05.04.2009,Jawa Barat,Kabupaten Garut,Tarogong Kaler,Langensari
32.05.04.2010,Jawa Barat,Kabupaten Garut,Tarogong Kaler,Mekarwangi
32.05.04.2011,Jawa Barat,Kabupaten Garut,Tarogong Kaler,Pasawahan
32.05.04.2013,Jawa Barat,Kabupaten Garut,Tarogong Kaler,Panjiwangi
32.05.05.1001,Jawa Barat,Kabupaten Garut,Tarogong Kidul,Pataruman
32.05.05.1002,Jawa Barat,Kabupaten Garut,Tarogong Kidul,Sukagalih
32.05.05.1006,Jawa Barat,Kabupaten Garut,Tarogong Kidul,Jayawaras
32.05.05.1009,Jawa Barat,Kabupaten Garut,Tarogong Kidul,Sukakarya
32.05.05.1012,Jawa Barat,Kabupaten Garut,Tarogong Kidul,Sukajaya
32.05.05.2003,Jawa Barat,Kabupaten Garut,Tarogong Kidul,Jayaraga
32.05.05.2004,Jawa Barat,Kabupaten Garut,Tarogong Kidul,Haurpanggung
32.05.05.2005,Jawa Barat,Kabupaten Garut,Tarogong Kidul,Cibunar
32.05.05.2007,Jawa Barat,Kabupaten Garut,Tarogong Kidul,Sukabakti
32.05.05.2008,Jawa Barat,Kabupaten Garut,Tarogong Kidul,Tarogong
32.05.05.2010,Jawa Barat,Kabupaten Garut,Tarogong Kidul,Mekargalih
32.05.05.2011,Jawa Barat,Kabupaten Garut,Tarogong Kidul,Kersamenak
32.05.06.2001,Jawa Barat,Kabupaten Garut,Banyuresmi,Banyuresmi
32.05.06.2002,Jawa Barat,Kabupaten Garut,Banyuresmi,Cimareme
32.05.06.2003,Jawa Barat,Kabupaten Garut,Banyuresmi,Sukaratu
32.05.06.2004,Jawa Barat,Kabupaten Garut,Banyuresmi,Sukasenang
32.05.06.2005,Jawa Barat,Kabupaten Garut,Banyuresmi,Sukaraja
32.05.06.2006,Jawa Barat,Kabupaten Garut,Banyuresmi,Cipicung
32.05.06.2007,Jawa Barat,Kabupaten Garut,Banyuresmi,Dangdeur
32.05.06.2008,Jawa Barat,Kabupaten Garut,Banyuresmi,Sukakarya
32.05.06.2009,Jawa Barat,Kabupaten Garut,Banyuresmi,Pamekarsari
32.05.06.2010,Jawa Barat,Kabupaten Garut,Banyuresmi,Binakarya
32.05.06.2011,Jawa Barat,Kabupaten Garut,Banyuresmi,Bagendit
32.05.06.2012,Jawa Barat,Kabupaten Garut,Banyuresmi,Karyamukti
32.05.06.2013,Jawa Barat,Kabupaten Garut,Banyuresmi,Karyasari
32.05.06.2014,Jawa Barat,Kabupaten Garut,Banyuresmi,Sukamukti
32.05.06.2015,Jawa Barat,Kabupaten Garut,Banyuresmi,Sukalaksana
32.05.07.2001,Jawa Barat,Kabupaten Garut,Samarang,Samarang
32.05.07.2002,Jawa Barat,Kabupaten Garut,Samarang,Cintarakyat
32.05.07.2003,Jawa Barat,Kabupaten Garut,Samarang,Sukarasa
32.05.07.2004,Jawa Barat,Kabupaten Garut,Samarang,Parakan
32.05.07.2005,Jawa Barat,Kabupaten Garut,Samarang,Sukakarya
32.05.07.2006,Jawa Barat,Kabupaten Garut,Samarang,Cintakarya
32.05.07.2007,Jawa Barat,Kabupaten Garut,Samarang,Tanjung Karya
32.05.07.2008,Jawa Barat,Kabupaten Garut,Samarang,Cisarua
32.05.07.2009,Jawa Barat,Kabupaten Garut,Samarang,Cintarasa
32.05.07.2010,Jawa Barat,Kabupaten Garut,Samarang,Cintaasih
32.05.07.2011,Jawa Barat,Kabupaten Garut,Samarang,Sirnasari
32.05.07.2012,Jawa Barat,Kabupaten Garut,Samarang,Sukalaksana
32.05.07.2013,Jawa Barat,Kabupaten Garut,Samarang,Tanjunganom
32.05.08.2001,Jawa Barat,Kabupaten Garut,Pasirwangi,Pasirwangi
32.05.08.2002,Jawa Barat,Kabupaten Garut,Pasirwangi,Pasirkiamis
32.05.08.2003,Jawa Barat,Kabupaten Garut,Pasirwangi,Padasuka
32.05.08.2004,Jawa Barat,Kabupaten Garut,Pasirwangi,Karyamekar
32.05.08.2005,Jawa Barat,Kabupaten Garut,Pasirwangi,Padawaas
32.05.08.2006,Jawa Barat,Kabupaten Garut,Pasirwangi,Padaasih
32.05.08.2007,Jawa Barat,Kabupaten Garut,Pasirwangi,Barusari
32.05.08.2008,Jawa Barat,Kabupaten Garut,Pasirwangi,Talaga
32.05.08.2009,Jawa Barat,Kabupaten Garut,Pasirwangi,Padamukti
32.05.08.2010,Jawa Barat,Kabupaten Garut,Pasirwangi,Sinarjaya
32.05.08.2011,Jawa Barat,Kabupaten Garut,Pasirwangi,Sarimukti
32.05.08.2012,Jawa Barat,Kabupaten Garut,Pasirwangi,Padamulya
32.05.09.2001,Jawa Barat,Kabupaten Garut,Leles,Leles
32.05.09.2002,Jawa Barat,Kabupaten Garut,Leles,Ciburial
32.05.09.2003,Jawa Barat,Kabupaten Garut,Leles,Jangkurang
32.05.09.2004,Jawa Barat,Kabupaten Garut,Leles,Sukarame
32.05.09.2005,Jawa Barat,Kabupaten Garut,Leles,Lembang
32.05.09.2006,Jawa Barat,Kabupaten Garut,Leles,Cangkuang
32.05.09.2007,Jawa Barat,Kabupaten Garut,Leles,Salamnunggal
32.05.09.2008,Jawa Barat,Kabupaten Garut,Leles,Kandangmukti
32.05.09.2009,Jawa Barat,Kabupaten Garut,Leles,Margaluyu
32.05.09.2010,Jawa Barat,Kabupaten Garut,Leles,Cipancar
32.05.09.2011,Jawa Barat,Kabupaten Garut,Leles,Haruman
32.05.09.2012,Jawa Barat,Kabupaten Garut,Leles,Dano
32.05.10.2001,Jawa Barat,Kabupaten Garut,Kadungora,Kadungora
32.05.10.2002,Jawa Barat,Kabupaten Garut,Kadungora,Gandamekar
32.05.10.2003,Jawa Barat,Kabupaten Garut,Kadungora,Cikembulan
32.05.10.2004,Jawa Barat,Kabupaten Garut,Kadungora,Cisaat
32.05.10.2005,Jawa Barat,Kabupaten Garut,Kadungora,Mandalasari
32.05.10.2006,Jawa Barat,Kabupaten Garut,Kadungora,Tanggulun
32.05.10.2007,Jawa Barat,Kabupaten Garut,Kadungora,Mekarbakti
32.05.10.2008,Jawa Barat,Kabupaten Garut,Kadungora,Karangmulya
32.05.10.2009,Jawa Barat,Kabupaten Garut,Kadungora,Harumansari
32.05.10.2010,Jawa Barat,Kabupaten Garut,Kadungora,Talagasari
32.05.10.2011,Jawa Barat,Kabupaten Garut,Kadungora,Hegarsari
32.05.10.2012,Jawa Barat,Kabupaten Garut,Kadungora,Neglasari
32.05.10.2013,Jawa Barat,Kabupaten Garut,Kadungora,Karangtengah
32.05.10.2014,Jawa Barat,Kabupaten Garut,Kadungora,Rancasalak
32.05.11.2001,Jawa Barat,Kabupaten Garut,Leuwigoong,Leuwigoong
32.05.11.2002,Jawa Barat,Kabupaten Garut,Leuwigoong,Karanganyar
32.05.11.2003,Jawa Barat,Kabupaten Garut,Leuwigoong,Margacinta
32.05.11.2004,Jawa Barat,Kabupaten Garut,Leuwigoong,Margahayu
32.05.11.2005,Jawa Barat,Kabupaten Garut,Leuwigoong,Dungusiku
32.05.11.2006,Jawa Barat,Kabupaten Garut,Leuwigoong,Tambak Sari
32.05.11.2007,Jawa Barat,Kabupaten Garut,Leuwigoong,Sindangsari
32.05.11.2008,Jawa Barat,Kabupaten Garut,Leuwigoong,Karangsari
32.05.12.2001,Jawa Barat,Kabupaten Garut,Cibatu,Cibatu
32.05.12.2002,Jawa Barat,Kabupaten Garut,Cibatu,Mekarsari
32.05.12.2003,Jawa Barat,Kabupaten Garut,Cibatu,Cibunar
32.05.12.2004,Jawa Barat,Kabupaten Garut,Cibatu,Sindangsuka
32.05.12.2005,Jawa Barat,Kabupaten Garut,Cibatu,Kertajaya
32.05.12.2006,Jawa Barat,Kabupaten Garut,Cibatu,Sukalilah
32.05.12.2007,Jawa Barat,Kabupaten Garut,Cibatu,Padasuka
32.05.12.2008,Jawa Barat,Kabupaten Garut,Cibatu,Karyamukti
32.05.12.2009,Jawa Barat,Kabupaten Garut,Cibatu,Girimukti
32.05.12.2010,Jawa Barat,Kabupaten Garut,Cibatu,Keresek
32.05.12.2011,Jawa Barat,Kabupaten Garut,Cibatu,Wanakerta
32.05.13.2001,Jawa Barat,Kabupaten Garut,Kersamanah,Kersamanah
32.05.13.2002,Jawa Barat,Kabupaten Garut,Kersamanah,Nanjungjaya
32.05.13.2003,Jawa Barat,Kabupaten Garut,Kersamanah,Sukamerang
32.05.13.2004,Jawa Barat,Kabupaten Garut,Kersamanah,Girijaya
32.05.13.2005,Jawa Barat,Kabupaten Garut,Kersamanah,Sukamaju
32.05.13.2006,Jawa Barat,Kabupaten Garut,Kersamanah,Mekarraya
32.05.14.2001,Jawa Barat,Kabupaten Garut,Malangbong,Malangbong
32.05.14.2002,Jawa Barat,Kabupaten Garut,Malangbong,Karangmulya
32.05.14.2003,Jawa Barat,Kabupaten Garut,Malangbong,Cibunar
32.05.14.2004,Jawa Barat,Kabupaten Garut,Malangbong,Cikarag
32.05.14.2005,Jawa Barat,Kabupaten Garut,Malangbong,Sakawayana
32.05.14.2006,Jawa Barat,Kabupaten Garut,Malangbong,Mekarasih
32.05.14.2007,Jawa Barat,Kabupaten Garut,Malangbong,Cisitu
32.05.14.2008,Jawa Barat,Kabupaten Garut,Malangbong,Campaka
32.05.14.2009,Jawa Barat,Kabupaten Garut,Malangbong,Lewobaru
32.05.14.2010,Jawa Barat,Kabupaten Garut,Malangbong,Sukamanah
32.05.14.2011,Jawa Barat,Kabupaten Garut,Malangbong,Cilampuyang
32.05.14.2012,Jawa Barat,Kabupaten Garut,Malangbong,Cinagara
32.05.14.2013,Jawa Barat,Kabupaten Garut,Malangbong,Sukaratu
32.05.14.2014,Jawa Barat,Kabupaten Garut,Malangbong,Citeras
32.05.14.2015,Jawa Barat,Kabupaten Garut,Malangbong,Sukarasa
32.05.14.2016,Jawa Barat,Kabupaten Garut,Malangbong,Sekarwangi
32.05.14.2017,Jawa Barat,Kabupaten Garut,Malangbong,Kutanagara
32.05.14.2018,Jawa Barat,Kabupaten Garut,Malangbong,Sanding
32.05.14.2019,Jawa Barat,Kabupaten Garut,Malangbong,Cihaurkuning
32.05.14.2020,Jawa Barat,Kabupaten Garut,Malangbong,Baru Dua
32.05.14.2021,Jawa Barat,Kabupaten Garut,Malangbong,Sukajaya
32.05.14.2022,Jawa Barat,Kabupaten Garut,Malangbong,Bunisari
32.05.14.2023,Jawa Barat,Kabupaten Garut,Malangbong,Mekarmulya
32.05.14.2024,Jawa Barat,Kabupaten Garut,Malangbong,Girimakmur
32.05.15.2001,Jawa Barat,Kabupaten Garut,Sukawening,Sukawening
32.05.15.2002,Jawa Barat,Kabupaten Garut,Sukawening,Sukamukti
32.05.15.2003,Jawa Barat,Kabupaten Garut,Sukawening,Mekarluyu
32.05.15.2004,Jawa Barat,Kabupaten Garut,Sukawening,Sukaluyu
32.05.15.2005,Jawa Barat,Kabupaten Garut,Sukawening,Sudalarang
32.05.15.2006,Jawa Barat,Kabupaten Garut,Sukawening,Sukasono
32.05.15.2007,Jawa Barat,Kabupaten Garut,Sukawening,Sukahaji
32.05.15.2008,Jawa Barat,Kabupaten Garut,Sukawening,Pasanggrahan
32.05.15.2009,Jawa Barat,Kabupaten Garut,Sukawening,Maripari
32.05.15.2010,Jawa Barat,Kabupaten Garut,Sukawening,Mekarwangi
32.05.15.2011,Jawa Barat,Kabupaten Garut,Sukawening,Mekar Hurip
32.05.16.2001,Jawa Barat,Kabupaten Garut,Karangtengah,Caringin
32.05.16.2002,Jawa Barat,Kabupaten Garut,Karangtengah,Cintamanik
32.05.16.2003,Jawa Barat,Kabupaten Garut,Karangtengah,Cinta
32.05.16.2004,Jawa Barat,Kabupaten Garut,Karangtengah,Sindanggalih
32.05.17.2001,Jawa Barat,Kabupaten Garut,Bayongbong,Bayongbong
32.05.17.2002,Jawa Barat,Kabupaten Garut,Bayongbong,Panembong
32.05.17.2003,Jawa Barat,Kabupaten Garut,Bayongbong,Hegarmanah
32.05.17.2004,Jawa Barat,Kabupaten Garut,Bayongbong,Salakuray
32.05.17.2005,Jawa Barat,Kabupaten Garut,Bayongbong,Karyajaya
32.05.17.2006,Jawa Barat,Kabupaten Garut,Bayongbong,Mulyasari
32.05.17.2007,Jawa Barat,Kabupaten Garut,Bayongbong,Pamalayan
32.05.17.2008,Jawa Barat,Kabupaten Garut,Bayongbong,Mekarsari
32.05.17.2009,Jawa Barat,Kabupaten Garut,Bayongbong,Ciburuy
32.05.17.2010,Jawa Barat,Kabupaten Garut,Bayongbong,Ciela
32.05.17.2011,Jawa Barat,Kabupaten Garut,Bayongbong,Cikedokan
32.05.17.2012,Jawa Barat,Kabupaten Garut,Bayongbong,Banjarsari
32.05.17.2013,Jawa Barat,Kabupaten Garut,Bayongbong,Sukasenang
32.05.17.2014,Jawa Barat,Kabupaten Garut,Bayongbong,Mekarjaya
32.05.17.2015,Jawa Barat,Kabupaten Garut,Bayongbong,Sirnagalih
32.05.17.2016,Jawa Barat,Kabupaten Garut,Bayongbong,Sukarame
32.05.17.2017,Jawa Barat,Kabupaten Garut,Bayongbong,Cinisti
32.05.17.2018,Jawa Barat,Kabupaten Garut,Bayongbong,Sukamanah
32.05.18.2001,Jawa Barat,Kabupaten Garut,Cigedug,Cigedug
32.05.18.2002,Jawa Barat,Kabupaten Garut,Cigedug,Barusuda
32.05.18.2003,Jawa Barat,Kabupaten Garut,Cigedug,Sukahurip
32.05.18.2004,Jawa Barat,Kabupaten Garut,Cigedug,Sindangsari
32.05.18.2005,Jawa Barat,Kabupaten Garut,Cigedug,Cintanagara
32.05.19.2001,Jawa Barat,Kabupaten Garut,Cilawu,Cilawu
32.05.19.2002,Jawa Barat,Kabupaten Garut,Cilawu,Sukamukti
32.05.19.2003,Jawa Barat,Kabupaten Garut,Cilawu,Karyamekar
32.05.19.2004,Jawa Barat,Kabupaten Garut,Cilawu,Dawungsari
32.05.19.2005,Jawa Barat,Kabupaten Garut,Cilawu,Pasanggrahan
32.05.19.2006,Jawa Barat,Kabupaten Garut,Cilawu,Sukahati
32.05.19.2007,Jawa Barat,Kabupaten Garut,Cilawu,Mekarsari
32.05.19.2008,Jawa Barat,Kabupaten Garut,Cilawu,Mekarmukti
32.05.19.2009,Jawa Barat,Kabupaten Garut,Cilawu,Desakolot
32.05.19.2010,Jawa Barat,Kabupaten Garut,Cilawu,Ngamplangsari
32.05.19.2011,Jawa Barat,Kabupaten Garut,Cilawu,Margalaksana
32.05.19.2012,Jawa Barat,Kabupaten Garut,Cilawu,Dangiang
32.05.19.2013,Jawa Barat,Kabupaten Garut,Cilawu,Dayeuhmanggung
32.05.19.2014,Jawa Barat,Kabupaten Garut,Cilawu,Sukamaju
32.05.19.2015,Jawa Barat,Kabupaten Garut,Cilawu,Mangkurakyat
32.05.19.2016,Jawa Barat,Kabupaten Garut,Cilawu,Ngamplang
32.05.19.2017,Jawa Barat,Kabupaten Garut,Cilawu,Sukatani
32.05.19.2018,Jawa Barat,Kabupaten Garut,Cilawu,Sukamurni
32.05.20.2001,Jawa Barat,Kabupaten Garut,Cisurupan,Cisurupan
32.05.20.2002,Jawa Barat,Kabupaten Garut,Cisurupan,Cidatar
32.05.20.2003,Jawa Barat,Kabupaten Garut,Cisurupan,Sukawangi
32.05.20.2004,Jawa Barat,Kabupaten Garut,Cisurupan,Sukatani
32.05.20.2005,Jawa Barat,Kabupaten Garut,Cisurupan,Situsari
32.05.20.2006,Jawa Barat,Kabupaten Garut,Cisurupan,Pakuwon
32.05.20.2007,Jawa Barat,Kabupaten Garut,Cisurupan,Balewangi
32.05.20.2008,Jawa Barat,Kabupaten Garut,Cisurupan,Sirnajaya
32.05.20.2009,Jawa Barat,Kabupaten Garut,Cisurupan,Cisero
32.05.20.2010,Jawa Barat,Kabupaten Garut,Cisurupan,Karamatwangi
32.05.20.2011,Jawa Barat,Kabupaten Garut,Cisurupan,Cipaganti
32.05.20.2012,Jawa Barat,Kabupaten Garut,Cisurupan,Pamulihan
32.05.20.2013,Jawa Barat,Kabupaten Garut,Cisurupan,Tambakbaya
32.05.20.2014,Jawa Barat,Kabupaten Garut,Cisurupan,Sirnagalih
32.05.20.2015,Jawa Barat,Kabupaten Garut,Cisurupan,Pangauban
32.05.20.2016,Jawa Barat,Kabupaten Garut,Cisurupan,Simpangsari
32.05.20.2017,Jawa Barat,Kabupaten Garut,Cisurupan,Cintaasih
32.05.21.2001,Jawa Barat,Kabupaten Garut,Sukaresmi,Sukaresmi
32.05.21.2002,Jawa Barat,Kabupaten Garut,Sukaresmi,Cintadamai
32.05.21.2003,Jawa Barat,Kabupaten Garut,Sukaresmi,Mekarjaya
32.05.21.2004,Jawa Barat,Kabupaten Garut,Sukaresmi,Sukajaya
32.05.21.2005,Jawa Barat,Kabupaten Garut,Sukaresmi,Sukamulya
32.05.21.2006,Jawa Barat,Kabupaten Garut,Sukaresmi,Padamukti
32.05.21.2007,Jawa Barat,Kabupaten Garut,Sukaresmi,Sukalilah
32.05.22.2001,Jawa Barat,Kabupaten Garut,Cikajang,Cikajang
32.05.22.2002,Jawa Barat,Kabupaten Garut,Cikajang,Simpang
32.05.22.2003,Jawa Barat,Kabupaten Garut,Cikajang,Mekarsari
32.05.22.2004,Jawa Barat,Kabupaten Garut,Cikajang,Girijaya
32.05.22.2005,Jawa Barat,Kabupaten Garut,Cikajang,Giriawas
32.05.22.2006,Jawa Barat,Kabupaten Garut,Cikajang,Cibodas
32.05.22.2007,Jawa Barat,Kabupaten Garut,Cikajang,Mekarjaya
32.05.22.2008,Jawa Barat,Kabupaten Garut,Cikajang,Cikandang
32.05.22.2009,Jawa Barat,Kabupaten Garut,Cikajang,Padasuka
32.05.22.2010,Jawa Barat,Kabupaten Garut,Cikajang,Margamulya
32.05.22.2011,Jawa Barat,Kabupaten Garut,Cikajang,Cipangramatan
32.05.22.2012,Jawa Barat,Kabupaten Garut,Cikajang,Karamatwangi
32.05.23.2001,Jawa Barat,Kabupaten Garut,Banjarwangi,Banjarwangi
32.05.23.2002,Jawa Barat,Kabupaten Garut,Banjarwangi,Talagajaya
32.05.23.2003,Jawa Barat,Kabupaten Garut,Banjarwangi,Padahurip
32.05.23.2004,Jawa Barat,Kabupaten Garut,Banjarwangi,Kadongdong
32.05.23.2005,Jawa Barat,Kabupaten Garut,Banjarwangi,Talagasari
32.05.23.2006,Jawa Barat,Kabupaten Garut,Banjarwangi,Jayabakti
32.05.23.2007,Jawa Barat,Kabupaten Garut,Banjarwangi,Mulyajaya
32.05.23.2008,Jawa Barat,Kabupaten Garut,Banjarwangi,Dangiang
32.05.23.2009,Jawa Barat,Kabupaten Garut,Banjarwangi,Tanjungjaya
32.05.23.2010,Jawa Barat,Kabupaten Garut,Banjarwangi,Bojong
32.05.23.2011,Jawa Barat,Kabupaten Garut,Banjarwangi,Wangunjaya
32.05.24.2001,Jawa Barat,Kabupaten Garut,Singajaya,Singajaya
32.05.24.2002,Jawa Barat,Kabupaten Garut,Singajaya,Ciudian
32.05.24.2003,Jawa Barat,Kabupaten Garut,Singajaya,Mekartani
32.05.24.2004,Jawa Barat,Kabupaten Garut,Singajaya,Sukamulya
32.05.24.2005,Jawa Barat,Kabupaten Garut,Singajaya,Sukawangi
32.05.24.2006,Jawa Barat,Kabupaten Garut,Singajaya,Pancasura
32.05.24.2007,Jawa Barat,Kabupaten Garut,Singajaya,Karangagung
32.05.24.2008,Jawa Barat,Kabupaten Garut,Singajaya,Cigintung
32.05.24.2009,Jawa Barat,Kabupaten Garut,Singajaya,Girimukti
32.05.25.2001,Jawa Barat,Kabupaten Garut,Cihurip,Cihurip
32.05.25.2002,Jawa Barat,Kabupaten Garut,Cihurip,Cisangkal
32.05.25.2003,Jawa Barat,Kabupaten Garut,Cihurip,Mekarwangi
32.05.25.2004,Jawa Barat,Kabupaten Garut,Cihurip,Jayamukti
32.05.26.2001,Jawa Barat,Kabupaten Garut,Peundeuy,Peundeuy
32.05.26.2002,Jawa Barat,Kabupaten Garut,Peundeuy,Toblong
32.05.26.2003,Jawa Barat,Kabupaten Garut,Peundeuy,Saribakti
32.05.26.2004,Jawa Barat,Kabupaten Garut,Peundeuy,Pangrumasan
32.05.26.2005,Jawa Barat,Kabupaten Garut,Peundeuy,Sukanagara
32.05.26.2006,Jawa Barat,Kabupaten Garut,Peundeuy,Purwajaya
32.05.27.2001,Jawa Barat,Kabupaten Garut,Pameungpeuk,Pameungpeuk
32.05.27.2002,Jawa Barat,Kabupaten Garut,Pameungpeuk,Mancagahar
32.05.27.2003,Jawa Barat,Kabupaten Garut,Pameungpeuk,Paas
32.05.27.2004,Jawa Barat,Kabupaten Garut,Pameungpeuk,Mandalakasih
32.05.27.2005,Jawa Barat,Kabupaten Garut,Pameungpeuk,Jatimulya
32.05.27.2006,Jawa Barat,Kabupaten Garut,Pameungpeuk,Bojong
32.05.27.2007,Jawa Barat,Kabupaten Garut,Pameungpeuk,Sirnabakti
32.05.27.2008,Jawa Barat,Kabupaten Garut,Pameungpeuk,Bojong Kidul
32.05.28.2001,Jawa Barat,Kabupaten Garut,Cisompet,Cisompet
32.05.28.2002,Jawa Barat,Kabupaten Garut,Cisompet,Cihaurkuning
32.05.28.2003,Jawa Barat,Kabupaten Garut,Cisompet,Margamulya
32.05.28.2004,Jawa Barat,Kabupaten Garut,Cisompet,Sukamukti
32.05.28.2005,Jawa Barat,Kabupaten Garut,Cisompet,Sukanagara
32.05.28.2006,Jawa Barat,Kabupaten Garut,Cisompet,Cikondang
32.05.28.2007,Jawa Barat,Kabupaten Garut,Cisompet,Depok
32.05.28.2008,Jawa Barat,Kabupaten Garut,Cisompet,Panyindangan
32.05.28.2009,Jawa Barat,Kabupaten Garut,Cisompet,Jatisari
32.05.28.2010,Jawa Barat,Kabupaten Garut,Cisompet,Neglasari
32.05.28.2011,Jawa Barat,Kabupaten Garut,Cisompet,Sindangsari
32.05.29.2001,Jawa Barat,Kabupaten Garut,Cibalong,Karyasari
32.05.29.2002,Jawa Barat,Kabupaten Garut,Cibalong,Maroko
32.05.29.2003,Jawa Barat,Kabupaten Garut,Cibalong,Sancang
32.05.29.2004,Jawa Barat,Kabupaten Garut,Cibalong,Karyamukti
32.05.29.2005,Jawa Barat,Kabupaten Garut,Cibalong,Sagara
32.05.29.2006,Jawa Barat,Kabupaten Garut,Cibalong,Mekarsari
32.05.29.2007,Jawa Barat,Kabupaten Garut,Cibalong,Simpang
32.05.29.2008,Jawa Barat,Kabupaten Garut,Cibalong,Mekar Mukti
32.05.29.2009,Jawa Barat,Kabupaten Garut,Cibalong,Cigaronggong
32.05.29.2010,Jawa Barat,Kabupaten Garut,Cibalong,Mekarwangi
32.05.29.2011,Jawa Barat,Kabupaten Garut,Cibalong,Najaten
32.05.30.2001,Jawa Barat,Kabupaten Garut,Cikelet,Cikelet
32.05.30.2002,Jawa Barat,Kabupaten Garut,Cikelet,Linggamanik
32.05.30.2003,Jawa Barat,Kabupaten Garut,Cikelet,Kertamukti
32.05.30.2004,Jawa Barat,Kabupaten Garut,Cikelet,Cigadog
32.05.30.2005,Jawa Barat,Kabupaten Garut,Cikelet,Pamalayan
32.05.30.2006,Jawa Barat,Kabupaten Garut,Cikelet,Karangsari
32.05.30.2007,Jawa Barat,Kabupaten Garut,Cikelet,Cijambe
32.05.30.2008,Jawa Barat,Kabupaten Garut,Cikelet,Girimukti
32.05.30.2009,Jawa Barat,Kabupaten Garut,Cikelet,Ciroyom
32.05.30.2010,Jawa Barat,Kabupaten Garut,Cikelet,Awassagara
32.05.30.2011,Jawa Barat,Kabupaten Garut,Cikelet,Tipar
32.05.31.2001,Jawa Barat,Kabupaten Garut,Bungbulang,Bungbulang
32.05.31.2002,Jawa Barat,Kabupaten Garut,Bungbulang,Hanjuang
32.05.31.2003,Jawa Barat,Kabupaten Garut,Bungbulang,Gunamekar
32.05.31.2004,Jawa Barat,Kabupaten Garut,Bungbulang,Tegallega
32.05.31.2005,Jawa Barat,Kabupaten Garut,Bungbulang,Mekarbakti
32.05.31.2006,Jawa Barat,Kabupaten Garut,Bungbulang,Margalaksana
32.05.31.2007,Jawa Barat,Kabupaten Garut,Bungbulang,Bojong
32.05.31.2008,Jawa Barat,Kabupaten Garut,Bungbulang,Sinarjaya
32.05.31.2009,Jawa Barat,Kabupaten Garut,Bungbulang,Mekarjaya
32.05.31.2010,Jawa Barat,Kabupaten Garut,Bungbulang,Cihikeu
32.05.31.2011,Jawa Barat,Kabupaten Garut,Bungbulang,Wangunjaya
32.05.31.2012,Jawa Barat,Kabupaten Garut,Bungbulang,Gunung Jampang
32.05.31.2013,Jawa Barat,Kabupaten Garut,Bungbulang,Hegarmanah
32.05.32.2001,Jawa Barat,Kabupaten Garut,Mekarmukti,Mekarmukti
32.05.32.2002,Jawa Barat,Kabupaten Garut,Mekarmukti,Karangwangi
32.05.32.2003,Jawa Barat,Kabupaten Garut,Mekarmukti,Jagabaya
32.05.32.2004,Jawa Barat,Kabupaten Garut,Mekarmukti,Cijayana
32.05.32.2005,Jawa Barat,Kabupaten Garut,Mekarmukti,Mekarsari
32.05.33.2001,Jawa Barat,Kabupaten Garut,Pakenjeng,Neglasari
32.05.33.2002,Jawa Barat,Kabupaten Garut,Pakenjeng,Tanjungjaya
32.05.33.2003,Jawa Barat,Kabupaten Garut,Pakenjeng,Tanjungmulya
32.05.33.2004,Jawa Barat,Kabupaten Garut,Pakenjeng,Wangunjaya
32.05.33.2005,Jawa Barat,Kabupaten Garut,Pakenjeng,Sukamulya
32.05.33.2006,Jawa Barat,Kabupaten Garut,Pakenjeng,Pasirlangu
32.05.33.2007,Jawa Barat,Kabupaten Garut,Pakenjeng,Talagawangi
32.05.33.2008,Jawa Barat,Kabupaten Garut,Pakenjeng,Jatiwangi
32.05.33.2009,Jawa Barat,Kabupaten Garut,Pakenjeng,Panyindangan
32.05.33.2010,Jawa Barat,Kabupaten Garut,Pakenjeng,Tegalgede
32.05.33.2011,Jawa Barat,Kabupaten Garut,Pakenjeng,Depok
32.05.33.2012,Jawa Barat,Kabupaten Garut,Pakenjeng,Karangsari
32.05.33.2013,Jawa Barat,Kabupaten Garut,Pakenjeng,Jayamekar
32.05.34.2001,Jawa Barat,Kabupaten Garut,Pamulihan,Pakenjeng
32.05.34.2002,Jawa Barat,Kabupaten Garut,Pamulihan,Garumukti
32.05.34.2003,Jawa Barat,Kabupaten Garut,Pamulihan,Panawa
32.05.34.2004,Jawa Barat,Kabupaten Garut,Pamulihan,Pananjung
32.05.34.2005,Jawa Barat,Kabupaten Garut,Pamulihan,Linggarjati
32.05.35.2001,Jawa Barat,Kabupaten Garut,Cisewu,Cisewu
32.05.35.2002,Jawa Barat,Kabupaten Garut,Cisewu,Girimukti
32.05.35.2003,Jawa Barat,Kabupaten Garut,Cisewu,Pamalayan
32.05.35.2004,Jawa Barat,Kabupaten Garut,Cisewu,Cikarang
32.05.35.2005,Jawa Barat,Kabupaten Garut,Cisewu,Sukajaya
32.05.35.2006,Jawa Barat,Kabupaten Garut,Cisewu,Nyalindung
32.05.35.2007,Jawa Barat,Kabupaten Garut,Cisewu,Karangsewu
32.05.35.2008,Jawa Barat,Kabupaten Garut,Cisewu,Mekarsewu
32.05.35.2009,Jawa Barat,Kabupaten Garut,Cisewu,Panggalih
32.05.36.2001,Jawa Barat,Kabupaten Garut,Caringin,Caringin
32.05.36.2002,Jawa Barat,Kabupaten Garut,Caringin,Indralayang
32.05.36.2003,Jawa Barat,Kabupaten Garut,Caringin,Cimahi
32.05.36.2004,Jawa Barat,Kabupaten Garut,Caringin,Sukarame
32.05.36.2005,Jawa Barat,Kabupaten Garut,Caringin,Purbayani
32.05.36.2006,Jawa Barat,Kabupaten Garut,Caringin,Samuderajaya
32.05.37.2001,Jawa Barat,Kabupaten Garut,Talegong,Sukamaju
32.05.37.2002,Jawa Barat,Kabupaten Garut,Talegong,Sukamulya
32.05.37.2003,Jawa Barat,Kabupaten Garut,Talegong,Mekarmukti
32.05.37.2004,Jawa Barat,Kabupaten Garut,Talegong,Mekarmulya
32.05.37.2005,Jawa Barat,Kabupaten Garut,Talegong,Sukalaksana
32.05.37.2006,Jawa Barat,Kabupaten Garut,Talegong,Selaawi
32.05.37.2007,Jawa Barat,Kabupaten Garut,Talegong,Mekarwangi
32.05.38.2001,Jawa Barat,Kabupaten Garut,Limbangan,Limbangan Tengah
32.05.38.2002,Jawa Barat,Kabupaten Garut,Limbangan,Limbangan Barat
32.05.38.2003,Jawa Barat,Kabupaten Garut,Limbangan,Galihpakuwon
32.05.38.2004,Jawa Barat,Kabupaten Garut,Limbangan,Surabaya
32.05.38.2005,Jawa Barat,Kabupaten Garut,Limbangan,Cijolang
32.05.38.2006,Jawa Barat,Kabupaten Garut,Limbangan,Neglasari
32.05.38.2007,Jawa Barat,Kabupaten Garut,Limbangan,Simpen Kaler
32.05.38.2008,Jawa Barat,Kabupaten Garut,Limbangan,Pasirwaru
32.05.38.2009,Jawa Barat,Kabupaten Garut,Limbangan,Simpen Kidul
32.05.38.2010,Jawa Barat,Kabupaten Garut,Limbangan,Ciwangi
32.05.38.2011,Jawa Barat,Kabupaten Garut,Limbangan,Cigagade
32.05.38.2012,Jawa Barat,Kabupaten Garut,Limbangan,Limbangan Timur
32.05.38.2013,Jawa Barat,Kabupaten Garut,Limbangan,Dunguswiru
32.05.38.2014,Jawa Barat,Kabupaten Garut,Limbangan,Pangeureunan
32.05.39.2001,Jawa Barat,Kabupaten Garut,Selaawi,Selaawi
32.05.39.2002,Jawa Barat,Kabupaten Garut,Selaawi,Putrajawa
32.05.39.2003,Jawa Barat,Kabupaten Garut,Selaawi,Cigawir
32.05.39.2004,Jawa Barat,Kabupaten Garut,Selaawi,Pelitaasih
32.05.39.2005,Jawa Barat,Kabupaten Garut,Selaawi,Cirapuhan
32.05.39.2006,Jawa Barat,Kabupaten Garut,Selaawi,Mekarsari
32.05.39.2007,Jawa Barat,Kabupaten Garut,Selaawi,Samida
32.05.40.2001,Jawa Barat,Kabupaten Garut,Cibiuk,Cipareuan
32.05.40.2002,Jawa Barat,Kabupaten Garut,Cibiuk,Cibiuk Kaler
32.05.40.2003,Jawa Barat,Kabupaten Garut,Cibiuk,Cibiuk Kidul
32.05.40.2004,Jawa Barat,Kabupaten Garut,Cibiuk,Majasari
32.05.40.2005,Jawa Barat,Kabupaten Garut,Cibiuk,Lingkungpasir
32.05.41.2001,Jawa Barat,Kabupaten Garut,Pangatikan,Citangtu
32.05.41.2002,Jawa Barat,Kabupaten Garut,Pangatikan,Cimaragas
32.05.41.2003,Jawa Barat,Kabupaten Garut,Pangatikan,Babakan Loa
32.05.41.2004,Jawa Barat,Kabupaten Garut,Pangatikan,Sukahurip
32.05.41.2005,Jawa Barat,Kabupaten Garut,Pangatikan,Sukamulya
32.05.41.2006,Jawa Barat,Kabupaten Garut,Pangatikan,Cihuni
32.05.41.2007,Jawa Barat,Kabupaten Garut,Pangatikan,Sukarasa
32.05.41.2008,Jawa Barat,Kabupaten Garut,Pangatikan,Karangsari
32.05.42.2001,Jawa Barat,Kabupaten Garut,Sucinaraja,Sadang
32.05.42.2002,Jawa Barat,Kabupaten Garut,Sucinaraja,Sukaratu
32.05.42.2003,Jawa Barat,Kabupaten Garut,Sucinaraja,Tenjonagara
32.05.42.2004,Jawa Barat,Kabupaten Garut,Sucinaraja,Tegalpanjang
32.05.42.2005,Jawa Barat,Kabupaten Garut,Sucinaraja,Cigadog
32.05.42.2006,Jawa Barat,Kabupaten Garut,Sucinaraja,Linggamukti
32.05.42.2007,Jawa Barat,Kabupaten Garut,Sucinaraja,Sukalaksana
32.06.01.2001,Jawa Barat,Kabupaten Tasikmalaya,Cipatujah,Ciheras
32.06.01.2002,Jawa Barat,Kabupaten Tasikmalaya,Cipatujah,Cipatujah
32.06.01.2003,Jawa Barat,Kabupaten Tasikmalaya,Cipatujah,Sindangkerta
32.06.01.2004,Jawa Barat,Kabupaten Tasikmalaya,Cipatujah,Cikawungading
32.06.01.2005,Jawa Barat,Kabupaten Tasikmalaya,Cipatujah,Bantarkalong
32.06.01.2006,Jawa Barat,Kabupaten Tasikmalaya,Cipatujah,Darawati
32.06.01.2007,Jawa Barat,Kabupaten Tasikmalaya,Cipatujah,Nagrog
32.06.01.2008,Jawa Barat,Kabupaten Tasikmalaya,Cipatujah,Pameutingan
32.06.01.2009,Jawa Barat,Kabupaten Tasikmalaya,Cipatujah,Tobongjaya
32.06.01.2010,Jawa Barat,Kabupaten Tasikmalaya,Cipatujah,Cipanas
32.06.01.2011,Jawa Barat,Kabupaten Tasikmalaya,Cipatujah,Kertasari
32.06.01.2012,Jawa Barat,Kabupaten Tasikmalaya,Cipatujah,Ciandum
32.06.01.2013,Jawa Barat,Kabupaten Tasikmalaya,Cipatujah,Nangelasari
32.06.01.2014,Jawa Barat,Kabupaten Tasikmalaya,Cipatujah,Padawaras
32.06.01.2015,Jawa Barat,Kabupaten Tasikmalaya,Cipatujah,Sukahurip
32.06.02.2001,Jawa Barat,Kabupaten Tasikmalaya,Karangnunggal,Cidadap
32.06.02.2002,Jawa Barat,Kabupaten Tasikmalaya,Karangnunggal,Ciawi
32.06.02.2003,Jawa Barat,Kabupaten Tasikmalaya,Karangnunggal,Cikupa
32.06.02.2004,Jawa Barat,Kabupaten Tasikmalaya,Karangnunggal,Karangnunggal
32.06.02.2005,Jawa Barat,Kabupaten Tasikmalaya,Karangnunggal,Karangmekar
32.06.02.2006,Jawa Barat,Kabupaten Tasikmalaya,Karangnunggal,Cikukulu
32.06.02.2007,Jawa Barat,Kabupaten Tasikmalaya,Karangnunggal,Cibatuireng
32.06.02.2008,Jawa Barat,Kabupaten Tasikmalaya,Karangnunggal,Cibatu
32.06.02.2009,Jawa Barat,Kabupaten Tasikmalaya,Karangnunggal,Sarimanggu
32.06.02.2010,Jawa Barat,Kabupaten Tasikmalaya,Karangnunggal,Sukawangun
32.06.02.2011,Jawa Barat,Kabupaten Tasikmalaya,Karangnunggal,Cintawangi
32.06.02.2012,Jawa Barat,Kabupaten Tasikmalaya,Karangnunggal,Cikapinis
32.06.02.2013,Jawa Barat,Kabupaten Tasikmalaya,Karangnunggal,Sarimukti
32.06.02.2014,Jawa Barat,Kabupaten Tasikmalaya,Karangnunggal,Kujang
32.06.03.2001,Jawa Barat,Kabupaten Tasikmalaya,Cikalong,Cikalong
32.06.03.2002,Jawa Barat,Kabupaten Tasikmalaya,Cikalong,Kalapagenep
32.06.03.2003,Jawa Barat,Kabupaten Tasikmalaya,Cikalong,Cikancra
32.06.03.2004,Jawa Barat,Kabupaten Tasikmalaya,Cikalong,Singkir
32.06.03.2005,Jawa Barat,Kabupaten Tasikmalaya,Cikalong,Panyiaran
32.06.03.2006,Jawa Barat,Kabupaten Tasikmalaya,Cikalong,Cibeber
32.06.03.2007,Jawa Barat,Kabupaten Tasikmalaya,Cikalong,Cikadu
32.06.03.2008,Jawa Barat,Kabupaten Tasikmalaya,Cikalong,Mandalajaya
32.06.03.2009,Jawa Barat,Kabupaten Tasikmalaya,Cikalong,Cidadali
32.06.03.2010,Jawa Barat,Kabupaten Tasikmalaya,Cikalong,Cimanuk
32.06.03.2011,Jawa Barat,Kabupaten Tasikmalaya,Cikalong,Sindangjaya
32.06.03.2012,Jawa Barat,Kabupaten Tasikmalaya,Cikalong,Kubangsari
32.06.03.2013,Jawa Barat,Kabupaten Tasikmalaya,Cikalong,Tonjongsari
32.06.04.2001,Jawa Barat,Kabupaten Tasikmalaya,Pancatengah,Cibuniasih
32.06.04.2002,Jawa Barat,Kabupaten Tasikmalaya,Pancatengah,Pangliaran
32.06.04.2003,Jawa Barat,Kabupaten Tasikmalaya,Pancatengah,Tonjong
32.06.04.2004,Jawa Barat,Kabupaten Tasikmalaya,Pancatengah,Cibongas
32.06.04.2005,Jawa Barat,Kabupaten Tasikmalaya,Pancatengah,Tawang
32.06.04.2006,Jawa Barat,Kabupaten Tasikmalaya,Pancatengah,Neglasari
32.06.04.2007,Jawa Barat,Kabupaten Tasikmalaya,Pancatengah,Cikawung
32.06.04.2008,Jawa Barat,Kabupaten Tasikmalaya,Pancatengah,Jayamukti
32.06.04.2009,Jawa Barat,Kabupaten Tasikmalaya,Pancatengah,Margaluyu
32.06.04.2010,Jawa Barat,Kabupaten Tasikmalaya,Pancatengah,Mekarsari
32.06.04.2011,Jawa Barat,Kabupaten Tasikmalaya,Pancatengah,Pancawangi
32.06.05.2001,Jawa Barat,Kabupaten Tasikmalaya,Cikatomas,Gunungsari
32.06.05.2002,Jawa Barat,Kabupaten Tasikmalaya,Cikatomas,Cilumba
32.06.05.2003,Jawa Barat,Kabupaten Tasikmalaya,Cikatomas,Pakemitan
32.06.05.2004,Jawa Barat,Kabupaten Tasikmalaya,Cikatomas,Cogreg
32.06.05.2005,Jawa Barat,Kabupaten Tasikmalaya,Cikatomas,Cayur
32.06.05.2006,Jawa Barat,Kabupaten Tasikmalaya,Cikatomas,Lengkongbarang
32.06.05.2007,Jawa Barat,Kabupaten Tasikmalaya,Cikatomas,Sindangasih
32.06.05.2008,Jawa Barat,Kabupaten Tasikmalaya,Cikatomas,Tanjungbarang
32.06.05.2009,Jawa Barat,Kabupaten Tasikmalaya,Cikatomas,Linggalaksana
32.06.06.2001,Jawa Barat,Kabupaten Tasikmalaya,Cibalong,Cisempur
32.06.06.2002,Jawa Barat,Kabupaten Tasikmalaya,Cibalong,Setiawaras
32.06.06.2003,Jawa Barat,Kabupaten Tasikmalaya,Cibalong,Eureunpalay
32.06.06.2004,Jawa Barat,Kabupaten Tasikmalaya,Cibalong,Cibalong
32.06.06.2005,Jawa Barat,Kabupaten Tasikmalaya,Cibalong,Singajaya
32.06.06.2006,Jawa Barat,Kabupaten Tasikmalaya,Cibalong,Parung
32.06.07.2001,Jawa Barat,Kabupaten Tasikmalaya,Parungponteng,Parungponteng
32.06.07.2002,Jawa Barat,Kabupaten Tasikmalaya,Parungponteng,Cigunung
32.06.07.2003,Jawa Barat,Kabupaten Tasikmalaya,Parungponteng,Cibanteng
32.06.07.2004,Jawa Barat,Kabupaten Tasikmalaya,Parungponteng,Barumekar
32.06.07.2005,Jawa Barat,Kabupaten Tasikmalaya,Parungponteng,Cibungur
32.06.07.2006,Jawa Barat,Kabupaten Tasikmalaya,Parungponteng,Burujuljaya
32.06.07.2007,Jawa Barat,Kabupaten Tasikmalaya,Parungponteng,Girikencana
32.06.07.2008,Jawa Barat,Kabupaten Tasikmalaya,Parungponteng,Karyabakti
32.06.08.2001,Jawa Barat,Kabupaten Tasikmalaya,Bantarkalong,Simpang
32.06.08.2002,Jawa Barat,Kabupaten Tasikmalaya,Bantarkalong,Parakanhonje
32.06.08.2003,Jawa Barat,Kabupaten Tasikmalaya,Bantarkalong,Pamijahan
32.06.08.2004,Jawa Barat,Kabupaten Tasikmalaya,Bantarkalong,Sukamaju
32.06.08.2005,Jawa Barat,Kabupaten Tasikmalaya,Bantarkalong,Wangunsari
32.06.08.2006,Jawa Barat,Kabupaten Tasikmalaya,Bantarkalong,Hegarwangi
32.06.08.2007,Jawa Barat,Kabupaten Tasikmalaya,Bantarkalong,Wakap
32.06.08.2008,Jawa Barat,Kabupaten Tasikmalaya,Bantarkalong,Sirnagalih
32.06.09.2001,Jawa Barat,Kabupaten Tasikmalaya,Bojongasih,Mertajaya
32.06.09.2002,Jawa Barat,Kabupaten Tasikmalaya,Bojongasih,Cikadongdong
32.06.09.2003,Jawa Barat,Kabupaten Tasikmalaya,Bojongasih,Bojongasih
32.06.09.2004,Jawa Barat,Kabupaten Tasikmalaya,Bojongasih,Sindangsari
32.06.09.2005,Jawa Barat,Kabupaten Tasikmalaya,Bojongasih,Girijaya
32.06.09.2006,Jawa Barat,Kabupaten Tasikmalaya,Bojongasih,Toblongan
32.06.10.2001,Jawa Barat,Kabupaten Tasikmalaya,Culamega,Cikuya
32.06.10.2002,Jawa Barat,Kabupaten Tasikmalaya,Culamega,Cintabodas
32.06.10.2003,Jawa Barat,Kabupaten Tasikmalaya,Culamega,Cipicung
32.06.10.2004,Jawa Barat,Kabupaten Tasikmalaya,Culamega,Bojongsari
32.06.10.2005,Jawa Barat,Kabupaten Tasikmalaya,Culamega,Mekarlaksana
32.06.11.2001,Jawa Barat,Kabupaten Tasikmalaya,Bojonggambir,Bojongkapol
32.06.11.2002,Jawa Barat,Kabupaten Tasikmalaya,Bojonggambir,Pedangkamulyan
32.06.11.2003,Jawa Barat,Kabupaten Tasikmalaya,Bojonggambir,Bojonggambir
32.06.11.2004,Jawa Barat,Kabupaten Tasikmalaya,Bojonggambir,Ciroyom
32.06.11.2005,Jawa Barat,Kabupaten Tasikmalaya,Bojonggambir,Wandasari
32.06.11.2006,Jawa Barat,Kabupaten Tasikmalaya,Bojonggambir,Campakasari
32.06.11.2007,Jawa Barat,Kabupaten Tasikmalaya,Bojonggambir,Mangkonjaya
32.06.11.2008,Jawa Barat,Kabupaten Tasikmalaya,Bojonggambir,Kertanegla
32.06.11.2009,Jawa Barat,Kabupaten Tasikmalaya,Bojonggambir,Purwaraharja
32.06.11.2010,Jawa Barat,Kabupaten Tasikmalaya,Bojonggambir,Girimukti
32.06.12.2001,Jawa Barat,Kabupaten Tasikmalaya,Sodonghilir,Parumasan
32.06.12.2002,Jawa Barat,Kabupaten Tasikmalaya,Sodonghilir,Cukangkawung
32.06.12.2003,Jawa Barat,Kabupaten Tasikmalaya,Sodonghilir,Sodonghilir
32.06.12.2004,Jawa Barat,Kabupaten Tasikmalaya,Sodonghilir,Cikalong
32.06.12.2005,Jawa Barat,Kabupaten Tasikmalaya,Sodonghilir,Cipaingeun
32.06.12.2006,Jawa Barat,Kabupaten Tasikmalaya,Sodonghilir,Leuwidulang
32.06.12.2007,Jawa Barat,Kabupaten Tasikmalaya,Sodonghilir,Muncang
32.06.12.2008,Jawa Barat,Kabupaten Tasikmalaya,Sodonghilir,Sepatnunggal
32.06.12.2009,Jawa Barat,Kabupaten Tasikmalaya,Sodonghilir,Cukangjayaguna
32.06.12.2010,Jawa Barat,Kabupaten Tasikmalaya,Sodonghilir,Raksajaya
32.06.12.2011,Jawa Barat,Kabupaten Tasikmalaya,Sodonghilir,Pakalongan
32.06.12.2012,Jawa Barat,Kabupaten Tasikmalaya,Sodonghilir,Sukabakti
32.06.13.2001,Jawa Barat,Kabupaten Tasikmalaya,Taraju,Taraju
32.06.13.2002,Jawa Barat,Kabupaten Tasikmalaya,Taraju,Cikubang
32.06.13.2003,Jawa Barat,Kabupaten Tasikmalaya,Taraju,Deudeul
32.06.13.2004,Jawa Barat,Kabupaten Tasikmalaya,Taraju,Purwarahayu
32.06.13.2005,Jawa Barat,Kabupaten Tasikmalaya,Taraju,Singasari
32.06.13.2006,Jawa Barat,Kabupaten Tasikmalaya,Taraju,Banyuasih
32.06.13.2007,Jawa Barat,Kabupaten Tasikmalaya,Taraju,Raksasari
32.06.13.2008,Jawa Barat,Kabupaten Tasikmalaya,Taraju,Kertaraharja
32.06.13.2009,Jawa Barat,Kabupaten Tasikmalaya,Taraju,Pageralam
32.06.14.2001,Jawa Barat,Kabupaten Tasikmalaya,Salawu,Jahiang
32.06.14.2002,Jawa Barat,Kabupaten Tasikmalaya,Salawu,Serang
32.06.14.2003,Jawa Barat,Kabupaten Tasikmalaya,Salawu,Salawu
32.06.14.2004,Jawa Barat,Kabupaten Tasikmalaya,Salawu,Neglasari
32.06.14.2005,Jawa Barat,Kabupaten Tasikmalaya,Salawu,Tanjungsari
32.06.14.2006,Jawa Barat,Kabupaten Tasikmalaya,Salawu,Tenjowaringin
32.06.14.2007,Jawa Barat,Kabupaten Tasikmalaya,Salawu,Sundawenang
32.06.14.2008,Jawa Barat,Kabupaten Tasikmalaya,Salawu,Kawungsari
32.06.14.2009,Jawa Barat,Kabupaten Tasikmalaya,Salawu,Sukarasa
32.06.14.2010,Jawa Barat,Kabupaten Tasikmalaya,Salawu,Kutawaringin
32.06.14.2011,Jawa Barat,Kabupaten Tasikmalaya,Salawu,Karangmukti
32.06.14.2012,Jawa Barat,Kabupaten Tasikmalaya,Salawu,Margalaksana
32.06.15.2001,Jawa Barat,Kabupaten Tasikmalaya,Puspahiang,Mandalasari
32.06.15.2002,Jawa Barat,Kabupaten Tasikmalaya,Puspahiang,Sukasari
32.06.15.2003,Jawa Barat,Kabupaten Tasikmalaya,Puspahiang,Puspasari
32.06.15.2004,Jawa Barat,Kabupaten Tasikmalaya,Puspahiang,Puspahiang
32.06.15.2005,Jawa Barat,Kabupaten Tasikmalaya,Puspahiang,Luyubakti
32.06.15.2006,Jawa Barat,Kabupaten Tasikmalaya,Puspahiang,Pusparahayu
32.06.15.2007,Jawa Barat,Kabupaten Tasikmalaya,Puspahiang,Cimanggu
32.06.15.2008,Jawa Barat,Kabupaten Tasikmalaya,Puspahiang,Puspajaya
32.06.16.2001,Jawa Barat,Kabupaten Tasikmalaya,Tanjungjaya,Cikeusal
32.06.16.2002,Jawa Barat,Kabupaten Tasikmalaya,Tanjungjaya,Cibalanarik
32.06.16.2003,Jawa Barat,Kabupaten Tasikmalaya,Tanjungjaya,Sukanagara
32.06.16.2004,Jawa Barat,Kabupaten Tasikmalaya,Tanjungjaya,Tanjungjaya
32.06.16.2005,Jawa Barat,Kabupaten Tasikmalaya,Tanjungjaya,Cilolohan
32.06.16.2006,Jawa Barat,Kabupaten Tasikmalaya,Tanjungjaya,Cintajaya
32.06.16.2007,Jawa Barat,Kabupaten Tasikmalaya,Tanjungjaya,Sukasenang
32.06.17.2001,Jawa Barat,Kabupaten Tasikmalaya,Sukaraja,Sukapura
32.06.17.2002,Jawa Barat,Kabupaten Tasikmalaya,Sukaraja,Leuwibudah
32.06.17.2003,Jawa Barat,Kabupaten Tasikmalaya,Sukaraja,Sirnajaya
32.06.17.2004,Jawa Barat,Kabupaten Tasikmalaya,Sukaraja,Mekarjaya
32.06.17.2005,Jawa Barat,Kabupaten Tasikmalaya,Sukaraja,Linggaraja
32.06.17.2006,Jawa Barat,Kabupaten Tasikmalaya,Sukaraja,Janggala
32.06.17.2007,Jawa Barat,Kabupaten Tasikmalaya,Sukaraja,Margalaksana
32.06.17.2008,Jawa Barat,Kabupaten Tasikmalaya,Sukaraja,Tarunajaya
32.06.18.2001,Jawa Barat,Kabupaten Tasikmalaya,Salopa,Mandalahayu
32.06.18.2002,Jawa Barat,Kabupaten Tasikmalaya,Salopa,Mulyasari
32.06.18.2003,Jawa Barat,Kabupaten Tasikmalaya,Salopa,Kawitan
32.06.18.2004,Jawa Barat,Kabupaten Tasikmalaya,Salopa,Mandalawangi
32.06.18.2005,Jawa Barat,Kabupaten Tasikmalaya,Salopa,Karyawangi
32.06.18.2006,Jawa Barat,Kabupaten Tasikmalaya,Salopa,Tanjungsari
32.06.18.2007,Jawa Barat,Kabupaten Tasikmalaya,Salopa,Mandalaguna
32.06.18.2008,Jawa Barat,Kabupaten Tasikmalaya,Salopa,Karyamandala
32.06.18.2009,Jawa Barat,Kabupaten Tasikmalaya,Salopa,Banjarwaringin
32.06.19.2001,Jawa Barat,Kabupaten Tasikmalaya,Jatiwaras,Kaputihan
32.06.19.2002,Jawa Barat,Kabupaten Tasikmalaya,Jatiwaras,Setiawangi
32.06.19.2003,Jawa Barat,Kabupaten Tasikmalaya,Jatiwaras,Sukakerta
32.06.19.2004,Jawa Barat,Kabupaten Tasikmalaya,Jatiwaras,Neglasari
32.06.19.2005,Jawa Barat,Kabupaten Tasikmalaya,Jatiwaras,Jatiwaras
32.06.19.2006,Jawa Barat,Kabupaten Tasikmalaya,Jatiwaras,Papayan
32.06.19.2007,Jawa Barat,Kabupaten Tasikmalaya,Jatiwaras,Ciwarak
32.06.19.2008,Jawa Barat,Kabupaten Tasikmalaya,Jatiwaras,Kersagalih
32.06.19.2009,Jawa Barat,Kabupaten Tasikmalaya,Jatiwaras,Mandalamekar
32.06.19.2010,Jawa Barat,Kabupaten Tasikmalaya,Jatiwaras,Kertarahayu
32.06.19.2011,Jawa Barat,Kabupaten Tasikmalaya,Jatiwaras,Mandalahurip
32.06.20.2001,Jawa Barat,Kabupaten Tasikmalaya,Cineam,Cisarua
32.06.20.2002,Jawa Barat,Kabupaten Tasikmalaya,Cineam,Cikondang
32.06.20.2003,Jawa Barat,Kabupaten Tasikmalaya,Cineam,Cijulang
32.06.20.2004,Jawa Barat,Kabupaten Tasikmalaya,Cineam,Ciampanan
32.06.20.2005,Jawa Barat,Kabupaten Tasikmalaya,Cineam,Cineam
32.06.20.2006,Jawa Barat,Kabupaten Tasikmalaya,Cineam,Rajadatu
32.06.20.2007,Jawa Barat,Kabupaten Tasikmalaya,Cineam,Ancol
32.06.20.2008,Jawa Barat,Kabupaten Tasikmalaya,Cineam,Nagaratengah
32.06.20.2009,Jawa Barat,Kabupaten Tasikmalaya,Cineam,Pasirmukti
32.06.20.2010,Jawa Barat,Kabupaten Tasikmalaya,Cineam,Madiasari
32.06.21.2001,Jawa Barat,Kabupaten Tasikmalaya,Karang Jaya,Sirnajaya
32.06.21.2002,Jawa Barat,Kabupaten Tasikmalaya,Karang Jaya,Karangjaya
32.06.21.2003,Jawa Barat,Kabupaten Tasikmalaya,Karang Jaya,Karang Layung
32.06.21.2004,Jawa Barat,Kabupaten Tasikmalaya,Karang Jaya,Citalahab
32.06.22.2001,Jawa Barat,Kabupaten Tasikmalaya,Manonjaya,Cihaur
32.06.22.2002,Jawa Barat,Kabupaten Tasikmalaya,Manonjaya,Cilangkap
32.06.22.2003,Jawa Barat,Kabupaten Tasikmalaya,Manonjaya,Pasirpanjang
32.06.22.2004,Jawa Barat,Kabupaten Tasikmalaya,Manonjaya,Cibeber
32.06.22.2005,Jawa Barat,Kabupaten Tasikmalaya,Manonjaya,Kamulyan
32.06.22.2006,Jawa Barat,Kabupaten Tasikmalaya,Manonjaya,Manonjaya
32.06.22.2007,Jawa Barat,Kabupaten Tasikmalaya,Manonjaya,Margaluyu
32.06.22.2008,Jawa Barat,Kabupaten Tasikmalaya,Manonjaya,Pasirbatang
32.06.22.2009,Jawa Barat,Kabupaten Tasikmalaya,Manonjaya,Kalimanggis
32.06.22.2010,Jawa Barat,Kabupaten Tasikmalaya,Manonjaya,Margahayu
32.06.22.2011,Jawa Barat,Kabupaten Tasikmalaya,Manonjaya,Batusumur
32.06.22.2012,Jawa Barat,Kabupaten Tasikmalaya,Manonjaya,Gunajaya
32.06.23.2001,Jawa Barat,Kabupaten Tasikmalaya,Gunung Tanjung,Cinunjang
32.06.23.2002,Jawa Barat,Kabupaten Tasikmalaya,Gunung Tanjung,Gunungtanjung
32.06.23.2003,Jawa Barat,Kabupaten Tasikmalaya,Gunung Tanjung,Bojongsari
32.06.23.2004,Jawa Barat,Kabupaten Tasikmalaya,Gunung Tanjung,Jatijaya
32.06.23.2005,Jawa Barat,Kabupaten Tasikmalaya,Gunung Tanjung,Tanjungsari
32.06.23.2006,Jawa Barat,Kabupaten Tasikmalaya,Gunung Tanjung,Giriwangi
32.06.23.2007,Jawa Barat,Kabupaten Tasikmalaya,Gunung Tanjung,Malatisuka
32.06.24.2001,Jawa Barat,Kabupaten Tasikmalaya,Singaparna,Cikunten
32.06.24.2002,Jawa Barat,Kabupaten Tasikmalaya,Singaparna,Singaparna
32.06.24.2003,Jawa Barat,Kabupaten Tasikmalaya,Singaparna,Cipakat
32.06.24.2004,Jawa Barat,Kabupaten Tasikmalaya,Singaparna,Cintaraja
32.06.24.2005,Jawa Barat,Kabupaten Tasikmalaya,Singaparna,Cikunir
32.06.24.2006,Jawa Barat,Kabupaten Tasikmalaya,Singaparna,Cikadongdong
32.06.24.2007,Jawa Barat,Kabupaten Tasikmalaya,Singaparna,Sukaasih
32.06.24.2008,Jawa Barat,Kabupaten Tasikmalaya,Singaparna,Sukamulya
32.06.24.2009,Jawa Barat,Kabupaten Tasikmalaya,Singaparna,Singasari
32.06.24.2010,Jawa Barat,Kabupaten Tasikmalaya,Singaparna,Sukaherang
32.06.25.2001,Jawa Barat,Kabupaten Tasikmalaya,Mangunreja,Sukasukur
32.06.25.2002,Jawa Barat,Kabupaten Tasikmalaya,Mangunreja,Salebu
32.06.25.2003,Jawa Barat,Kabupaten Tasikmalaya,Mangunreja,Mangunreja
32.06.25.2004,Jawa Barat,Kabupaten Tasikmalaya,Mangunreja,Margajaya
32.06.25.2005,Jawa Barat,Kabupaten Tasikmalaya,Mangunreja,Pasirsalam
32.06.25.2006,Jawa Barat,Kabupaten Tasikmalaya,Mangunreja,Sukaluyu
32.06.26.2001,Jawa Barat,Kabupaten Tasikmalaya,Sukarame,Sukarame
32.06.26.2002,Jawa Barat,Kabupaten Tasikmalaya,Sukarame,Sukamenak
32.06.26.2003,Jawa Barat,Kabupaten Tasikmalaya,Sukarame,Sukakarsa
32.06.26.2004,Jawa Barat,Kabupaten Tasikmalaya,Sukarame,Padasuka
32.06.26.2005,Jawa Barat,Kabupaten Tasikmalaya,Sukarame,Sukarapih
32.06.26.2006,Jawa Barat,Kabupaten Tasikmalaya,Sukarame,Wargakerta
32.06.27.2001,Jawa Barat,Kabupaten Tasikmalaya,Cigalontang,Kersamaju
32.06.27.2002,Jawa Barat,Kabupaten Tasikmalaya,Cigalontang,Nangtang
32.06.27.2003,Jawa Barat,Kabupaten Tasikmalaya,Cigalontang,Pusparaja
32.06.27.2004,Jawa Barat,Kabupaten Tasikmalaya,Cigalontang,Jayapura
32.06.27.2005,Jawa Barat,Kabupaten Tasikmalaya,Cigalontang,Lengkongjaya
32.06.27.2006,Jawa Barat,Kabupaten Tasikmalaya,Cigalontang,Nanggerang
32.06.27.2007,Jawa Barat,Kabupaten Tasikmalaya,Cigalontang,Sukamanah
32.06.27.2008,Jawa Barat,Kabupaten Tasikmalaya,Cigalontang,Sirnaraja
32.06.27.2009,Jawa Barat,Kabupaten Tasikmalaya,Cigalontang,Cidugaleun
32.06.27.2010,Jawa Barat,Kabupaten Tasikmalaya,Cigalontang,Parentas
32.06.27.2011,Jawa Barat,Kabupaten Tasikmalaya,Cigalontang,Puspamukti
32.06.27.2012,Jawa Barat,Kabupaten Tasikmalaya,Cigalontang,Tenjonagara
32.06.27.2013,Jawa Barat,Kabupaten Tasikmalaya,Cigalontang,Cigalontang
32.06.27.2014,Jawa Barat,Kabupaten Tasikmalaya,Cigalontang,Sirnagalih
32.06.27.2015,Jawa Barat,Kabupaten Tasikmalaya,Cigalontang,Tanjungkarang
32.06.27.2016,Jawa Barat,Kabupaten Tasikmalaya,Cigalontang,Sirnaputra
32.06.28.2001,Jawa Barat,Kabupaten Tasikmalaya,Leuwisari,Arjasari
32.06.28.2002,Jawa Barat,Kabupaten Tasikmalaya,Leuwisari,Ciawang
32.06.28.2003,Jawa Barat,Kabupaten Tasikmalaya,Leuwisari,Cigadog
32.06.28.2004,Jawa Barat,Kabupaten Tasikmalaya,Leuwisari,Linggawangi
32.06.28.2005,Jawa Barat,Kabupaten Tasikmalaya,Leuwisari,Jayamukti
32.06.28.2006,Jawa Barat,Kabupaten Tasikmalaya,Leuwisari,Mandalagiri
32.06.28.2007,Jawa Barat,Kabupaten Tasikmalaya,Leuwisari,Linggamulya
32.06.29.2001,Jawa Barat,Kabupaten Tasikmalaya,Padakembang,Cilampunghilir
32.06.29.2002,Jawa Barat,Kabupaten Tasikmalaya,Padakembang,Rancapaku
32.06.29.2003,Jawa Barat,Kabupaten Tasikmalaya,Padakembang,Mekarjaya
32.06.29.2004,Jawa Barat,Kabupaten Tasikmalaya,Padakembang,Cisaruni
32.06.29.2005,Jawa Barat,Kabupaten Tasikmalaya,Padakembang,Padakembang
32.06.30.2001,Jawa Barat,Kabupaten Tasikmalaya,Sariwangi,Sariwangi
32.06.30.2002,Jawa Barat,Kabupaten Tasikmalaya,Sariwangi,Sukaharja
32.06.30.2003,Jawa Barat,Kabupaten Tasikmalaya,Sariwangi,Jayaratu
32.06.30.2004,Jawa Barat,Kabupaten Tasikmalaya,Sariwangi,Linggasirna
32.06.30.2005,Jawa Barat,Kabupaten Tasikmalaya,Sariwangi,Sirnasari
32.06.30.2006,Jawa Barat,Kabupaten Tasikmalaya,Sariwangi,Sukamulih
32.06.30.2007,Jawa Barat,Kabupaten Tasikmalaya,Sariwangi,Selawangi
32.06.30.2008,Jawa Barat,Kabupaten Tasikmalaya,Sariwangi,Jayaputra
32.06.31.2001,Jawa Barat,Kabupaten Tasikmalaya,Sukaratu,Linggajati
32.06.31.2002,Jawa Barat,Kabupaten Tasikmalaya,Sukaratu,Tawangbanteng
32.06.31.2003,Jawa Barat,Kabupaten Tasikmalaya,Sukaratu,Sinagar
32.06.31.2004,Jawa Barat,Kabupaten Tasikmalaya,Sukaratu,Gunungsari
32.06.31.2005,Jawa Barat,Kabupaten Tasikmalaya,Sukaratu,Sukamahi
32.06.31.2006,Jawa Barat,Kabupaten Tasikmalaya,Sukaratu,Sukagalih
32.06.31.2007,Jawa Barat,Kabupaten Tasikmalaya,Sukaratu,Sukaratu
32.06.31.2008,Jawa Barat,Kabupaten Tasikmalaya,Sukaratu,Indrajaya
32.06.32.2001,Jawa Barat,Kabupaten Tasikmalaya,Cisayong,Cisayong
32.06.32.2002,Jawa Barat,Kabupaten Tasikmalaya,Cisayong,Sukajadi
32.06.32.2003,Jawa Barat,Kabupaten Tasikmalaya,Cisayong,Sukasukur
32.06.32.2004,Jawa Barat,Kabupaten Tasikmalaya,Cisayong,Sukamukti
32.06.32.2005,Jawa Barat,Kabupaten Tasikmalaya,Cisayong,Nusawangi
32.06.32.2006,Jawa Barat,Kabupaten Tasikmalaya,Cisayong,Cikadu
32.06.32.2007,Jawa Barat,Kabupaten Tasikmalaya,Cisayong,Cileuleus
32.06.32.2008,Jawa Barat,Kabupaten Tasikmalaya,Cisayong,Jatihurip
32.06.32.2009,Jawa Barat,Kabupaten Tasikmalaya,Cisayong,Sukasetia
32.06.32.2010,Jawa Barat,Kabupaten Tasikmalaya,Cisayong,Purwasari
32.06.32.2011,Jawa Barat,Kabupaten Tasikmalaya,Cisayong,Sukaraharja
32.06.32.2012,Jawa Barat,Kabupaten Tasikmalaya,Cisayong,Mekarwangi
32.06.32.2013,Jawa Barat,Kabupaten Tasikmalaya,Cisayong,Santanamekar
32.06.33.2001,Jawa Barat,Kabupaten Tasikmalaya,Sukahening,Banyurasa
32.06.33.2002,Jawa Barat,Kabupaten Tasikmalaya,Sukahening,Calingcing
32.06.33.2003,Jawa Barat,Kabupaten Tasikmalaya,Sukahening,Sukahening
32.06.33.2004,Jawa Barat,Kabupaten Tasikmalaya,Sukahening,Kiarajangkung
32.06.33.2005,Jawa Barat,Kabupaten Tasikmalaya,Sukahening,Kudadepa
32.06.33.2006,Jawa Barat,Kabupaten Tasikmalaya,Sukahening,Banyuresmi
32.06.33.2007,Jawa Barat,Kabupaten Tasikmalaya,Sukahening,Sundakerta
32.06.34.2001,Jawa Barat,Kabupaten Tasikmalaya,Rajapolah,Dawagung
32.06.34.2002,Jawa Barat,Kabupaten Tasikmalaya,Rajapolah,Rajapolah
32.06.34.2003,Jawa Barat,Kabupaten Tasikmalaya,Rajapolah,Manggungjaya
32.06.34.2004,Jawa Barat,Kabupaten Tasikmalaya,Rajapolah,Manggungsari
32.06.34.2005,Jawa Barat,Kabupaten Tasikmalaya,Rajapolah,Sukaraja
32.06.34.2006,Jawa Barat,Kabupaten Tasikmalaya,Rajapolah,Rajamandala
32.06.34.2007,Jawa Barat,Kabupaten Tasikmalaya,Rajapolah,Sukanagalih
32.06.34.2008,Jawa Barat,Kabupaten Tasikmalaya,Rajapolah,Tanjungpura
32.06.35.2001,Jawa Barat,Kabupaten Tasikmalaya,Jamanis,Condong
32.06.35.2002,Jawa Barat,Kabupaten Tasikmalaya,Jamanis,Bojonggaok
32.06.35.2003,Jawa Barat,Kabupaten Tasikmalaya,Jamanis,Sindangraja
32.06.35.2004,Jawa Barat,Kabupaten Tasikmalaya,Jamanis,Karangmulya
32.06.35.2005,Jawa Barat,Kabupaten Tasikmalaya,Jamanis,Geresik
32.06.35.2006,Jawa Barat,Kabupaten Tasikmalaya,Jamanis,Karangsembung
32.06.35.2007,Jawa Barat,Kabupaten Tasikmalaya,Jamanis,Tanjungmekar
32.06.35.2008,Jawa Barat,Kabupaten Tasikmalaya,Jamanis,Karangresik
32.06.36.2001,Jawa Barat,Kabupaten Tasikmalaya,Ciawi,Gombong
32.06.36.2002,Jawa Barat,Kabupaten Tasikmalaya,Ciawi,Bugel
32.06.36.2003,Jawa Barat,Kabupaten Tasikmalaya,Ciawi,Margasari
32.06.36.2004,Jawa Barat,Kabupaten Tasikmalaya,Ciawi,Pakemitan
32.06.36.2005,Jawa Barat,Kabupaten Tasikmalaya,Ciawi,Ciawi
32.06.36.2006,Jawa Barat,Kabupaten Tasikmalaya,Ciawi,Sukamantri
32.06.36.2007,Jawa Barat,Kabupaten Tasikmalaya,Ciawi,Pasirhuni
32.06.36.2008,Jawa Barat,Kabupaten Tasikmalaya,Ciawi,Citamba
32.06.36.2009,Jawa Barat,Kabupaten Tasikmalaya,Ciawi,Kertamukti
32.06.36.2010,Jawa Barat,Kabupaten Tasikmalaya,Ciawi,Kurniabakti
32.06.36.2011,Jawa Barat,Kabupaten Tasikmalaya,Ciawi,Pakemitankidul
32.06.37.2001,Jawa Barat,Kabupaten Tasikmalaya,Kadipaten,Kadipaten
32.06.37.2002,Jawa Barat,Kabupaten Tasikmalaya,Kadipaten,Dirgahayu
32.06.37.2003,Jawa Barat,Kabupaten Tasikmalaya,Kadipaten,Cibahayu
32.06.37.2004,Jawa Barat,Kabupaten Tasikmalaya,Kadipaten,Mekarsari
32.06.37.2005,Jawa Barat,Kabupaten Tasikmalaya,Kadipaten,Buniasih
32.06.37.2006,Jawa Barat,Kabupaten Tasikmalaya,Kadipaten,Pamoyanan
32.06.38.2001,Jawa Barat,Kabupaten Tasikmalaya,Pagerageung,Cipacing
32.06.38.2002,Jawa Barat,Kabupaten Tasikmalaya,Pagerageung,Pagerageung
32.06.38.2003,Jawa Barat,Kabupaten Tasikmalaya,Pagerageung,Sukamaju
32.06.38.2004,Jawa Barat,Kabupaten Tasikmalaya,Pagerageung,Tanjungkerta
32.06.38.2005,Jawa Barat,Kabupaten Tasikmalaya,Pagerageung,Puteran
32.06.38.2006,Jawa Barat,Kabupaten Tasikmalaya,Pagerageung,Guranteng
32.06.38.2007,Jawa Barat,Kabupaten Tasikmalaya,Pagerageung,Nanggewer
32.06.38.2008,Jawa Barat,Kabupaten Tasikmalaya,Pagerageung,Sukapada
32.06.38.2009,Jawa Barat,Kabupaten Tasikmalaya,Pagerageung,Pagersari
32.06.38.2010,Jawa Barat,Kabupaten Tasikmalaya,Pagerageung,Sukadana
32.06.39.2001,Jawa Barat,Kabupaten Tasikmalaya,Sukaresik,Cipondok
32.06.39.2002,Jawa Barat,Kabupaten Tasikmalaya,Sukaresik,Sukamenak
32.06.39.2003,Jawa Barat,Kabupaten Tasikmalaya,Sukaresik,Sukaratu
32.06.39.2004,Jawa Barat,Kabupaten Tasikmalaya,Sukaresik,Banjarsari
32.06.39.2005,Jawa Barat,Kabupaten Tasikmalaya,Sukaresik,Tanjungsari
32.06.39.2006,Jawa Barat,Kabupaten Tasikmalaya,Sukaresik,Sukapancar
32.06.39.2007,Jawa Barat,Kabupaten Tasikmalaya,Sukaresik,Sukaresik
32.06.39.2008,Jawa Barat,Kabupaten Tasikmalaya,Sukaresik,Margamulya
32.07.01.1001,Jawa Barat,Kabupaten Ciamis,Ciamis,Ciamis
32.07.01.1002,Jawa Barat,Kabupaten Ciamis,Ciamis,Kertasari
32.07.01.1003,Jawa Barat,Kabupaten Ciamis,Ciamis,Maleber
32.07.01.1004,Jawa Barat,Kabupaten Ciamis,Ciamis,Cigembor
32.07.01.1005,Jawa Barat,Kabupaten Ciamis,Ciamis,Benteng
32.07.01.1006,Jawa Barat,Kabupaten Ciamis,Ciamis,Linggasari
32.07.01.1007,Jawa Barat,Kabupaten Ciamis,Ciamis,Sindangrasa
32.07.01.2008,Jawa Barat,Kabupaten Ciamis,Ciamis,Pawindan
32.07.01.2009,Jawa Barat,Kabupaten Ciamis,Ciamis,Cisadap
32.07.01.2010,Jawa Barat,Kabupaten Ciamis,Ciamis,Imbanagara
32.07.01.2011,Jawa Barat,Kabupaten Ciamis,Ciamis,Imbanagara Raya
32.07.01.2012,Jawa Barat,Kabupaten Ciamis,Ciamis,Panyingkiran
32.07.02.2001,Jawa Barat,Kabupaten Ciamis,Cikoneng,Cikoneng
32.07.02.2002,Jawa Barat,Kabupaten Ciamis,Cikoneng,Margaluyu
32.07.02.2003,Jawa Barat,Kabupaten Ciamis,Cikoneng,Sindangsari
32.07.02.2011,Jawa Barat,Kabupaten Ciamis,Cikoneng,Panaragan
32.07.02.2012,Jawa Barat,Kabupaten Ciamis,Cikoneng,Darmacaang
32.07.02.2013,Jawa Barat,Kabupaten Ciamis,Cikoneng,Kujang
32.07.02.2014,Jawa Barat,Kabupaten Ciamis,Cikoneng,Nasol
32.07.02.2016,Jawa Barat,Kabupaten Ciamis,Cikoneng,Cimari
32.07.02.2017,Jawa Barat,Kabupaten Ciamis,Cikoneng,Gegempalan
32.07.03.2001,Jawa Barat,Kabupaten Ciamis,Cijeungjing,Handapherang
32.07.03.2002,Jawa Barat,Kabupaten Ciamis,Cijeungjing,Ciharalang
32.07.03.2003,Jawa Barat,Kabupaten Ciamis,Cijeungjing,Bojongmengger
32.07.03.2004,Jawa Barat,Kabupaten Ciamis,Cijeungjing,Karangkamulyan
32.07.03.2005,Jawa Barat,Kabupaten Ciamis,Cijeungjing,Kertabumi
32.07.03.2006,Jawa Barat,Kabupaten Ciamis,Cijeungjing,Cijeungjing
32.07.03.2007,Jawa Barat,Kabupaten Ciamis,Cijeungjing,Pamalayan
32.07.03.2008,Jawa Barat,Kabupaten Ciamis,Cijeungjing,Dewasari
32.07.03.2009,Jawa Barat,Kabupaten Ciamis,Cijeungjing,Utama
32.07.03.2010,Jawa Barat,Kabupaten Ciamis,Cijeungjing,Kertaharja
32.07.03.2011,Jawa Barat,Kabupaten Ciamis,Cijeungjing,Karanganyar
32.07.04.2001,Jawa Barat,Kabupaten Ciamis,Sadananya,Gunungsari
32.07.04.2002,Jawa Barat,Kabupaten Ciamis,Sadananya,Sadananya
32.07.04.2003,Jawa Barat,Kabupaten Ciamis,Sadananya,Werasari
32.07.04.2004,Jawa Barat,Kabupaten Ciamis,Sadananya,Mangkubumi
32.07.04.2005,Jawa Barat,Kabupaten Ciamis,Sadananya,Tanjungsari
32.07.04.2006,Jawa Barat,Kabupaten Ciamis,Sadananya,Bendasari
32.07.04.2007,Jawa Barat,Kabupaten Ciamis,Sadananya,Sukajadi
32.07.04.2008,Jawa Barat,Kabupaten Ciamis,Sadananya,Mekarjadi
32.07.05.2001,Jawa Barat,Kabupaten Ciamis,Cidolog,Cidolog
32.07.05.2002,Jawa Barat,Kabupaten Ciamis,Cidolog,Janggala
32.07.05.2003,Jawa Barat,Kabupaten Ciamis,Cidolog,Hegarmanah
32.07.05.2004,Jawa Barat,Kabupaten Ciamis,Cidolog,Jelegong
32.07.05.2005,Jawa Barat,Kabupaten Ciamis,Cidolog,Ciparay
32.07.05.2006,Jawa Barat,Kabupaten Ciamis,Cidolog,Sukasari
32.07.06.2001,Jawa Barat,Kabupaten Ciamis,Cihaurbeuti,Sukamulya
32.07.06.2002,Jawa Barat,Kabupaten Ciamis,Cihaurbeuti,Sukahurip
32.07.06.2003,Jawa Barat,Kabupaten Ciamis,Cihaurbeuti,Cijulang
32.07.06.2004,Jawa Barat,Kabupaten Ciamis,Cihaurbeuti,Sukamaju
32.07.06.2005,Jawa Barat,Kabupaten Ciamis,Cihaurbeuti,Sukasetia
32.07.06.2006,Jawa Barat,Kabupaten Ciamis,Cihaurbeuti,Sumberjaya
32.07.06.2007,Jawa Barat,Kabupaten Ciamis,Cihaurbeuti,Cihaurbeuti
32.07.06.2008,Jawa Barat,Kabupaten Ciamis,Cihaurbeuti,Pasirtamiang
32.07.06.2009,Jawa Barat,Kabupaten Ciamis,Cihaurbeuti,Padamulya
32.07.06.2010,Jawa Barat,Kabupaten Ciamis,Cihaurbeuti,Pamokolan
32.07.06.2011,Jawa Barat,Kabupaten Ciamis,Cihaurbeuti,Sukahaji
32.07.07.2001,Jawa Barat,Kabupaten Ciamis,Panumbangan,Medanglayang
32.07.07.2002,Jawa Barat,Kabupaten Ciamis,Panumbangan,Panumbangan
32.07.07.2003,Jawa Barat,Kabupaten Ciamis,Panumbangan,Sukakerta
32.07.07.2004,Jawa Barat,Kabupaten Ciamis,Panumbangan,Golat
32.07.07.2005,Jawa Barat,Kabupaten Ciamis,Panumbangan,Sindangherang
32.07.07.2006,Jawa Barat,Kabupaten Ciamis,Panumbangan,Banjarangsana
32.07.07.2007,Jawa Barat,Kabupaten Ciamis,Panumbangan,Payungagung
32.07.07.2008,Jawa Barat,Kabupaten Ciamis,Panumbangan,Tanjungmulya
32.07.07.2009,Jawa Barat,Kabupaten Ciamis,Panumbangan,Payungsari
32.07.07.2010,Jawa Barat,Kabupaten Ciamis,Panumbangan,Jayagiri
32.07.07.2011,Jawa Barat,Kabupaten Ciamis,Panumbangan,Kertaraharja
32.07.07.2012,Jawa Barat,Kabupaten Ciamis,Panumbangan,Sindangmukti
32.07.07.2013,Jawa Barat,Kabupaten Ciamis,Panumbangan,Sindangbarang
32.07.07.2014,Jawa Barat,Kabupaten Ciamis,Panumbangan,Buanamekar
32.07.08.2001,Jawa Barat,Kabupaten Ciamis,Panjalu,Panjalu
32.07.08.2002,Jawa Barat,Kabupaten Ciamis,Panjalu,Kertamandala
32.07.08.2003,Jawa Barat,Kabupaten Ciamis,Panjalu,Ciomas
32.07.08.2004,Jawa Barat,Kabupaten Ciamis,Panjalu,Sandingtaman
32.07.08.2005,Jawa Barat,Kabupaten Ciamis,Panjalu,Maparah
32.07.08.2009,Jawa Barat,Kabupaten Ciamis,Panjalu,Bahara
32.07.08.2012,Jawa Barat,Kabupaten Ciamis,Panjalu,Hujungtiwu
32.07.08.2013,Jawa Barat,Kabupaten Ciamis,Panjalu,Mandalare
32.07.09.2001,Jawa Barat,Kabupaten Ciamis,Kawali,Kawali
32.07.09.2002,Jawa Barat,Kabupaten Ciamis,Kawali,Talagasari
32.07.09.2004,Jawa Barat,Kabupaten Ciamis,Kawali,Karangpawitan
32.07.09.2005,Jawa Barat,Kabupaten Ciamis,Kawali,Winduraja
32.07.09.2006,Jawa Barat,Kabupaten Ciamis,Kawali,Margamulya
32.07.09.2011,Jawa Barat,Kabupaten Ciamis,Kawali,Citeureup
32.07.09.2013,Jawa Barat,Kabupaten Ciamis,Kawali,Purwasari
32.07.09.2014,Jawa Barat,Kabupaten Ciamis,Kawali,Sindangsari
32.07.09.2015,Jawa Barat,Kabupaten Ciamis,Kawali,Kawalimukti
32.07.09.2016,Jawa Barat,Kabupaten Ciamis,Kawali,Selasari
32.07.09.2019,Jawa Barat,Kabupaten Ciamis,Kawali,Linggapura
32.07.10.2001,Jawa Barat,Kabupaten Ciamis,Panawangan,Panawangan
32.07.10.2002,Jawa Barat,Kabupaten Ciamis,Panawangan,Sagalaherang
32.07.10.2003,Jawa Barat,Kabupaten Ciamis,Panawangan,Nagarapageuh
32.07.10.2004,Jawa Barat,Kabupaten Ciamis,Panawangan,Nagarajati
32.07.10.2005,Jawa Barat,Kabupaten Ciamis,Panawangan,Nagarajaya
32.07.10.2006,Jawa Barat,Kabupaten Ciamis,Panawangan,Kertayasa
32.07.10.2007,Jawa Barat,Kabupaten Ciamis,Panawangan,Indragiri
32.07.10.2008,Jawa Barat,Kabupaten Ciamis,Panawangan,Cinyasag
32.07.10.2009,Jawa Barat,Kabupaten Ciamis,Panawangan,Sadapaingan
32.07.10.2010,Jawa Barat,Kabupaten Ciamis,Panawangan,Jagabaya
32.07.10.2011,Jawa Barat,Kabupaten Ciamis,Panawangan,Gardujaya
32.07.10.2012,Jawa Barat,Kabupaten Ciamis,Panawangan,Karangpaningal
32.07.10.2013,Jawa Barat,Kabupaten Ciamis,Panawangan,Bangunjaya
32.07.10.2014,Jawa Barat,Kabupaten Ciamis,Panawangan,Girilaya
32.07.10.2015,Jawa Barat,Kabupaten Ciamis,Panawangan,Kertajaya
32.07.10.2016,Jawa Barat,Kabupaten Ciamis,Panawangan,Nagarawangi
32.07.10.2017,Jawa Barat,Kabupaten Ciamis,Panawangan,Mekarbuana
32.07.10.2018,Jawa Barat,Kabupaten Ciamis,Panawangan,Natanegara
32.07.11.2001,Jawa Barat,Kabupaten Ciamis,Cipaku,Buniseuri
32.07.11.2002,Jawa Barat,Kabupaten Ciamis,Cipaku,Selacai
32.07.11.2003,Jawa Barat,Kabupaten Ciamis,Cipaku,Jalatrang
32.07.11.2004,Jawa Barat,Kabupaten Ciamis,Cipaku,Cipaku
32.07.11.2005,Jawa Barat,Kabupaten Ciamis,Cipaku,Cieurih
32.07.11.2006,Jawa Barat,Kabupaten Ciamis,Cipaku,Gereba
32.07.11.2007,Jawa Barat,Kabupaten Ciamis,Cipaku,Muktisari
32.07.11.2008,Jawa Barat,Kabupaten Ciamis,Cipaku,Mekarsari
32.07.11.2009,Jawa Barat,Kabupaten Ciamis,Cipaku,Pusakasari
32.07.11.2010,Jawa Barat,Kabupaten Ciamis,Cipaku,Bangbayang
32.07.11.2011,Jawa Barat,Kabupaten Ciamis,Cipaku,Selamanik
32.07.11.2012,Jawa Barat,Kabupaten Ciamis,Cipaku,Ciakar
32.07.11.2013,Jawa Barat,Kabupaten Ciamis,Cipaku,Sukawening
32.07.12.2001,Jawa Barat,Kabupaten Ciamis,Jatinagara,Jatinagara
32.07.12.2002,Jawa Barat,Kabupaten Ciamis,Jatinagara,Sukanagara
32.07.12.2003,Jawa Barat,Kabupaten Ciamis,Jatinagara,Cintanagara
32.07.12.2004,Jawa Barat,Kabupaten Ciamis,Jatinagara,Dayeuhluhur
32.07.12.2005,Jawa Barat,Kabupaten Ciamis,Jatinagara,Mulyasari
32.07.12.2006,Jawa Barat,Kabupaten Ciamis,Jatinagara,Bayasari
32.07.13.2001,Jawa Barat,Kabupaten Ciamis,Rajadesa,Rajadesa
32.07.13.2002,Jawa Barat,Kabupaten Ciamis,Rajadesa,Tanjungsukur
32.07.13.2003,Jawa Barat,Kabupaten Ciamis,Rajadesa,Tanjungsari
32.07.13.2004,Jawa Barat,Kabupaten Ciamis,Rajadesa,Tanjungjaya
32.07.13.2005,Jawa Barat,Kabupaten Ciamis,Rajadesa,Andapraja
32.07.13.2006,Jawa Barat,Kabupaten Ciamis,Rajadesa,Sukaharja
32.07.13.2007,Jawa Barat,Kabupaten Ciamis,Rajadesa,Sukajaya
32.07.13.2008,Jawa Barat,Kabupaten Ciamis,Rajadesa,Tigaherang
32.07.13.2009,Jawa Barat,Kabupaten Ciamis,Rajadesa,Sirnabaya
32.07.13.2010,Jawa Barat,Kabupaten Ciamis,Rajadesa,Sirnajaya
32.07.13.2011,Jawa Barat,Kabupaten Ciamis,Rajadesa,Purwaraja
32.07.14.2001,Jawa Barat,Kabupaten Ciamis,Sukadana,Sukadana
32.07.14.2002,Jawa Barat,Kabupaten Ciamis,Sukadana,Salakaria
32.07.14.2003,Jawa Barat,Kabupaten Ciamis,Sukadana,Margaharja
32.07.14.2004,Jawa Barat,Kabupaten Ciamis,Sukadana,Margajaya
32.07.14.2005,Jawa Barat,Kabupaten Ciamis,Sukadana,Bunter
32.07.14.2006,Jawa Barat,Kabupaten Ciamis,Sukadana,Ciparigi
32.07.15.2001,Jawa Barat,Kabupaten Ciamis,Rancah,Rancah
32.07.15.2002,Jawa Barat,Kabupaten Ciamis,Rancah,Kiarapayung
32.07.15.2003,Jawa Barat,Kabupaten Ciamis,Rancah,Cileungsir
32.07.15.2004,Jawa Barat,Kabupaten Ciamis,Rancah,Cisontrol
32.07.15.2005,Jawa Barat,Kabupaten Ciamis,Rancah,Situmandala
32.07.15.2006,Jawa Barat,Kabupaten Ciamis,Rancah,Kawunglarang
32.07.15.2007,Jawa Barat,Kabupaten Ciamis,Rancah,Patakaharja
32.07.15.2008,Jawa Barat,Kabupaten Ciamis,Rancah,Bojonggedang
32.07.15.2009,Jawa Barat,Kabupaten Ciamis,Rancah,Karangpari
32.07.15.2010,Jawa Barat,Kabupaten Ciamis,Rancah,Dadiharja
32.07.15.2011,Jawa Barat,Kabupaten Ciamis,Rancah,Jangalaharja
32.07.15.2012,Jawa Barat,Kabupaten Ciamis,Rancah,Giriharja
32.07.15.2013,Jawa Barat,Kabupaten Ciamis,Rancah,Wangunsari
32.07.16.2001,Jawa Barat,Kabupaten Ciamis,Tambaksari,Tambaksari
32.07.16.2002,Jawa Barat,Kabupaten Ciamis,Tambaksari,Mekarsari
32.07.16.2003,Jawa Barat,Kabupaten Ciamis,Tambaksari,Kaso
32.07.16.2004,Jawa Barat,Kabupaten Ciamis,Tambaksari,Kadupandak
32.07.16.2005,Jawa Barat,Kabupaten Ciamis,Tambaksari,Sukasari
32.07.16.2006,Jawa Barat,Kabupaten Ciamis,Tambaksari,Karangpaningal
32.07.17.2006,Jawa Barat,Kabupaten Ciamis,Lakbok,Sidaharja
32.07.17.2007,Jawa Barat,Kabupaten Ciamis,Lakbok,Kertajaya
32.07.17.2009,Jawa Barat,Kabupaten Ciamis,Lakbok,Sukanagara
32.07.17.2010,Jawa Barat,Kabupaten Ciamis,Lakbok,Cintajaya
32.07.17.2011,Jawa Barat,Kabupaten Ciamis,Lakbok,Cintaratu
32.07.17.2012,Jawa Barat,Kabupaten Ciamis,Lakbok,Sindangangin
32.07.17.2013,Jawa Barat,Kabupaten Ciamis,Lakbok,Tambakreja
32.07.17.2017,Jawa Barat,Kabupaten Ciamis,Lakbok,Baregbeg
32.07.17.2018,Jawa Barat,Kabupaten Ciamis,Lakbok,Kalapasawit
32.07.17.2019,Jawa Barat,Kabupaten Ciamis,Lakbok,Puloerang
32.07.18.2005,Jawa Barat,Kabupaten Ciamis,Banjarsari,Kawasen
32.07.18.2006,Jawa Barat,Kabupaten Ciamis,Banjarsari,Cicapar
32.07.18.2007,Jawa Barat,Kabupaten Ciamis,Banjarsari,Cibadak
32.07.18.2008,Jawa Barat,Kabupaten Ciamis,Banjarsari,Banjarsari
32.07.18.2009,Jawa Barat,Kabupaten Ciamis,Banjarsari,Sindanghayu
32.07.18.2010,Jawa Barat,Kabupaten Ciamis,Banjarsari,Sindangasih
32.07.18.2012,Jawa Barat,Kabupaten Ciamis,Banjarsari,Sindangsari
32.07.18.2013,Jawa Barat,Kabupaten Ciamis,Banjarsari,Ciherang
32.07.18.2014,Jawa Barat,Kabupaten Ciamis,Banjarsari,Purwasari
32.07.18.2015,Jawa Barat,Kabupaten Ciamis,Banjarsari,Ratawangi
32.07.18.2016,Jawa Barat,Kabupaten Ciamis,Banjarsari,Ciulu
32.07.18.2018,Jawa Barat,Kabupaten Ciamis,Banjarsari,Sukasari
32.07.19.2001,Jawa Barat,Kabupaten Ciamis,Pamarican,Pamarican
32.07.19.2002,Jawa Barat,Kabupaten Ciamis,Pamarican,Sidamulih
32.07.19.2003,Jawa Barat,Kabupaten Ciamis,Pamarican,Kertahayu
32.07.19.2004,Jawa Barat,Kabupaten Ciamis,Pamarican,Sukamukti
32.07.19.2005,Jawa Barat,Kabupaten Ciamis,Pamarican,Bangunsari
32.07.19.2006,Jawa Barat,Kabupaten Ciamis,Pamarican,Neglasari
32.07.19.2007,Jawa Barat,Kabupaten Ciamis,Pamarican,Bantarsari
32.07.19.2008,Jawa Barat,Kabupaten Ciamis,Pamarican,Margajaya
32.07.19.2009,Jawa Barat,Kabupaten Ciamis,Pamarican,Sukajaya
32.07.19.2010,Jawa Barat,Kabupaten Ciamis,Pamarican,Sukahurip
32.07.19.2011,Jawa Barat,Kabupaten Ciamis,Pamarican,Sukajadi
32.07.19.2012,Jawa Barat,Kabupaten Ciamis,Pamarican,Sidaharja
32.07.19.2013,Jawa Barat,Kabupaten Ciamis,Pamarican,Pasirnagara
32.07.19.2014,Jawa Barat,Kabupaten Ciamis,Pamarican,Mekarmulya
32.07.29.2001,Jawa Barat,Kabupaten Ciamis,Cimaragas,Cimaragas
32.07.29.2002,Jawa Barat,Kabupaten Ciamis,Cimaragas,Beber
32.07.29.2003,Jawa Barat,Kabupaten Ciamis,Cimaragas,Raksabaya
32.07.29.2004,Jawa Barat,Kabupaten Ciamis,Cimaragas,Bojongmalang
32.07.29.2005,Jawa Barat,Kabupaten Ciamis,Cimaragas,Jayaraksa
32.07.30.2001,Jawa Barat,Kabupaten Ciamis,Cisaga,Cisaga
32.07.30.2002,Jawa Barat,Kabupaten Ciamis,Cisaga,Sidamulya
32.07.30.2003,Jawa Barat,Kabupaten Ciamis,Cisaga,Kepel
32.07.30.2004,Jawa Barat,Kabupaten Ciamis,Cisaga,Wangunjaya
32.07.30.2005,Jawa Barat,Kabupaten Ciamis,Cisaga,Sukahurip
32.07.30.2006,Jawa Barat,Kabupaten Ciamis,Cisaga,Bangunharja
32.07.30.2007,Jawa Barat,Kabupaten Ciamis,Cisaga,Tanjungjaya
32.07.30.2008,Jawa Barat,Kabupaten Ciamis,Cisaga,Mekarmukti
32.07.30.2009,Jawa Barat,Kabupaten Ciamis,Cisaga,Danasari
32.07.30.2010,Jawa Barat,Kabupaten Ciamis,Cisaga,Girimukti
32.07.30.2011,Jawa Barat,Kabupaten Ciamis,Cisaga,Karyamulya
32.07.31.2001,Jawa Barat,Kabupaten Ciamis,Sindangkasih,Sindangkasih
32.07.31.2002,Jawa Barat,Kabupaten Ciamis,Sindangkasih,Gunungcupu
32.07.31.2003,Jawa Barat,Kabupaten Ciamis,Sindangkasih,Budiasih
32.07.31.2004,Jawa Barat,Kabupaten Ciamis,Sindangkasih,Budiharja
32.07.31.2005,Jawa Barat,Kabupaten Ciamis,Sindangkasih,Sukaraja
32.07.31.2006,Jawa Barat,Kabupaten Ciamis,Sindangkasih,Sukamanah
32.07.31.2007,Jawa Barat,Kabupaten Ciamis,Sindangkasih,Sukasenang
32.07.31.2008,Jawa Barat,Kabupaten Ciamis,Sindangkasih,Sukaresik
32.07.31.2009,Jawa Barat,Kabupaten Ciamis,Sindangkasih,Wanasigra
32.07.32.2001,Jawa Barat,Kabupaten Ciamis,Baregbeg,Baregbeg
32.07.32.2002,Jawa Barat,Kabupaten Ciamis,Baregbeg,Sukamaju
32.07.32.2003,Jawa Barat,Kabupaten Ciamis,Baregbeg,Mekarjaya
32.07.32.2004,Jawa Barat,Kabupaten Ciamis,Baregbeg,Saguling
32.07.32.2005,Jawa Barat,Kabupaten Ciamis,Baregbeg,Petirhilir
32.07.32.2006,Jawa Barat,Kabupaten Ciamis,Baregbeg,Pusakanagara
32.07.32.2007,Jawa Barat,Kabupaten Ciamis,Baregbeg,Jelat
32.07.32.2008,Jawa Barat,Kabupaten Ciamis,Baregbeg,Karangampel
32.07.32.2009,Jawa Barat,Kabupaten Ciamis,Baregbeg,Sukamulya
32.07.33.2001,Jawa Barat,Kabupaten Ciamis,Sukamantri,Sukamantri
32.07.33.2002,Jawa Barat,Kabupaten Ciamis,Sukamantri,Tenggerraharja
32.07.33.2003,Jawa Barat,Kabupaten Ciamis,Sukamantri,Cibeureum
32.07.33.2004,Jawa Barat,Kabupaten Ciamis,Sukamantri,Sindanglaya
32.07.33.2005,Jawa Barat,Kabupaten Ciamis,Sukamantri,Mekarwangi
32.07.34.2001,Jawa Barat,Kabupaten Ciamis,Lumbung,Cikupa
32.07.34.2002,Jawa Barat,Kabupaten Ciamis,Lumbung,Sukaraharja
32.07.34.2003,Jawa Barat,Kabupaten Ciamis,Lumbung,Lumbung
32.07.34.2004,Jawa Barat,Kabupaten Ciamis,Lumbung,Lumbungsari
32.07.34.2005,Jawa Barat,Kabupaten Ciamis,Lumbung,Awiluar
32.07.34.2006,Jawa Barat,Kabupaten Ciamis,Lumbung,Darmaraja
32.07.34.2007,Jawa Barat,Kabupaten Ciamis,Lumbung,Rawa
32.07.34.2008,Jawa Barat,Kabupaten Ciamis,Lumbung,Sadewata
32.07.35.2001,Jawa Barat,Kabupaten Ciamis,Purwadadi,Bantardawa
32.07.35.2002,Jawa Barat,Kabupaten Ciamis,Purwadadi,Purwadadi
32.07.35.2003,Jawa Barat,Kabupaten Ciamis,Purwadadi,Purwajaya
32.07.35.2004,Jawa Barat,Kabupaten Ciamis,Purwadadi,Karangpaningal
32.07.35.2005,Jawa Barat,Kabupaten Ciamis,Purwadadi,Sidarahayu
32.07.35.2006,Jawa Barat,Kabupaten Ciamis,Purwadadi,Padaringan
32.07.35.2007,Jawa Barat,Kabupaten Ciamis,Purwadadi,Pasirlawang
32.07.35.2008,Jawa Barat,Kabupaten Ciamis,Purwadadi,Kutawaringin
32.07.35.2009,Jawa Barat,Kabupaten Ciamis,Purwadadi,Sukamulya
32.07.37.2001,Jawa Barat,Kabupaten Ciamis,Banjaranyar,Pasawahan
32.07.37.2002,Jawa Barat,Kabupaten Ciamis,Banjaranyar,Banjaranyar
32.07.37.2003,Jawa Barat,Kabupaten Ciamis,Banjaranyar,Cigayam
32.07.37.2004,Jawa Barat,Kabupaten Ciamis,Banjaranyar,Langkapsari
32.07.37.2005,Jawa Barat,Kabupaten Ciamis,Banjaranyar,Kalijaya
32.07.37.2006,Jawa Barat,Kabupaten Ciamis,Banjaranyar,Sindangrasa
32.07.37.2007,Jawa Barat,Kabupaten Ciamis,Banjaranyar,Cikaso
32.07.37.2008,Jawa Barat,Kabupaten Ciamis,Banjaranyar,Cikupa
32.07.37.2009,Jawa Barat,Kabupaten Ciamis,Banjaranyar,Karyamukti
32.07.37.2010,Jawa Barat,Kabupaten Ciamis,Banjaranyar,Tanjungsari
32.08.01.2001,Jawa Barat,Kabupaten Kuningan,Kadugede,Sindangjawa
32.08.01.2002,Jawa Barat,Kabupaten Kuningan,Kadugede,Ciketak
32.08.01.2003,Jawa Barat,Kabupaten Kuningan,Kadugede,Nangka
32.08.01.2004,Jawa Barat,Kabupaten Kuningan,Kadugede,Windujanten
32.08.01.2005,Jawa Barat,Kabupaten Kuningan,Kadugede,Kadugede
32.08.01.2006,Jawa Barat,Kabupaten Kuningan,Kadugede,Babatan
32.08.01.2007,Jawa Barat,Kabupaten Kuningan,Kadugede,Cipondok
32.08.01.2008,Jawa Barat,Kabupaten Kuningan,Kadugede,Bayuning
32.08.01.2009,Jawa Barat,Kabupaten Kuningan,Kadugede,Tinggar
32.08.01.2010,Jawa Barat,Kabupaten Kuningan,Kadugede,Ciherang
32.08.01.2011,Jawa Barat,Kabupaten Kuningan,Kadugede,Cisukadana
32.08.01.2012,Jawa Barat,Kabupaten Kuningan,Kadugede,Margabakti
32.08.02.2001,Jawa Barat,Kabupaten Kuningan,Ciniru,Pinara
32.08.02.2002,Jawa Barat,Kabupaten Kuningan,Ciniru,Cijemit
32.08.02.2003,Jawa Barat,Kabupaten Kuningan,Ciniru,Cipedes
32.08.02.2004,Jawa Barat,Kabupaten Kuningan,Ciniru,Ciniru
32.08.02.2005,Jawa Barat,Kabupaten Kuningan,Ciniru,Rambatan
32.08.02.2006,Jawa Barat,Kabupaten Kuningan,Ciniru,Longkewang
32.08.02.2007,Jawa Barat,Kabupaten Kuningan,Ciniru,Mungkaldatar
32.08.02.2008,Jawa Barat,Kabupaten Kuningan,Ciniru,Gunungmanik
32.08.02.2009,Jawa Barat,Kabupaten Kuningan,Ciniru,Pamupukan
32.08.03.2001,Jawa Barat,Kabupaten Kuningan,Subang,Tangkolo
32.08.03.2002,Jawa Barat,Kabupaten Kuningan,Subang,Pamulihan
32.08.03.2003,Jawa Barat,Kabupaten Kuningan,Subang,Subang
32.08.03.2004,Jawa Barat,Kabupaten Kuningan,Subang,Gunungaci
32.08.03.2005,Jawa Barat,Kabupaten Kuningan,Subang,Situgede
32.08.03.2006,Jawa Barat,Kabupaten Kuningan,Subang,Bangunjaya
32.08.03.2007,Jawa Barat,Kabupaten Kuningan,Subang,Jatisari
32.08.04.2001,Jawa Barat,Kabupaten Kuningan,Ciwaru,Sumberjaya
32.08.04.2002,Jawa Barat,Kabupaten Kuningan,Ciwaru,Cilayung
32.08.04.2003,Jawa Barat,Kabupaten Kuningan,Ciwaru,Ciwaru
32.08.04.2004,Jawa Barat,Kabupaten Kuningan,Ciwaru,Garajati
32.08.04.2005,Jawa Barat,Kabupaten Kuningan,Ciwaru,Baok
32.08.04.2006,Jawa Barat,Kabupaten Kuningan,Ciwaru,Andamui
32.08.04.2007,Jawa Barat,Kabupaten Kuningan,Ciwaru,Sagaranten
32.08.04.2008,Jawa Barat,Kabupaten Kuningan,Ciwaru,Citundun
32.08.04.2009,Jawa Barat,Kabupaten Kuningan,Ciwaru,Lebakherang
32.08.04.2010,Jawa Barat,Kabupaten Kuningan,Ciwaru,Karangbaru
32.08.04.2011,Jawa Barat,Kabupaten Kuningan,Ciwaru,Linggajaya
32.08.04.2012,Jawa Barat,Kabupaten Kuningan,Ciwaru,Citikur
32.08.05.2001,Jawa Barat,Kabupaten Kuningan,Cibingbin,Cipondok
32.08.05.2002,Jawa Barat,Kabupaten Kuningan,Cibingbin,Sindangjawa
32.08.05.2003,Jawa Barat,Kabupaten Kuningan,Cibingbin,Ciangir
32.08.05.2004,Jawa Barat,Kabupaten Kuningan,Cibingbin,Cibingbin
32.08.05.2005,Jawa Barat,Kabupaten Kuningan,Cibingbin,Citenjo
32.08.05.2006,Jawa Barat,Kabupaten Kuningan,Cibingbin,Dukuhbadag
32.08.05.2007,Jawa Barat,Kabupaten Kuningan,Cibingbin,Bantarpanjang
32.08.05.2008,Jawa Barat,Kabupaten Kuningan,Cibingbin,Sukamaju
32.08.05.2009,Jawa Barat,Kabupaten Kuningan,Cibingbin,Sukaharja
32.08.05.2010,Jawa Barat,Kabupaten Kuningan,Cibingbin,Cisaat
32.08.06.2001,Jawa Barat,Kabupaten Kuningan,Luragung,Dukuhpicung
32.08.06.2002,Jawa Barat,Kabupaten Kuningan,Luragung,Walaharcageur
32.08.06.2003,Jawa Barat,Kabupaten Kuningan,Luragung,Wilanagara
32.08.06.2004,Jawa Barat,Kabupaten Kuningan,Luragung,Cigedang
32.08.06.2005,Jawa Barat,Kabupaten Kuningan,Luragung,Luragungtonggoh
32.08.06.2006,Jawa Barat,Kabupaten Kuningan,Luragung,Sindangsari
32.08.06.2007,Jawa Barat,Kabupaten Kuningan,Luragung,Cirahayu
32.08.06.2008,Jawa Barat,Kabupaten Kuningan,Luragung,Margasari
32.08.06.2009,Jawa Barat,Kabupaten Kuningan,Luragung,Sindangsuka
32.08.06.2010,Jawa Barat,Kabupaten Kuningan,Luragung,Cikandang
32.08.06.2011,Jawa Barat,Kabupaten Kuningan,Luragung,Panyosogan
32.08.06.2012,Jawa Barat,Kabupaten Kuningan,Luragung,Gunungkarung
32.08.06.2013,Jawa Barat,Kabupaten Kuningan,Luragung,Luragunglandeuh
32.08.06.2014,Jawa Barat,Kabupaten Kuningan,Luragung,Dukuhmaja
32.08.06.2015,Jawa Barat,Kabupaten Kuningan,Luragung,Benda
32.08.06.2016,Jawa Barat,Kabupaten Kuningan,Luragung,Cikaduwetan
32.08.07.2010,Jawa Barat,Kabupaten Kuningan,Lebakwangi,Langseb
32.08.07.2011,Jawa Barat,Kabupaten Kuningan,Lebakwangi,Cinagara
32.08.07.2012,Jawa Barat,Kabupaten Kuningan,Lebakwangi,Cineumbeuy
32.08.07.2013,Jawa Barat,Kabupaten Kuningan,Lebakwangi,Cipetir
32.08.07.2014,Jawa Barat,Kabupaten Kuningan,Lebakwangi,Lebakwangi
32.08.07.2015,Jawa Barat,Kabupaten Kuningan,Lebakwangi,Mancagar
32.08.07.2016,Jawa Barat,Kabupaten Kuningan,Lebakwangi,Bendungan
32.08.07.2017,Jawa Barat,Kabupaten Kuningan,Lebakwangi,Sindang
32.08.07.2018,Jawa Barat,Kabupaten Kuningan,Lebakwangi,Pasayangan
32.08.07.2019,Jawa Barat,Kabupaten Kuningan,Lebakwangi,Pajawankidul
32.08.07.2020,Jawa Barat,Kabupaten Kuningan,Lebakwangi,Pagundan
32.08.07.2021,Jawa Barat,Kabupaten Kuningan,Lebakwangi,Mekarwangi
32.08.07.2025,Jawa Barat,Kabupaten Kuningan,Lebakwangi,Manggari
32.08.08.2001,Jawa Barat,Kabupaten Kuningan,Garawangi,Gewok
32.08.08.2002,Jawa Barat,Kabupaten Kuningan,Garawangi,Cirukem
32.08.08.2003,Jawa Barat,Kabupaten Kuningan,Garawangi,Pakembangan
32.08.08.2004,Jawa Barat,Kabupaten Kuningan,Garawangi,Sukaimut
32.08.08.2005,Jawa Barat,Kabupaten Kuningan,Garawangi,Cikananga
32.08.08.2006,Jawa Barat,Kabupaten Kuningan,Garawangi,Tambakbaya
32.08.08.2007,Jawa Barat,Kabupaten Kuningan,Garawangi,Garawangi
32.08.08.2008,Jawa Barat,Kabupaten Kuningan,Garawangi,Sukamulya
32.08.08.2009,Jawa Barat,Kabupaten Kuningan,Garawangi,Mancagar
32.08.08.2010,Jawa Barat,Kabupaten Kuningan,Garawangi,Purwasari
32.08.08.2011,Jawa Barat,Kabupaten Kuningan,Garawangi,Lengkong
32.08.08.2023,Jawa Barat,Kabupaten Kuningan,Garawangi,Karamatwangi
32.08.08.2024,Jawa Barat,Kabupaten Kuningan,Garawangi,Citiusari
32.08.08.2026,Jawa Barat,Kabupaten Kuningan,Garawangi,Mekarmulya
32.08.08.2027,Jawa Barat,Kabupaten Kuningan,Garawangi,Tembong
32.08.08.2028,Jawa Barat,Kabupaten Kuningan,Garawangi,Kutakembaran
32.08.08.2029,Jawa Barat,Kabupaten Kuningan,Garawangi,Kadatuan
32.08.09.1001,Jawa Barat,Kabupaten Kuningan,Kuningan,Citangtu
32.08.09.1002,Jawa Barat,Kabupaten Kuningan,Kuningan,Kuningan
32.08.09.1003,Jawa Barat,Kabupaten Kuningan,Kuningan,Winduhaji
32.08.09.1004,Jawa Barat,Kabupaten Kuningan,Kuningan,Windusengkahan
32.08.09.1005,Jawa Barat,Kabupaten Kuningan,Kuningan,Cijoho
32.08.09.1006,Jawa Barat,Kabupaten Kuningan,Kuningan,Purwawinangun
32.08.09.1007,Jawa Barat,Kabupaten Kuningan,Kuningan,Cigintung
32.08.09.1008,Jawa Barat,Kabupaten Kuningan,Kuningan,Cirendang
32.08.09.1009,Jawa Barat,Kabupaten Kuningan,Kuningan,Ciporang
32.08.09.1010,Jawa Barat,Kabupaten Kuningan,Kuningan,Awirarangan
32.08.09.2011,Jawa Barat,Kabupaten Kuningan,Kuningan,Cibinuang
32.08.09.2012,Jawa Barat,Kabupaten Kuningan,Kuningan,Karangtawang
32.08.09.2013,Jawa Barat,Kabupaten Kuningan,Kuningan,Kedungarum
32.08.09.2014,Jawa Barat,Kabupaten Kuningan,Kuningan,Ancaran
32.08.09.2015,Jawa Barat,Kabupaten Kuningan,Kuningan,Kasturi
32.08.09.2016,Jawa Barat,Kabupaten Kuningan,Kuningan,Padarek
32.08.10.2001,Jawa Barat,Kabupaten Kuningan,Ciawigebang,Geresik
32.08.10.2002,Jawa Barat,Kabupaten Kuningan,Ciawigebang,Kadurama
32.08.10.2003,Jawa Barat,Kabupaten Kuningan,Ciawigebang,Ciawigebang
32.08.10.2004,Jawa Barat,Kabupaten Kuningan,Ciawigebang,Lebaksiuh
32.08.10.2005,Jawa Barat,Kabupaten Kuningan,Ciawigebang,Ciputat
32.08.10.2006,Jawa Barat,Kabupaten Kuningan,Ciawigebang,Pajawanlor
32.08.10.2007,Jawa Barat,Kabupaten Kuningan,Ciawigebang,Sidaraja
32.08.10.2008,Jawa Barat,Kabupaten Kuningan,Ciawigebang,Kapandayan
32.08.10.2009,Jawa Barat,Kabupaten Kuningan,Ciawigebang,Pangkalan
32.08.10.2010,Jawa Barat,Kabupaten Kuningan,Ciawigebang,Ciomas
32.08.10.2011,Jawa Barat,Kabupaten Kuningan,Ciawigebang,Sukaraja
32.08.10.2012,Jawa Barat,Kabupaten Kuningan,Ciawigebang,Cihaur
32.08.10.2013,Jawa Barat,Kabupaten Kuningan,Ciawigebang,Ciawilor
32.08.10.2014,Jawa Barat,Kabupaten Kuningan,Ciawigebang,Cigarukgak
32.08.10.2015,Jawa Barat,Kabupaten Kuningan,Ciawigebang,Sukadana
32.08.10.2016,Jawa Barat,Kabupaten Kuningan,Ciawigebang,Cihirup
32.08.10.2017,Jawa Barat,Kabupaten Kuningan,Ciawigebang,Karamatmulya
32.08.10.2018,Jawa Barat,Kabupaten Kuningan,Ciawigebang,Pamijahan
32.08.10.2019,Jawa Barat,Kabupaten Kuningan,Ciawigebang,Karangkamulyan
32.08.10.2020,Jawa Barat,Kabupaten Kuningan,Ciawigebang,Padarama
32.08.10.2021,Jawa Barat,Kabupaten Kuningan,Ciawigebang,Cikubangmulya
32.08.10.2022,Jawa Barat,Kabupaten Kuningan,Ciawigebang,Dukuhdalem
32.08.10.2023,Jawa Barat,Kabupaten Kuningan,Ciawigebang,Mekarjaya
32.08.10.2024,Jawa Barat,Kabupaten Kuningan,Ciawigebang,Cijagamulya
32.08.11.2001,Jawa Barat,Kabupaten Kuningan,Cidahu,Cihideunggirang
32.08.11.2002,Jawa Barat,Kabupaten Kuningan,Cidahu,Cihideunghilir
32.08.11.2003,Jawa Barat,Kabupaten Kuningan,Cidahu,Cidahu
32.08.11.2004,Jawa Barat,Kabupaten Kuningan,Cidahu,Kertawinangun
32.08.11.2005,Jawa Barat,Kabupaten Kuningan,Cidahu,Datar
32.08.11.2006,Jawa Barat,Kabupaten Kuningan,Cidahu,Legok
32.08.11.2007,Jawa Barat,Kabupaten Kuningan,Cidahu,Cikeusik
32.08.11.2008,Jawa Barat,Kabupaten Kuningan,Cidahu,Cieurih
32.08.11.2009,Jawa Barat,Kabupaten Kuningan,Cidahu,Cibulan
32.08.11.2010,Jawa Barat,Kabupaten Kuningan,Cidahu,Nanggela
32.08.11.2011,Jawa Barat,Kabupaten Kuningan,Cidahu,Jatimulya
32.08.11.2012,Jawa Barat,Kabupaten Kuningan,Cidahu,Bunder
32.08.12.2001,Jawa Barat,Kabupaten Kuningan,Jalaksana,Sukamukti
32.08.12.2002,Jawa Barat,Kabupaten Kuningan,Jalaksana,Sidamulya
32.08.12.2003,Jawa Barat,Kabupaten Kuningan,Jalaksana,Jalaksana
32.08.12.2004,Jawa Barat,Kabupaten Kuningan,Jalaksana,Sangkanerang
32.08.12.2005,Jawa Barat,Kabupaten Kuningan,Jalaksana,Sayana
32.08.12.2006,Jawa Barat,Kabupaten Kuningan,Jalaksana,Peusing
32.08.12.2007,Jawa Barat,Kabupaten Kuningan,Jalaksana,Sembawa
32.08.12.2008,Jawa Barat,Kabupaten Kuningan,Jalaksana,Sadamantra
32.08.12.2009,Jawa Barat,Kabupaten Kuningan,Jalaksana,Maniskidul
32.08.12.2010,Jawa Barat,Kabupaten Kuningan,Jalaksana,Manislor
32.08.12.2011,Jawa Barat,Kabupaten Kuningan,Jalaksana,Ciniru
32.08.12.2012,Jawa Barat,Kabupaten Kuningan,Jalaksana,Padamenak
32.08.12.2013,Jawa Barat,Kabupaten Kuningan,Jalaksana,Babakanmulya
32.08.12.2014,Jawa Barat,Kabupaten Kuningan,Jalaksana,Sindangbarang
32.08.12.2015,Jawa Barat,Kabupaten Kuningan,Jalaksana,Nanggerang
32.08.13.2006,Jawa Barat,Kabupaten Kuningan,Cilimus,Bandorasawetan
32.08.13.2007,Jawa Barat,Kabupaten Kuningan,Cilimus,Bandorasakulon
32.08.13.2008,Jawa Barat,Kabupaten Kuningan,Cilimus,Linggasana
32.08.13.2009,Jawa Barat,Kabupaten Kuningan,Cilimus,Linggajati
32.08.13.2010,Jawa Barat,Kabupaten Kuningan,Cilimus,Bojong
32.08.13.2015,Jawa Barat,Kabupaten Kuningan,Cilimus,Cilimus
32.08.13.2016,Jawa Barat,Kabupaten Kuningan,Cilimus,Setianegara
32.08.13.2017,Jawa Barat,Kabupaten Kuningan,Cilimus,Cibeureum
32.08.13.2018,Jawa Barat,Kabupaten Kuningan,Cilimus,Kaliaren
32.08.13.2019,Jawa Barat,Kabupaten Kuningan,Cilimus,Sampora
32.08.13.2020,Jawa Barat,Kabupaten Kuningan,Cilimus,Caracas
32.08.13.2023,Jawa Barat,Kabupaten Kuningan,Cilimus,Linggamekar
32.08.13.2024,Jawa Barat,Kabupaten Kuningan,Cilimus,Linggaindah
32.08.14.2001,Jawa Barat,Kabupaten Kuningan,Mandirancan,Cirea
32.08.14.2002,Jawa Barat,Kabupaten Kuningan,Mandirancan,Sukasari
32.08.14.2003,Jawa Barat,Kabupaten Kuningan,Mandirancan,Seda
32.08.14.2004,Jawa Barat,Kabupaten Kuningan,Mandirancan,Trijaya
32.08.14.2005,Jawa Barat,Kabupaten Kuningan,Mandirancan,Randobawagirang
32.08.14.2006,Jawa Barat,Kabupaten Kuningan,Mandirancan,Pakembangan
32.08.14.2007,Jawa Barat,Kabupaten Kuningan,Mandirancan,Randobawailir
32.08.14.2008,Jawa Barat,Kabupaten Kuningan,Mandirancan,Kertawinangun
32.08.14.2009,Jawa Barat,Kabupaten Kuningan,Mandirancan,Mandirancan
32.08.14.2010,Jawa Barat,Kabupaten Kuningan,Mandirancan,Nanggela
32.08.14.2011,Jawa Barat,Kabupaten Kuningan,Mandirancan,Nanggerangjaya
32.08.14.2012,Jawa Barat,Kabupaten Kuningan,Mandirancan,Salakadomas
32.08.15.2001,Jawa Barat,Kabupaten Kuningan,Selajambe,Selajambe
32.08.15.2002,Jawa Barat,Kabupaten Kuningan,Selajambe,Cantilan
32.08.15.2003,Jawa Barat,Kabupaten Kuningan,Selajambe,Ciberung
32.08.15.2004,Jawa Barat,Kabupaten Kuningan,Selajambe,Kutawaringin
32.08.15.2005,Jawa Barat,Kabupaten Kuningan,Selajambe,Jamberama
32.08.15.2006,Jawa Barat,Kabupaten Kuningan,Selajambe,Bagawat
32.08.15.2007,Jawa Barat,Kabupaten Kuningan,Selajambe,Padahurip
32.08.16.2002,Jawa Barat,Kabupaten Kuningan,Kramatmulya,Gereba
32.08.16.2004,Jawa Barat,Kabupaten Kuningan,Kramatmulya,Cilaja
32.08.16.2005,Jawa Barat,Kabupaten Kuningan,Kramatmulya,Cikubangsari
32.08.16.2006,Jawa Barat,Kabupaten Kuningan,Kramatmulya,Bojong
32.08.16.2007,Jawa Barat,Kabupaten Kuningan,Kramatmulya,Cilowa
32.08.16.2008,Jawa Barat,Kabupaten Kuningan,Kramatmulya,Cibentang
32.08.16.2009,Jawa Barat,Kabupaten Kuningan,Kramatmulya,Ragawacana
32.08.16.2010,Jawa Barat,Kabupaten Kuningan,Kramatmulya,Pajambon
32.08.16.2011,Jawa Barat,Kabupaten Kuningan,Kramatmulya,Gandasoli
32.08.16.2012,Jawa Barat,Kabupaten Kuningan,Kramatmulya,Kalapagunung
32.08.16.2013,Jawa Barat,Kabupaten Kuningan,Kramatmulya,Kramatmulya
32.08.16.2014,Jawa Barat,Kabupaten Kuningan,Kramatmulya,Cikaso
32.08.16.2015,Jawa Barat,Kabupaten Kuningan,Kramatmulya,Karangmangu
32.08.16.2017,Jawa Barat,Kabupaten Kuningan,Kramatmulya,Widarasari
32.08.17.2001,Jawa Barat,Kabupaten Kuningan,Darma,Cimenga
32.08.17.2002,Jawa Barat,Kabupaten Kuningan,Darma,Cageur
32.08.17.2003,Jawa Barat,Kabupaten Kuningan,Darma,Sakertabarat
32.08.17.2004,Jawa Barat,Kabupaten Kuningan,Darma,Sukarasa
32.08.17.2005,Jawa Barat,Kabupaten Kuningan,Darma,Paninggaran
32.08.17.2006,Jawa Barat,Kabupaten Kuningan,Darma,Cipasung
32.08.17.2007,Jawa Barat,Kabupaten Kuningan,Darma,Kawahmanuk
32.08.17.2008,Jawa Barat,Kabupaten Kuningan,Darma,Cikupa
32.08.17.2009,Jawa Barat,Kabupaten Kuningan,Darma,Parung
32.08.17.2010,Jawa Barat,Kabupaten Kuningan,Darma,Darma
32.08.17.2011,Jawa Barat,Kabupaten Kuningan,Darma,Jagara
32.08.17.2012,Jawa Barat,Kabupaten Kuningan,Darma,Bakom
32.08.17.2013,Jawa Barat,Kabupaten Kuningan,Darma,Karanganyar
32.08.17.2014,Jawa Barat,Kabupaten Kuningan,Darma,Karangsari
32.08.17.2015,Jawa Barat,Kabupaten Kuningan,Darma,Sagarahiang
32.08.17.2016,Jawa Barat,Kabupaten Kuningan,Darma,Gunungsirah
32.08.17.2017,Jawa Barat,Kabupaten Kuningan,Darma,Sakertatimur
32.08.17.2018,Jawa Barat,Kabupaten Kuningan,Darma,Tugumulya
32.08.17.2019,Jawa Barat,Kabupaten Kuningan,Darma,Situsari
32.08.18.1001,Jawa Barat,Kabupaten Kuningan,Cigugur,Cigugur
32.08.18.1002,Jawa Barat,Kabupaten Kuningan,Cigugur,Cigadung
32.08.18.1003,Jawa Barat,Kabupaten Kuningan,Cigugur,Winduherang
32.08.18.1004,Jawa Barat,Kabupaten Kuningan,Cigugur,Sukamulya
32.08.18.1005,Jawa Barat,Kabupaten Kuningan,Cigugur,Cipari
32.08.18.2006,Jawa Barat,Kabupaten Kuningan,Cigugur,Cileuleuy
32.08.18.2007,Jawa Barat,Kabupaten Kuningan,Cigugur,Puncak
32.08.18.2008,Jawa Barat,Kabupaten Kuningan,Cigugur,Gunungkeling
32.08.18.2009,Jawa Barat,Kabupaten Kuningan,Cigugur,Cisantana
32.08.18.2010,Jawa Barat,Kabupaten Kuningan,Cigugur,Babakanmulya
32.08.19.2001,Jawa Barat,Kabupaten Kuningan,Pasawahan,Padabeunghar
32.08.19.2002,Jawa Barat,Kabupaten Kuningan,Pasawahan,Kaduela
32.08.19.2003,Jawa Barat,Kabupaten Kuningan,Pasawahan,Pasawahan
32.08.19.2004,Jawa Barat,Kabupaten Kuningan,Pasawahan,Ciwiru
32.08.19.2005,Jawa Barat,Kabupaten Kuningan,Pasawahan,Cidahu
32.08.19.2006,Jawa Barat,Kabupaten Kuningan,Pasawahan,Cimara
32.08.19.2007,Jawa Barat,Kabupaten Kuningan,Pasawahan,Paniis
32.08.19.2008,Jawa Barat,Kabupaten Kuningan,Pasawahan,Cibuntu
32.08.19.2009,Jawa Barat,Kabupaten Kuningan,Pasawahan,Singkup
32.08.19.2010,Jawa Barat,Kabupaten Kuningan,Pasawahan,Padamatang
32.08.20.2001,Jawa Barat,Kabupaten Kuningan,Nusaherang,Haurkuning
32.08.20.2002,Jawa Barat,Kabupaten Kuningan,Nusaherang,Kertayuga
32.08.20.2003,Jawa Barat,Kabupaten Kuningan,Nusaherang,Windusari
32.08.20.2004,Jawa Barat,Kabupaten Kuningan,Nusaherang,Nusaherang
32.08.20.2005,Jawa Barat,Kabupaten Kuningan,Nusaherang,Jambar
32.08.20.2006,Jawa Barat,Kabupaten Kuningan,Nusaherang,Cikadu
32.08.20.2007,Jawa Barat,Kabupaten Kuningan,Nusaherang,Kertawirama
32.08.20.2008,Jawa Barat,Kabupaten Kuningan,Nusaherang,Ciasih
32.08.21.2001,Jawa Barat,Kabupaten Kuningan,Cipicung,Muncangela
32.08.21.2002,Jawa Barat,Kabupaten Kuningan,Cipicung,Karoya
32.08.21.2003,Jawa Barat,Kabupaten Kuningan,Cipicung,Susukan
32.08.21.2004,Jawa Barat,Kabupaten Kuningan,Cipicung,Cimaranten
32.08.21.2005,Jawa Barat,Kabupaten Kuningan,Cipicung,Cipicung
32.08.21.2006,Jawa Barat,Kabupaten Kuningan,Cipicung,Pamulihan
32.08.21.2007,Jawa Barat,Kabupaten Kuningan,Cipicung,Salareuma
32.08.21.2008,Jawa Barat,Kabupaten Kuningan,Cipicung,Suganangan
32.08.21.2009,Jawa Barat,Kabupaten Kuningan,Cipicung,Sukamukti
32.08.21.2010,Jawa Barat,Kabupaten Kuningan,Cipicung,Mekarsari
32.08.22.2001,Jawa Barat,Kabupaten Kuningan,Pancalang,Silebu
32.08.22.2002,Jawa Barat,Kabupaten Kuningan,Pancalang,Patalagan
32.08.22.2003,Jawa Barat,Kabupaten Kuningan,Pancalang,Kahiyangan
32.08.22.2004,Jawa Barat,Kabupaten Kuningan,Pancalang,Tajurbuntu
32.08.22.2005,Jawa Barat,Kabupaten Kuningan,Pancalang,Pancalang
32.08.22.2006,Jawa Barat,Kabupaten Kuningan,Pancalang,Sumbakeling
32.08.22.2007,Jawa Barat,Kabupaten Kuningan,Pancalang,Sarewu
32.08.22.2008,Jawa Barat,Kabupaten Kuningan,Pancalang,Sindangkempeng
32.08.22.2009,Jawa Barat,Kabupaten Kuningan,Pancalang,Rajawetan
32.08.22.2010,Jawa Barat,Kabupaten Kuningan,Pancalang,Tenjolayar
32.08.22.2011,Jawa Barat,Kabupaten Kuningan,Pancalang,Mekarjaya
32.08.22.2012,Jawa Barat,Kabupaten Kuningan,Pancalang,Tarikolot
32.08.22.2013,Jawa Barat,Kabupaten Kuningan,Pancalang,Danalampah
32.08.23.2001,Jawa Barat,Kabupaten Kuningan,Japara,Garatengah
32.08.23.2002,Jawa Barat,Kabupaten Kuningan,Japara,Rajadanu
32.08.23.2003,Jawa Barat,Kabupaten Kuningan,Japara,Singkup
32.08.23.2004,Jawa Barat,Kabupaten Kuningan,Japara,Japara
32.08.23.2005,Jawa Barat,Kabupaten Kuningan,Japara,Wano
32.08.23.2006,Jawa Barat,Kabupaten Kuningan,Japara,Citapen
32.08.23.2007,Jawa Barat,Kabupaten Kuningan,Japara,Cengal
32.08.23.2008,Jawa Barat,Kabupaten Kuningan,Japara,Cikeleng
32.08.23.2009,Jawa Barat,Kabupaten Kuningan,Japara,Kalimati
32.08.23.2010,Jawa Barat,Kabupaten Kuningan,Japara,Dukuhdalem
32.08.24.2003,Jawa Barat,Kabupaten Kuningan,Cimahi,Cileuya
32.08.24.2004,Jawa Barat,Kabupaten Kuningan,Cimahi,Margamukti
32.08.24.2005,Jawa Barat,Kabupaten Kuningan,Cimahi,Gunungsari
32.08.24.2006,Jawa Barat,Kabupaten Kuningan,Cimahi,Cimahi
32.08.24.2007,Jawa Barat,Kabupaten Kuningan,Cimahi,Kananga
32.08.24.2008,Jawa Barat,Kabupaten Kuningan,Cimahi,Cikeusal
32.08.24.2009,Jawa Barat,Kabupaten Kuningan,Cimahi,Mekarjaya
32.08.24.2010,Jawa Barat,Kabupaten Kuningan,Cimahi,Sukajaya
32.08.24.2011,Jawa Barat,Kabupaten Kuningan,Cimahi,Mulyajaya
32.08.24.2012,Jawa Barat,Kabupaten Kuningan,Cimahi,Cimulya
32.08.25.2001,Jawa Barat,Kabupaten Kuningan,Cilebak,Legokherang
32.08.25.2002,Jawa Barat,Kabupaten Kuningan,Cilebak,Bungurberes
32.08.25.2003,Jawa Barat,Kabupaten Kuningan,Cilebak,Cilebak
32.08.25.2004,Jawa Barat,Kabupaten Kuningan,Cilebak,Jalatrang
32.08.25.2005,Jawa Barat,Kabupaten Kuningan,Cilebak,Patala
32.08.25.2006,Jawa Barat,Kabupaten Kuningan,Cilebak,Mandapajaya
32.08.25.2007,Jawa Barat,Kabupaten Kuningan,Cilebak,Cilimusari
32.08.26.2001,Jawa Barat,Kabupaten Kuningan,Hantara,Citapen
32.08.26.2002,Jawa Barat,Kabupaten Kuningan,Hantara,Pasiragung
32.08.26.2003,Jawa Barat,Kabupaten Kuningan,Hantara,Tundagan
32.08.26.2004,Jawa Barat,Kabupaten Kuningan,Hantara,Bunigeulis
32.08.26.2005,Jawa Barat,Kabupaten Kuningan,Hantara,Hantara
32.08.26.2006,Jawa Barat,Kabupaten Kuningan,Hantara,Pakapasangirang
32.08.26.2007,Jawa Barat,Kabupaten Kuningan,Hantara,Cikondang
32.08.26.2008,Jawa Barat,Kabupaten Kuningan,Hantara,Pakapasanhilir
32.08.27.2001,Jawa Barat,Kabupaten Kuningan,Kalimanggis,Kalimanggiskulon
32.08.27.2002,Jawa Barat,Kabupaten Kuningan,Kalimanggis,Partawangunan
32.08.27.2003,Jawa Barat,Kabupaten Kuningan,Kalimanggis,Cipancur
32.08.27.2004,Jawa Barat,Kabupaten Kuningan,Kalimanggis,Kertawana
32.08.27.2005,Jawa Barat,Kabupaten Kuningan,Kalimanggis,Wanasaraya
32.08.27.2006,Jawa Barat,Kabupaten Kuningan,Kalimanggis,Kalimanggiswetan
32.08.28.2001,Jawa Barat,Kabupaten Kuningan,Cibeureum,Cimara
32.08.28.2002,Jawa Barat,Kabupaten Kuningan,Cibeureum,Sumurwiru
32.08.28.2003,Jawa Barat,Kabupaten Kuningan,Cibeureum,Cibeureum
32.08.28.2004,Jawa Barat,Kabupaten Kuningan,Cibeureum,Tarikolot
32.08.28.2005,Jawa Barat,Kabupaten Kuningan,Cibeureum,Randusari
32.08.28.2006,Jawa Barat,Kabupaten Kuningan,Cibeureum,Sukadana
32.08.28.2007,Jawa Barat,Kabupaten Kuningan,Cibeureum,Kawungsari
32.08.28.2008,Jawa Barat,Kabupaten Kuningan,Cibeureum,Sukarapih
32.08.29.2001,Jawa Barat,Kabupaten Kuningan,Karangkancana,Karangkancana
32.08.29.2002,Jawa Barat,Kabupaten Kuningan,Karangkancana,Kaduagung
32.08.29.2003,Jawa Barat,Kabupaten Kuningan,Karangkancana,Segong
32.08.29.2004,Jawa Barat,Kabupaten Kuningan,Karangkancana,Tanjungkerta
32.08.29.2005,Jawa Barat,Kabupaten Kuningan,Karangkancana,Sukasari
32.08.29.2006,Jawa Barat,Kabupaten Kuningan,Karangkancana,Margacina
32.08.29.2007,Jawa Barat,Kabupaten Kuningan,Karangkancana,Jabranti
32.08.29.2008,Jawa Barat,Kabupaten Kuningan,Karangkancana,Simpayjaya
32.08.29.2009,Jawa Barat,Kabupaten Kuningan,Karangkancana,Cihanjaro
32.08.30.2001,Jawa Barat,Kabupaten Kuningan,Maleber,Garahaji
32.08.30.2002,Jawa Barat,Kabupaten Kuningan,Maleber,Galaherang
32.08.30.2003,Jawa Barat,Kabupaten Kuningan,Maleber,Cipakem
32.08.30.2004,Jawa Barat,Kabupaten Kuningan,Maleber,Maleber
32.08.30.2005,Jawa Barat,Kabupaten Kuningan,Maleber,Parakan
32.08.30.2006,Jawa Barat,Kabupaten Kuningan,Maleber,Kutaraja
32.08.30.2007,Jawa Barat,Kabupaten Kuningan,Maleber,Ciporang
32.08.30.2008,Jawa Barat,Kabupaten Kuningan,Maleber,Dukuhtengah
32.08.30.2009,Jawa Barat,Kabupaten Kuningan,Maleber,Karangtengah
32.08.30.2010,Jawa Barat,Kabupaten Kuningan,Maleber,Mekarsari
32.08.30.2011,Jawa Barat,Kabupaten Kuningan,Maleber,Padamulya
32.08.30.2012,Jawa Barat,Kabupaten Kuningan,Maleber,Cikahuripan
32.08.30.2013,Jawa Barat,Kabupaten Kuningan,Maleber,Kutamandarakan
32.08.30.2014,Jawa Barat,Kabupaten Kuningan,Maleber,Mandalajaya
32.08.30.2015,Jawa Barat,Kabupaten Kuningan,Maleber,Giriwaringin
32.08.30.2016,Jawa Barat,Kabupaten Kuningan,Maleber,Buniasih
32.08.31.2001,Jawa Barat,Kabupaten Kuningan,Sindangagung,Sindangsari
32.08.31.2002,Jawa Barat,Kabupaten Kuningan,Sindangagung,Kaduagung
32.08.31.2003,Jawa Barat,Kabupaten Kuningan,Sindangagung,Kertaungaran
32.08.31.2004,Jawa Barat,Kabupaten Kuningan,Sindangagung,Sindangagung
32.08.31.2005,Jawa Barat,Kabupaten Kuningan,Sindangagung,Balong
32.08.31.2006,Jawa Barat,Kabupaten Kuningan,Sindangagung,Kertayasa
32.08.31.2007,Jawa Barat,Kabupaten Kuningan,Sindangagung,Kertawangunan
32.08.31.2008,Jawa Barat,Kabupaten Kuningan,Sindangagung,Babakanreuma
32.08.31.2009,Jawa Barat,Kabupaten Kuningan,Sindangagung,Tirtawangunan
32.08.31.2010,Jawa Barat,Kabupaten Kuningan,Sindangagung,Dukuhlor
32.08.31.2011,Jawa Barat,Kabupaten Kuningan,Sindangagung,Taraju
32.08.31.2012,Jawa Barat,Kabupaten Kuningan,Sindangagung,Mekarmukti
32.08.32.2001,Jawa Barat,Kabupaten Kuningan,Cigandamekar,Bunigeulis
32.08.32.2002,Jawa Barat,Kabupaten Kuningan,Cigandamekar,Jambugeulis
32.08.32.2003,Jawa Barat,Kabupaten Kuningan,Cigandamekar,Koreak
32.08.32.2004,Jawa Barat,Kabupaten Kuningan,Cigandamekar,Karangmuncang
32.08.32.2005,Jawa Barat,Kabupaten Kuningan,Cigandamekar,Sangkanurip
32.08.32.2006,Jawa Barat,Kabupaten Kuningan,Cigandamekar,Panawuan
32.08.32.2007,Jawa Barat,Kabupaten Kuningan,Cigandamekar,Timbang
32.08.32.2008,Jawa Barat,Kabupaten Kuningan,Cigandamekar,Babakanjati
32.08.32.2009,Jawa Barat,Kabupaten Kuningan,Cigandamekar,Indapatra
32.08.32.2010,Jawa Barat,Kabupaten Kuningan,Cigandamekar,Cibuntu
32.08.32.2011,Jawa Barat,Kabupaten Kuningan,Cigandamekar,Sangkanmulya
32.09.01.2008,Jawa Barat,Kabupaten Cirebon,Waled,Waled Desa
32.09.01.2009,Jawa Barat,Kabupaten Cirebon,Waled,Waled Kota
32.09.01.2010,Jawa Barat,Kabupaten Cirebon,Waled,Mekarsari
32.09.01.2011,Jawa Barat,Kabupaten Cirebon,Waled,Waled Asem
32.09.01.2012,Jawa Barat,Kabupaten Cirebon,Waled,Ambit
32.09.01.2013,Jawa Barat,Kabupaten Cirebon,Waled,Ciuyah
32.09.01.2014,Jawa Barat,Kabupaten Cirebon,Waled,Gunungsari
32.09.01.2015,Jawa Barat,Kabupaten Cirebon,Waled,Karangsari
32.09.01.2016,Jawa Barat,Kabupaten Cirebon,Waled,Cikulak Kidul
32.09.01.2017,Jawa Barat,Kabupaten Cirebon,Waled,Cikulak
32.09.01.2018,Jawa Barat,Kabupaten Cirebon,Waled,Cibogo
32.09.01.2019,Jawa Barat,Kabupaten Cirebon,Waled,Cisaat
32.09.02.2008,Jawa Barat,Kabupaten Cirebon,Ciledug,Leuweunggajah
32.09.02.2009,Jawa Barat,Kabupaten Cirebon,Ciledug,Tenjomaya
32.09.02.2010,Jawa Barat,Kabupaten Cirebon,Ciledug,Damarguna
32.09.02.2011,Jawa Barat,Kabupaten Cirebon,Ciledug,Jatiseeng
32.09.02.2012,Jawa Barat,Kabupaten Cirebon,Ciledug,Jatiseeng Kidul
32.09.02.2013,Jawa Barat,Kabupaten Cirebon,Ciledug,Ciledug Kulon
32.09.02.2014,Jawa Barat,Kabupaten Cirebon,Ciledug,Ciledug Wetan
32.09.02.2015,Jawa Barat,Kabupaten Cirebon,Ciledug,Ciledug Lor
32.09.02.2016,Jawa Barat,Kabupaten Cirebon,Ciledug,Ciledug Tengah
32.09.02.2017,Jawa Barat,Kabupaten Cirebon,Ciledug,Bojongnegara
32.09.03.2001,Jawa Barat,Kabupaten Cirebon,Losari,Astanalanggar
32.09.03.2002,Jawa Barat,Kabupaten Cirebon,Losari,Barisan
32.09.03.2003,Jawa Barat,Kabupaten Cirebon,Losari,Losari Kidul
32.09.03.2004,Jawa Barat,Kabupaten Cirebon,Losari,Panggangsari
32.09.03.2005,Jawa Barat,Kabupaten Cirebon,Losari,Losari Lor
32.09.03.2006,Jawa Barat,Kabupaten Cirebon,Losari,Mulyasari
32.09.03.2007,Jawa Barat,Kabupaten Cirebon,Losari,Kalirahayu
32.09.03.2008,Jawa Barat,Kabupaten Cirebon,Losari,Kalisari
32.09.03.2009,Jawa Barat,Kabupaten Cirebon,Losari,Ambulu
32.09.03.2010,Jawa Barat,Kabupaten Cirebon,Losari,Tawangsari
32.09.04.2001,Jawa Barat,Kabupaten Cirebon,Pabedilan,Pabedilan Kidul
32.09.04.2002,Jawa Barat,Kabupaten Cirebon,Pabedilan,Pabedilan Wetan
32.09.04.2003,Jawa Barat,Kabupaten Cirebon,Pabedilan,Pabedilan Kulon
32.09.04.2004,Jawa Barat,Kabupaten Cirebon,Pabedilan,Pabedilan Kaler
32.09.04.2005,Jawa Barat,Kabupaten Cirebon,Pabedilan,Silihasih
32.09.04.2006,Jawa Barat,Kabupaten Cirebon,Pabedilan,Tersana
32.09.04.2007,Jawa Barat,Kabupaten Cirebon,Pabedilan,Pasuruan
32.09.04.2008,Jawa Barat,Kabupaten Cirebon,Pabedilan,Dukuhwidara
32.09.04.2009,Jawa Barat,Kabupaten Cirebon,Pabedilan,Kalibuntu
32.09.04.2010,Jawa Barat,Kabupaten Cirebon,Pabedilan,Kalimukti
32.09.04.2011,Jawa Barat,Kabupaten Cirebon,Pabedilan,Sidaresmi
32.09.04.2012,Jawa Barat,Kabupaten Cirebon,Pabedilan,Babakan Losari
32.09.04.2013,Jawa Barat,Kabupaten Cirebon,Pabedilan,Babakan Losari Lor
32.09.05.2001,Jawa Barat,Kabupaten Cirebon,Babakan,Cangkuang
32.09.05.2002,Jawa Barat,Kabupaten Cirebon,Babakan,Serang Wetan
32.09.05.2003,Jawa Barat,Kabupaten Cirebon,Babakan,Serang Kulon
32.09.05.2004,Jawa Barat,Kabupaten Cirebon,Babakan,Gembongan Mekar
32.09.05.2005,Jawa Barat,Kabupaten Cirebon,Babakan,Gembongan
32.09.05.2006,Jawa Barat,Kabupaten Cirebon,Babakan,Babakan Gebang
32.09.05.2007,Jawa Barat,Kabupaten Cirebon,Babakan,Babakan
32.09.05.2008,Jawa Barat,Kabupaten Cirebon,Babakan,Bojonggebang
32.09.05.2009,Jawa Barat,Kabupaten Cirebon,Babakan,Sumber Kidul
32.09.05.2010,Jawa Barat,Kabupaten Cirebon,Babakan,Sumber Lor
32.09.05.2011,Jawa Barat,Kabupaten Cirebon,Babakan,Kudumulya
32.09.05.2012,Jawa Barat,Kabupaten Cirebon,Babakan,Kudukeras
32.09.05.2013,Jawa Barat,Kabupaten Cirebon,Babakan,Pakusamben
32.09.05.2014,Jawa Barat,Kabupaten Cirebon,Babakan,Karangwangun
32.09.06.2006,Jawa Barat,Kabupaten Cirebon,Karangsembung,Tambelang
32.09.06.2011,Jawa Barat,Kabupaten Cirebon,Karangsembung,Karangsuwung
32.09.06.2012,Jawa Barat,Kabupaten Cirebon,Karangsembung,Karangtengah
32.09.06.2013,Jawa Barat,Kabupaten Cirebon,Karangsembung,Kalimeang
32.09.06.2014,Jawa Barat,Kabupaten Cirebon,Karangsembung,Karangmalang
32.09.06.2015,Jawa Barat,Kabupaten Cirebon,Karangsembung,Karangmekar
32.09.06.2016,Jawa Barat,Kabupaten Cirebon,Karangsembung,Kubangkarang
32.09.06.2017,Jawa Barat,Kabupaten Cirebon,Karangsembung,Karangsembung
32.09.07.2001,Jawa Barat,Kabupaten Cirebon,Lemahabang,Leuwidingding
32.09.07.2002,Jawa Barat,Kabupaten Cirebon,Lemahabang,Asem
32.09.07.2003,Jawa Barat,Kabupaten Cirebon,Lemahabang,Cipeujeuh Kulon
32.09.07.2004,Jawa Barat,Kabupaten Cirebon,Lemahabang,Cipeujeuh Wetan
32.09.07.2005,Jawa Barat,Kabupaten Cirebon,Lemahabang,Sindanglaut
32.09.07.2006,Jawa Barat,Kabupaten Cirebon,Lemahabang,Lemahabang Kulon
32.09.07.2007,Jawa Barat,Kabupaten Cirebon,Lemahabang,Lemahabang
32.09.07.2008,Jawa Barat,Kabupaten Cirebon,Lemahabang,Sigong
32.09.07.2009,Jawa Barat,Kabupaten Cirebon,Lemahabang,Sarajaya
32.09.07.2010,Jawa Barat,Kabupaten Cirebon,Lemahabang,Picungpugur
32.09.07.2011,Jawa Barat,Kabupaten Cirebon,Lemahabang,Tuk Karangsuwung
32.09.07.2012,Jawa Barat,Kabupaten Cirebon,Lemahabang,Belawa
32.09.07.2013,Jawa Barat,Kabupaten Cirebon,Lemahabang,Wangkelang
32.09.08.2001,Jawa Barat,Kabupaten Cirebon,Susukan Lebak,Karangamangu
32.09.08.2002,Jawa Barat,Kabupaten Cirebon,Susukan Lebak,Susukan Lebak
32.09.08.2003,Jawa Barat,Kabupaten Cirebon,Susukan Lebak,Susukan Agung
32.09.08.2004,Jawa Barat,Kabupaten Cirebon,Susukan Lebak,Susukan Tonggoh
32.09.08.2005,Jawa Barat,Kabupaten Cirebon,Susukan Lebak,Wilulang
32.09.08.2006,Jawa Barat,Kabupaten Cirebon,Susukan Lebak,Sampih
32.09.08.2007,Jawa Barat,Kabupaten Cirebon,Susukan Lebak,Pasawahan
32.09.08.2008,Jawa Barat,Kabupaten Cirebon,Susukan Lebak,Ciawiasih
32.09.08.2009,Jawa Barat,Kabupaten Cirebon,Susukan Lebak,Ciawijapura
32.09.08.2010,Jawa Barat,Kabupaten Cirebon,Susukan Lebak,Curug
32.09.08.2011,Jawa Barat,Kabupaten Cirebon,Susukan Lebak,Curug Wetan
32.09.08.2012,Jawa Barat,Kabupaten Cirebon,Susukan Lebak,Kaligawe Wetan
32.09.08.2013,Jawa Barat,Kabupaten Cirebon,Susukan Lebak,Kaligawe
32.09.09.2001,Jawa Barat,Kabupaten Cirebon,Sedong,Karangwuni
32.09.09.2002,Jawa Barat,Kabupaten Cirebon,Sedong,Sedong Kidul
32.09.09.2003,Jawa Barat,Kabupaten Cirebon,Sedong,Sedong Lor
32.09.09.2004,Jawa Barat,Kabupaten Cirebon,Sedong,Windujaya
32.09.09.2005,Jawa Barat,Kabupaten Cirebon,Sedong,Winduhaji
32.09.09.2006,Jawa Barat,Kabupaten Cirebon,Sedong,Kertawangun
32.09.09.2007,Jawa Barat,Kabupaten Cirebon,Sedong,Panambangan
32.09.09.2008,Jawa Barat,Kabupaten Cirebon,Sedong,Putat
32.09.09.2009,Jawa Barat,Kabupaten Cirebon,Sedong,Panongan
32.09.09.2010,Jawa Barat,Kabupaten Cirebon,Sedong,Panongan Lor
32.09.10.2004,Jawa Barat,Kabupaten Cirebon,Astanajapura,Munjul
32.09.10.2005,Jawa Barat,Kabupaten Cirebon,Astanajapura,Sidamulya
32.09.10.2006,Jawa Barat,Kabupaten Cirebon,Astanajapura,Mertapada Kulon
32.09.10.2007,Jawa Barat,Kabupaten Cirebon,Astanajapura,Mertapada Wetan
32.09.10.2008,Jawa Barat,Kabupaten Cirebon,Astanajapura,Buntet
32.09.10.2009,Jawa Barat,Kabupaten Cirebon,Astanajapura,Kanci Kulon
32.09.10.2010,Jawa Barat,Kabupaten Cirebon,Astanajapura,Kanci
32.09.10.2011,Jawa Barat,Kabupaten Cirebon,Astanajapura,Astanajapura
32.09.10.2012,Jawa Barat,Kabupaten Cirebon,Astanajapura,Kendal
32.09.10.2013,Jawa Barat,Kabupaten Cirebon,Astanajapura,Japura Kidul
32.09.10.2014,Jawa Barat,Kabupaten Cirebon,Astanajapura,Japurabakti
32.09.11.2001,Jawa Barat,Kabupaten Cirebon,Pangenan,Getrakmoyan
32.09.11.2002,Jawa Barat,Kabupaten Cirebon,Pangenan,Ender
32.09.11.2003,Jawa Barat,Kabupaten Cirebon,Pangenan,Pangenan
32.09.11.2004,Jawa Barat,Kabupaten Cirebon,Pangenan,Bendungan
32.09.11.2005,Jawa Barat,Kabupaten Cirebon,Pangenan,Rawaurip
32.09.11.2006,Jawa Barat,Kabupaten Cirebon,Pangenan,Beringin
32.09.11.2007,Jawa Barat,Kabupaten Cirebon,Pangenan,Japura Lor
32.09.11.2008,Jawa Barat,Kabupaten Cirebon,Pangenan,Pengarengan
32.09.11.2009,Jawa Barat,Kabupaten Cirebon,Pangenan,Astanamukti
32.09.12.2001,Jawa Barat,Kabupaten Cirebon,Mundu,Setupatok
32.09.12.2002,Jawa Barat,Kabupaten Cirebon,Mundu,Penpen
32.09.12.2003,Jawa Barat,Kabupaten Cirebon,Mundu,Mundu Mesigit
32.09.12.2004,Jawa Barat,Kabupaten Cirebon,Mundu,Luwung
32.09.12.2005,Jawa Barat,Kabupaten Cirebon,Mundu,Waruduwur
32.09.12.2006,Jawa Barat,Kabupaten Cirebon,Mundu,Citemu
32.09.12.2007,Jawa Barat,Kabupaten Cirebon,Mundu,Bandengan
32.09.12.2008,Jawa Barat,Kabupaten Cirebon,Mundu,Mundu Pesisir
32.09.12.2009,Jawa Barat,Kabupaten Cirebon,Mundu,Suci
32.09.12.2010,Jawa Barat,Kabupaten Cirebon,Mundu,Banjarwangunan
32.09.12.2011,Jawa Barat,Kabupaten Cirebon,Mundu,Pamengkang
32.09.12.2012,Jawa Barat,Kabupaten Cirebon,Mundu,Sinarancang
32.09.13.2001,Jawa Barat,Kabupaten Cirebon,Beber,Wanayasa
32.09.13.2002,Jawa Barat,Kabupaten Cirebon,Beber,Sindangkasih
32.09.13.2003,Jawa Barat,Kabupaten Cirebon,Beber,Sindanghayu
32.09.13.2004,Jawa Barat,Kabupaten Cirebon,Beber,Ciawigajah
32.09.13.2008,Jawa Barat,Kabupaten Cirebon,Beber,Cikancas
32.09.13.2009,Jawa Barat,Kabupaten Cirebon,Beber,Halimpu
32.09.13.2010,Jawa Barat,Kabupaten Cirebon,Beber,Cipinang
32.09.13.2011,Jawa Barat,Kabupaten Cirebon,Beber,Beber
32.09.13.2012,Jawa Barat,Kabupaten Cirebon,Beber,Patapan
32.09.13.2013,Jawa Barat,Kabupaten Cirebon,Beber,Kondangsari
32.09.14.2001,Jawa Barat,Kabupaten Cirebon,Talun,Sampiran
32.09.14.2002,Jawa Barat,Kabupaten Cirebon,Talun,Ciperna
32.09.14.2003,Jawa Barat,Kabupaten Cirebon,Talun,Kecomberan
32.09.14.2004,Jawa Barat,Kabupaten Cirebon,Talun,Cirebon Girang
32.09.14.2005,Jawa Barat,Kabupaten Cirebon,Talun,Kerandon
32.09.14.2006,Jawa Barat,Kabupaten Cirebon,Talun,Wanasaba Kidul
32.09.14.2007,Jawa Barat,Kabupaten Cirebon,Talun,Wanasaba Lor
32.09.14.2008,Jawa Barat,Kabupaten Cirebon,Talun,Cempaka
32.09.14.2009,Jawa Barat,Kabupaten Cirebon,Talun,Kepongpongan
32.09.14.2010,Jawa Barat,Kabupaten Cirebon,Talun,Sarwadadi
32.09.14.2011,Jawa Barat,Kabupaten Cirebon,Talun,Kubang
32.09.15.1003,Jawa Barat,Kabupaten Cirebon,Sumber,Babakan
32.09.15.1004,Jawa Barat,Kabupaten Cirebon,Sumber,Sumber
32.09.15.1005,Jawa Barat,Kabupaten Cirebon,Sumber,Perbutulan
32.09.15.1006,Jawa Barat,Kabupaten Cirebon,Sumber,Kaliwadas
32.09.15.1007,Jawa Barat,Kabupaten Cirebon,Sumber,Pasalakan
32.09.15.1008,Jawa Barat,Kabupaten Cirebon,Sumber,Watubelah
32.09.15.1009,Jawa Barat,Kabupaten Cirebon,Sumber,Pejambon
32.09.15.1010,Jawa Barat,Kabupaten Cirebon,Sumber,Gegunung
32.09.15.1011,Jawa Barat,Kabupaten Cirebon,Sumber,Kemantren
32.09.15.1012,Jawa Barat,Kabupaten Cirebon,Sumber,Sendang
32.09.15.1013,Jawa Barat,Kabupaten Cirebon,Sumber,Tukmudal
32.09.15.1014,Jawa Barat,Kabupaten Cirebon,Sumber,Kenanga
32.09.15.2001,Jawa Barat,Kabupaten Cirebon,Sumber,Matangaji
32.09.15.2002,Jawa Barat,Kabupaten Cirebon,Sumber,Sidawangi
32.09.16.2001,Jawa Barat,Kabupaten Cirebon,Dukupuntang,Bobos
32.09.16.2002,Jawa Barat,Kabupaten Cirebon,Dukupuntang,Cikalahang
32.09.16.2003,Jawa Barat,Kabupaten Cirebon,Dukupuntang,Mandala
32.09.16.2004,Jawa Barat,Kabupaten Cirebon,Dukupuntang,Dukupuntang
32.09.16.2005,Jawa Barat,Kabupaten Cirebon,Dukupuntang,Balad
32.09.16.2006,Jawa Barat,Kabupaten Cirebon,Dukupuntang,Cangkoak
32.09.16.2007,Jawa Barat,Kabupaten Cirebon,Dukupuntang,Cisaat
32.09.16.2008,Jawa Barat,Kabupaten Cirebon,Dukupuntang,Sindangmekar
32.09.16.2009,Jawa Barat,Kabupaten Cirebon,Dukupuntang,Sindangjawa
32.09.16.2010,Jawa Barat,Kabupaten Cirebon,Dukupuntang,Kepunduan
32.09.16.2011,Jawa Barat,Kabupaten Cirebon,Dukupuntang,Girinata
32.09.16.2012,Jawa Barat,Kabupaten Cirebon,Dukupuntang,Cipanas
32.09.16.2013,Jawa Barat,Kabupaten Cirebon,Dukupuntang,Kedongdong Kidul
32.09.17.2002,Jawa Barat,Kabupaten Cirebon,Palimanan,Cilukrak
32.09.17.2003,Jawa Barat,Kabupaten Cirebon,Palimanan,Kepuh
32.09.17.2004,Jawa Barat,Kabupaten Cirebon,Palimanan,Balerante
32.09.17.2005,Jawa Barat,Kabupaten Cirebon,Palimanan,Panongan
32.09.17.2006,Jawa Barat,Kabupaten Cirebon,Palimanan,Beberan
32.09.17.2007,Jawa Barat,Kabupaten Cirebon,Palimanan,Semplo
32.09.17.2008,Jawa Barat,Kabupaten Cirebon,Palimanan,Palimanan Timur
32.09.17.2011,Jawa Barat,Kabupaten Cirebon,Palimanan,Pegagan
32.09.17.2012,Jawa Barat,Kabupaten Cirebon,Palimanan,Lungbenda
32.09.17.2013,Jawa Barat,Kabupaten Cirebon,Palimanan,Ciawi
32.09.17.2014,Jawa Barat,Kabupaten Cirebon,Palimanan,Tegalkarang
32.09.17.2015,Jawa Barat,Kabupaten Cirebon,Palimanan,Cengkuang
32.09.18.2001,Jawa Barat,Kabupaten Cirebon,Plumbon,Cempaka
32.09.18.2002,Jawa Barat,Kabupaten Cirebon,Plumbon,Pamijahan
32.09.18.2003,Jawa Barat,Kabupaten Cirebon,Plumbon,Lurah
32.09.18.2004,Jawa Barat,Kabupaten Cirebon,Plumbon,Marikangen
32.09.18.2005,Jawa Barat,Kabupaten Cirebon,Plumbon,Bode Lor
32.09.18.2006,Jawa Barat,Kabupaten Cirebon,Plumbon,Bodesari
32.09.18.2007,Jawa Barat,Kabupaten Cirebon,Plumbon,Gombang
32.09.18.2008,Jawa Barat,Kabupaten Cirebon,Plumbon,Karangmulya
32.09.18.2009,Jawa Barat,Kabupaten Cirebon,Plumbon,Karangasem
32.09.18.2010,Jawa Barat,Kabupaten Cirebon,Plumbon,Plumbon
32.09.18.2011,Jawa Barat,Kabupaten Cirebon,Plumbon,Purbawinangun
32.09.18.2012,Jawa Barat,Kabupaten Cirebon,Plumbon,Kebarepan
32.09.18.2013,Jawa Barat,Kabupaten Cirebon,Plumbon,Pasanggrahan
32.09.18.2014,Jawa Barat,Kabupaten Cirebon,Plumbon,Kedungsana
32.09.18.2015,Jawa Barat,Kabupaten Cirebon,Plumbon,Danamulya
32.09.19.2001,Jawa Barat,Kabupaten Cirebon,Weru,Karangsari
32.09.19.2002,Jawa Barat,Kabupaten Cirebon,Weru,Kertasari
32.09.19.2003,Jawa Barat,Kabupaten Cirebon,Weru,Megu Gede
32.09.19.2004,Jawa Barat,Kabupaten Cirebon,Weru,Megu Cilik
32.09.19.2005,Jawa Barat,Kabupaten Cirebon,Weru,Setu Wetan
32.09.19.2006,Jawa Barat,Kabupaten Cirebon,Weru,Setu Kulon
32.09.19.2007,Jawa Barat,Kabupaten Cirebon,Weru,Weru Kidul
32.09.19.2008,Jawa Barat,Kabupaten Cirebon,Weru,Weru Lor
32.09.19.2009,Jawa Barat,Kabupaten Cirebon,Weru,Tegalwangi
32.09.20.2004,Jawa Barat,Kabupaten Cirebon,Kedawung,Kedungdawa
32.09.20.2005,Jawa Barat,Kabupaten Cirebon,Kedawung,Kalikoa
32.09.20.2006,Jawa Barat,Kabupaten Cirebon,Kedawung,Tuk
32.09.20.2007,Jawa Barat,Kabupaten Cirebon,Kedawung,Kedungjaya
32.09.20.2008,Jawa Barat,Kabupaten Cirebon,Kedawung,Kedawung
32.09.20.2009,Jawa Barat,Kabupaten Cirebon,Kedawung,Kertawinangun
32.09.20.2010,Jawa Barat,Kabupaten Cirebon,Kedawung,Sutawinangun
32.09.20.2011,Jawa Barat,Kabupaten Cirebon,Kedawung,Pilangsari
32.09.21.2001,Jawa Barat,Kabupaten Cirebon,Gunung Jati,Adidharma
32.09.21.2002,Jawa Barat,Kabupaten Cirebon,Gunung Jati,Pasindangan
32.09.21.2003,Jawa Barat,Kabupaten Cirebon,Gunung Jati,Jadimulya
32.09.21.2004,Jawa Barat,Kabupaten Cirebon,Gunung Jati,Klayan
32.09.21.2005,Jawa Barat,Kabupaten Cirebon,Gunung Jati,Jatimerta
32.09.21.2006,Jawa Barat,Kabupaten Cirebon,Gunung Jati,Astana
32.09.21.2007,Jawa Barat,Kabupaten Cirebon,Gunung Jati,Kalisapu
32.09.21.2008,Jawa Barat,Kabupaten Cirebon,Gunung Jati,Wanakaya
32.09.21.2009,Jawa Barat,Kabupaten Cirebon,Gunung Jati,Grogol
32.09.21.2010,Jawa Barat,Kabupaten Cirebon,Gunung Jati,Babadan
32.09.21.2011,Jawa Barat,Kabupaten Cirebon,Gunung Jati,Buyut
32.09.21.2012,Jawa Barat,Kabupaten Cirebon,Gunung Jati,Mayung
32.09.21.2015,Jawa Barat,Kabupaten Cirebon,Gunung Jati,Mertasinga
32.09.21.2016,Jawa Barat,Kabupaten Cirebon,Gunung Jati,Sambeng
32.09.21.2017,Jawa Barat,Kabupaten Cirebon,Gunung Jati,Sirnabaya
32.09.22.2010,Jawa Barat,Kabupaten Cirebon,Kepetakan,Kertasura
32.09.22.2011,Jawa Barat,Kabupaten Cirebon,Kepetakan,Pegagan Kidul
32.09.22.2012,Jawa Barat,Kabupaten Cirebon,Kepetakan,Pegagan Lor
32.09.22.2013,Jawa Barat,Kabupaten Cirebon,Kepetakan,Dukuh
32.09.22.2014,Jawa Barat,Kabupaten Cirebon,Kepetakan,Karangkendal
32.09.22.2015,Jawa Barat,Kabupaten Cirebon,Kepetakan,Grogol
32.09.22.2016,Jawa Barat,Kabupaten Cirebon,Kepetakan,Kapetakan
32.09.22.2017,Jawa Barat,Kabupaten Cirebon,Kepetakan,Bungko
32.09.22.2018,Jawa Barat,Kabupaten Cirebon,Kepetakan,Bungko Lor
32.09.23.2001,Jawa Barat,Kabupaten Cirebon,Klangenan,Serang
32.09.23.2002,Jawa Barat,Kabupaten Cirebon,Klangenan,Klangenan
32.09.23.2003,Jawa Barat,Kabupaten Cirebon,Klangenan,Danawinangun
32.09.23.2007,Jawa Barat,Kabupaten Cirebon,Klangenan,Pekantingan
32.09.23.2008,Jawa Barat,Kabupaten Cirebon,Klangenan,Jemaras Kidul
32.09.23.2009,Jawa Barat,Kabupaten Cirebon,Klangenan,Jemaras Lor
32.09.23.2010,Jawa Barat,Kabupaten Cirebon,Klangenan,Slangit
32.09.23.2011,Jawa Barat,Kabupaten Cirebon,Klangenan,Kreyo
32.09.23.2012,Jawa Barat,Kabupaten Cirebon,Klangenan,Bangodua
32.09.24.2001,Jawa Barat,Kabupaten Cirebon,Arjawinangun,Sende
32.09.24.2002,Jawa Barat,Kabupaten Cirebon,Arjawinangun,Jungjang Wetan
32.09.24.2003,Jawa Barat,Kabupaten Cirebon,Arjawinangun,Jungjang
32.09.24.2004,Jawa Barat,Kabupaten Cirebon,Arjawinangun,Arjawinangun
32.09.24.2005,Jawa Barat,Kabupaten Cirebon,Arjawinangun,Tegalgubug
32.09.24.2006,Jawa Barat,Kabupaten Cirebon,Arjawinangun,Tegalgubug Lor
32.09.24.2007,Jawa Barat,Kabupaten Cirebon,Arjawinangun,Rawagatel
32.09.24.2008,Jawa Barat,Kabupaten Cirebon,Arjawinangun,Karangsambung
32.09.24.2009,Jawa Barat,Kabupaten Cirebon,Arjawinangun,Bulak
32.09.24.2010,Jawa Barat,Kabupaten Cirebon,Arjawinangun,Geyongan
32.09.24.2011,Jawa Barat,Kabupaten Cirebon,Arjawinangun,Kebonturi
32.09.25.2001,Jawa Barat,Kabupaten Cirebon,Panguragan,Kalianyar
32.09.25.2002,Jawa Barat,Kabupaten Cirebon,Panguragan,Pangurangan Kulon
32.09.25.2003,Jawa Barat,Kabupaten Cirebon,Panguragan,Pangurangan Wetan
32.09.25.2004,Jawa Barat,Kabupaten Cirebon,Panguragan,Pangurangan Lor
32.09.25.2005,Jawa Barat,Kabupaten Cirebon,Panguragan,Pangurangan
32.09.25.2006,Jawa Barat,Kabupaten Cirebon,Panguragan,Gujeg
32.09.25.2007,Jawa Barat,Kabupaten Cirebon,Panguragan,Lemahtamba
32.09.25.2008,Jawa Barat,Kabupaten Cirebon,Panguragan,Karanganyar
32.09.25.2009,Jawa Barat,Kabupaten Cirebon,Panguragan,Kroya
32.09.26.2004,Jawa Barat,Kabupaten Cirebon,Ciwaringin,Budur
32.09.26.2005,Jawa Barat,Kabupaten Cirebon,Ciwaringin,Babakan
32.09.26.2006,Jawa Barat,Kabupaten Cirebon,Ciwaringin,Ciwaringin
32.09.26.2007,Jawa Barat,Kabupaten Cirebon,Ciwaringin,Gintungranjeng
32.09.26.2008,Jawa Barat,Kabupaten Cirebon,Ciwaringin,Gintung Kidul
32.09.26.2009,Jawa Barat,Kabupaten Cirebon,Ciwaringin,Gintung Tengah
32.09.26.2010,Jawa Barat,Kabupaten Cirebon,Ciwaringin,Bringin
32.09.26.2011,Jawa Barat,Kabupaten Cirebon,Ciwaringin,Galagamba
32.09.27.2001,Jawa Barat,Kabupaten Cirebon,Susukan,Tangkil
32.09.27.2002,Jawa Barat,Kabupaten Cirebon,Susukan,Wiyong
32.09.27.2003,Jawa Barat,Kabupaten Cirebon,Susukan,Kedongdong
32.09.27.2004,Jawa Barat,Kabupaten Cirebon,Susukan,Gintung Lor
32.09.27.2005,Jawa Barat,Kabupaten Cirebon,Susukan,Bojong Kulon
32.09.27.2006,Jawa Barat,Kabupaten Cirebon,Susukan,Kejiwan
32.09.27.2007,Jawa Barat,Kabupaten Cirebon,Susukan,Susukan
32.09.27.2008,Jawa Barat,Kabupaten Cirebon,Susukan,Luwung Kencana
32.09.27.2009,Jawa Barat,Kabupaten Cirebon,Susukan,Bunder
32.09.27.2010,Jawa Barat,Kabupaten Cirebon,Susukan,Jatipura
32.09.27.2011,Jawa Barat,Kabupaten Cirebon,Susukan,Ujunggebang
32.09.27.2012,Jawa Barat,Kabupaten Cirebon,Susukan,Jatianom
32.09.28.2001,Jawa Barat,Kabupaten Cirebon,Gegesik,Kedungdalem
32.09.28.2002,Jawa Barat,Kabupaten Cirebon,Gegesik,Panunggul
32.09.28.2003,Jawa Barat,Kabupaten Cirebon,Gegesik,Gegesik Wetan
32.09.28.2004,Jawa Barat,Kabupaten Cirebon,Gegesik,Gegesik Kidul
32.09.28.2005,Jawa Barat,Kabupaten Cirebon,Gegesik,Gegesik Lor
32.09.28.2006,Jawa Barat,Kabupaten Cirebon,Gegesik,Gegesik Kulon
32.09.28.2007,Jawa Barat,Kabupaten Cirebon,Gegesik,Slendra
32.09.28.2008,Jawa Barat,Kabupaten Cirebon,Gegesik,Jagapura Kidul
32.09.28.2009,Jawa Barat,Kabupaten Cirebon,Gegesik,Jagapura Wetan
32.09.28.2010,Jawa Barat,Kabupaten Cirebon,Gegesik,Jagapura Kulon
32.09.28.2011,Jawa Barat,Kabupaten Cirebon,Gegesik,Jagapura Lor
32.09.28.2012,Jawa Barat,Kabupaten Cirebon,Gegesik,Sibubut
32.09.28.2013,Jawa Barat,Kabupaten Cirebon,Gegesik,Bayalangu Lor
32.09.28.2014,Jawa Barat,Kabupaten Cirebon,Gegesik,Bayalangu Kidul
32.09.29.2001,Jawa Barat,Kabupaten Cirebon,Kaliwedi,Kalideres
32.09.29.2002,Jawa Barat,Kabupaten Cirebon,Kaliwedi,Prajawinangun Kulon
32.09.29.2003,Jawa Barat,Kabupaten Cirebon,Kaliwedi,Prajawinangun Wetan
32.09.29.2004,Jawa Barat,Kabupaten Cirebon,Kaliwedi,Ujungsemi
32.09.29.2005,Jawa Barat,Kabupaten Cirebon,Kaliwedi,Wargabinangun
32.09.29.2006,Jawa Barat,Kabupaten Cirebon,Kaliwedi,Kaliwedi Lor
32.09.29.2007,Jawa Barat,Kabupaten Cirebon,Kaliwedi,Kaliwedi Kidul
32.09.29.2008,Jawa Barat,Kabupaten Cirebon,Kaliwedi,Guwa Kidul
32.09.29.2009,Jawa Barat,Kabupaten Cirebon,Kaliwedi,Guwa Lor
32.09.30.2001,Jawa Barat,Kabupaten Cirebon,Gebang,Dompyong Kulon
32.09.30.2002,Jawa Barat,Kabupaten Cirebon,Gebang,Dompyong Wetan
32.09.30.2003,Jawa Barat,Kabupaten Cirebon,Gebang,Kalimekar
32.09.30.2004,Jawa Barat,Kabupaten Cirebon,Gebang,Kalimaro
32.09.30.2005,Jawa Barat,Kabupaten Cirebon,Gebang,Gagasari
32.09.30.2006,Jawa Barat,Kabupaten Cirebon,Gebang,Kalipasung
32.09.30.2007,Jawa Barat,Kabupaten Cirebon,Gebang,Gebang Kulon
32.09.30.2008,Jawa Barat,Kabupaten Cirebon,Gebang,Gebang
32.09.30.2009,Jawa Barat,Kabupaten Cirebon,Gebang,Gebang Ilir
32.09.30.2010,Jawa Barat,Kabupaten Cirebon,Gebang,Gebang Udik
32.09.30.2011,Jawa Barat,Kabupaten Cirebon,Gebang,Gebang Mekar
32.09.30.2012,Jawa Barat,Kabupaten Cirebon,Gebang,Playangan
32.09.30.2013,Jawa Barat,Kabupaten Cirebon,Gebang,Melakasari
32.09.31.2001,Jawa Barat,Kabupaten Cirebon,Depok,Cikeduk
32.09.31.2002,Jawa Barat,Kabupaten Cirebon,Depok,Warujaya
32.09.31.2003,Jawa Barat,Kabupaten Cirebon,Depok,Warukawung
32.09.31.2004,Jawa Barat,Kabupaten Cirebon,Depok,Warugede
32.09.31.2005,Jawa Barat,Kabupaten Cirebon,Depok,Waruroyom
32.09.31.2006,Jawa Barat,Kabupaten Cirebon,Depok,Depok
32.09.31.2007,Jawa Barat,Kabupaten Cirebon,Depok,Kasugengan Kidul
32.09.31.2008,Jawa Barat,Kabupaten Cirebon,Depok,Kasugengan Lor
32.09.31.2009,Jawa Barat,Kabupaten Cirebon,Depok,Keduanan
32.09.31.2010,Jawa Barat,Kabupaten Cirebon,Depok,Kejuden
32.09.31.2011,Jawa Barat,Kabupaten Cirebon,Depok,Getasan
32.09.31.2012,Jawa Barat,Kabupaten Cirebon,Depok,Karangwangi
32.09.32.2001,Jawa Barat,Kabupaten Cirebon,Pasaleman,Tonjong
32.09.32.2002,Jawa Barat,Kabupaten Cirebon,Pasaleman,Tanjunganom
32.09.32.2003,Jawa Barat,Kabupaten Cirebon,Pasaleman,Cilengkrang Girang
32.09.32.2004,Jawa Barat,Kabupaten Cirebon,Pasaleman,Cilengkrang
32.09.32.2005,Jawa Barat,Kabupaten Cirebon,Pasaleman,Pasaleman
32.09.32.2006,Jawa Barat,Kabupaten Cirebon,Pasaleman,Cigobangwangi
32.09.32.2007,Jawa Barat,Kabupaten Cirebon,Pasaleman,Cigobang
32.09.33.2001,Jawa Barat,Kabupaten Cirebon,Pabuaran,Sukadana
32.09.33.2002,Jawa Barat,Kabupaten Cirebon,Pabuaran,Pabuaran Kidul
32.09.33.2003,Jawa Barat,Kabupaten Cirebon,Pabuaran,Pabuaran Wetan
32.09.33.2004,Jawa Barat,Kabupaten Cirebon,Pabuaran,Pabuaran Lor
32.09.33.2005,Jawa Barat,Kabupaten Cirebon,Pabuaran,Jatirenggang
32.09.33.2006,Jawa Barat,Kabupaten Cirebon,Pabuaran,Hulubanteng
32.09.33.2007,Jawa Barat,Kabupaten Cirebon,Pabuaran,Hulubanteng Lor
32.09.34.2001,Jawa Barat,Kabupaten Cirebon,Karangwareng,Seuseupan
32.09.34.2002,Jawa Barat,Kabupaten Cirebon,Karangwareng,Blender
32.09.34.2003,Jawa Barat,Kabupaten Cirebon,Karangwareng,Sumurkondang
32.09.34.2004,Jawa Barat,Kabupaten Cirebon,Karangwareng,Kubangdeleg
32.09.34.2005,Jawa Barat,Kabupaten Cirebon,Karangwareng,Jatipiring
32.09.34.2006,Jawa Barat,Kabupaten Cirebon,Karangwareng,Karanganyar
32.09.34.2007,Jawa Barat,Kabupaten Cirebon,Karangwareng,Karangwangi
32.09.34.2008,Jawa Barat,Kabupaten Cirebon,Karangwareng,Karangwareng
32.09.34.2009,Jawa Barat,Kabupaten Cirebon,Karangwareng,Karangasem
32.09.35.2001,Jawa Barat,Kabupaten Cirebon,Tengah Tani,Palir
32.09.35.2002,Jawa Barat,Kabupaten Cirebon,Tengah Tani,Astapada
32.09.35.2003,Jawa Barat,Kabupaten Cirebon,Tengah Tani,Gesik
32.09.35.2004,Jawa Barat,Kabupaten Cirebon,Tengah Tani,Kemlakagede
32.09.35.2005,Jawa Barat,Kabupaten Cirebon,Tengah Tani,Dawuan
32.09.35.2006,Jawa Barat,Kabupaten Cirebon,Tengah Tani,Battembat
32.09.35.2007,Jawa Barat,Kabupaten Cirebon,Tengah Tani,Kalibaru
32.09.35.2008,Jawa Barat,Kabupaten Cirebon,Tengah Tani,Kalitengah
32.09.36.2001,Jawa Barat,Kabupaten Cirebon,Plered,Tegalsari
32.09.36.2002,Jawa Barat,Kabupaten Cirebon,Plered,Kaliwulu
32.09.36.2003,Jawa Barat,Kabupaten Cirebon,Plered,Panembahan
32.09.36.2004,Jawa Barat,Kabupaten Cirebon,Plered,Trusmi Wetan
32.09.36.2005,Jawa Barat,Kabupaten Cirebon,Plered,Trusmi Kulon
32.09.36.2006,Jawa Barat,Kabupaten Cirebon,Plered,Wotgali
32.09.36.2007,Jawa Barat,Kabupaten Cirebon,Plered,Gamel
32.09.36.2008,Jawa Barat,Kabupaten Cirebon,Plered,Sarabau
32.09.36.2009,Jawa Barat,Kabupaten Cirebon,Plered,Cangkring
32.09.36.2010,Jawa Barat,Kabupaten Cirebon,Plered,Pangkalan
32.09.37.2001,Jawa Barat,Kabupaten Cirebon,Gempol,Cikeusal
32.09.37.2002,Jawa Barat,Kabupaten Cirebon,Gempol,Palimanan Barat
32.09.37.2003,Jawa Barat,Kabupaten Cirebon,Gempol,Kedungbunder
32.09.37.2004,Jawa Barat,Kabupaten Cirebon,Gempol,Cupang
32.09.37.2005,Jawa Barat,Kabupaten Cirebon,Gempol,Gempol
32.09.37.2006,Jawa Barat,Kabupaten Cirebon,Gempol,Walahar
32.09.37.2007,Jawa Barat,Kabupaten Cirebon,Gempol,Kempek
32.09.37.2008,Jawa Barat,Kabupaten Cirebon,Gempol,Winong
32.09.38.2001,Jawa Barat,Kabupaten Cirebon,Greged,Gumulung Lebak
32.09.38.2002,Jawa Barat,Kabupaten Cirebon,Greged,Lebak Mekar
32.09.38.2003,Jawa Barat,Kabupaten Cirebon,Greged,Gumulung Tonggoh
32.09.38.2004,Jawa Barat,Kabupaten Cirebon,Greged,Kamarang
32.09.38.2005,Jawa Barat,Kabupaten Cirebon,Greged,Greged
32.09.38.2006,Jawa Barat,Kabupaten Cirebon,Greged,Kamarang Lebak
32.09.38.2007,Jawa Barat,Kabupaten Cirebon,Greged,Durajaya
32.09.38.2008,Jawa Barat,Kabupaten Cirebon,Greged,Jatipancur
32.09.38.2009,Jawa Barat,Kabupaten Cirebon,Greged,Sindang Kempeng
32.09.38.2010,Jawa Barat,Kabupaten Cirebon,Greged,Nanggela
32.09.39.2003,Jawa Barat,Kabupaten Cirebon,Suranenggala,Muara
32.09.39.2004,Jawa Barat,Kabupaten Cirebon,Suranenggala,Purwawinangun
32.09.39.2005,Jawa Barat,Kabupaten Cirebon,Suranenggala,Keraton
32.09.39.2006,Jawa Barat,Kabupaten Cirebon,Suranenggala,Surakarta
32.09.39.2007,Jawa Barat,Kabupaten Cirebon,Suranenggala,Karangreja
32.09.39.2008,Jawa Barat,Kabupaten Cirebon,Suranenggala,Suranenggala Kidul
32.09.39.2009,Jawa Barat,Kabupaten Cirebon,Suranenggala,Suranenggala Kulon
32.09.39.2010,Jawa Barat,Kabupaten Cirebon,Suranenggala,Suranenggala Lor
32.09.39.2011,Jawa Barat,Kabupaten Cirebon,Suranenggala,Suranenggala
32.09.40.2001,Jawa Barat,Kabupaten Cirebon,Jamblang,Jamblang
32.09.40.2002,Jawa Barat,Kabupaten Cirebon,Jamblang,Sitiwinangun
32.09.40.2003,Jawa Barat,Kabupaten Cirebon,Jamblang,Wangunharja
32.09.40.2004,Jawa Barat,Kabupaten Cirebon,Jamblang,Bojong Wetan
32.09.40.2005,Jawa Barat,Kabupaten Cirebon,Jamblang,Bojong Lor
32.09.40.2006,Jawa Barat,Kabupaten Cirebon,Jamblang,Orimalang
32.09.40.2007,Jawa Barat,Kabupaten Cirebon,Jamblang,Bakung Kidul
32.09.40.2008,Jawa Barat,Kabupaten Cirebon,Jamblang,Bakung Lor
32.10.01.2001,Jawa Barat,Kabupaten Majalengka,Lemahsugih,Cipasung
32.10.01.2002,Jawa Barat,Kabupaten Majalengka,Lemahsugih,Bangbayang
32.10.01.2003,Jawa Barat,Kabupaten Majalengka,Lemahsugih,Borogojol
32.10.01.2004,Jawa Barat,Kabupaten Majalengka,Lemahsugih,Cibulan
32.10.01.2005,Jawa Barat,Kabupaten Majalengka,Lemahsugih,Lemahputih
32.10.01.2006,Jawa Barat,Kabupaten Majalengka,Lemahsugih,Sadawangi
32.10.01.2007,Jawa Barat,Kabupaten Majalengka,Lemahsugih,Kepuh
32.10.01.2008,Jawa Barat,Kabupaten Majalengka,Lemahsugih,Padarek
32.10.01.2009,Jawa Barat,Kabupaten Majalengka,Lemahsugih,Kalapadua
32.10.01.2010,Jawa Barat,Kabupaten Majalengka,Lemahsugih,Cigaleuh
32.10.01.2011,Jawa Barat,Kabupaten Majalengka,Lemahsugih,Margajaya
32.10.01.2012,Jawa Barat,Kabupaten Majalengka,Lemahsugih,Sukajadi
32.10.01.2013,Jawa Barat,Kabupaten Majalengka,Lemahsugih,Mekarwangi
32.10.01.2014,Jawa Barat,Kabupaten Majalengka,Lemahsugih,Sinargalih
32.10.01.2015,Jawa Barat,Kabupaten Majalengka,Lemahsugih,Mekarmulya
32.10.01.2016,Jawa Barat,Kabupaten Majalengka,Lemahsugih,Sukamaju
32.10.01.2017,Jawa Barat,Kabupaten Majalengka,Lemahsugih,Cisalak
32.10.01.2018,Jawa Barat,Kabupaten Majalengka,Lemahsugih,Dayeuhwangi
32.10.01.2019,Jawa Barat,Kabupaten Majalengka,Lemahsugih,Lemahsugih
32.10.02.2002,Jawa Barat,Kabupaten Majalengka,Bantarujeg,Cipeundeuy
32.10.02.2008,Jawa Barat,Kabupaten Majalengka,Bantarujeg,Cimangguhilir
32.10.02.2009,Jawa Barat,Kabupaten Majalengka,Bantarujeg,Salawangi
32.10.02.2010,Jawa Barat,Kabupaten Majalengka,Bantarujeg,Bantarujeg
32.10.02.2011,Jawa Barat,Kabupaten Majalengka,Bantarujeg,Gununglarang
32.10.02.2012,Jawa Barat,Kabupaten Majalengka,Bantarujeg,Cikidang
32.10.02.2013,Jawa Barat,Kabupaten Majalengka,Bantarujeg,Cinambo
32.10.02.2014,Jawa Barat,Kabupaten Majalengka,Bantarujeg,Haurgeulis
32.10.02.2015,Jawa Barat,Kabupaten Majalengka,Bantarujeg,Sukamenak
32.10.02.2016,Jawa Barat,Kabupaten Majalengka,Bantarujeg,Wadowetan
32.10.02.2017,Jawa Barat,Kabupaten Majalengka,Bantarujeg,Babakansari
32.10.02.2018,Jawa Barat,Kabupaten Majalengka,Bantarujeg,Silihwangi
32.10.02.2022,Jawa Barat,Kabupaten Majalengka,Bantarujeg,Sindanghurip
32.10.03.2001,Jawa Barat,Kabupaten Majalengka,Cikijing,Sukasari
32.10.03.2002,Jawa Barat,Kabupaten Majalengka,Cikijing,Cisoka
32.10.03.2003,Jawa Barat,Kabupaten Majalengka,Cikijing,Sindangpanji
32.10.03.2004,Jawa Barat,Kabupaten Majalengka,Cikijing,Cikijing
32.10.03.2005,Jawa Barat,Kabupaten Majalengka,Cikijing,Sindang
32.10.03.2006,Jawa Barat,Kabupaten Majalengka,Cikijing,Banjaransari
32.10.03.2007,Jawa Barat,Kabupaten Majalengka,Cikijing,Kasturi
32.10.03.2008,Jawa Barat,Kabupaten Majalengka,Cikijing,Cidulang
32.10.03.2009,Jawa Barat,Kabupaten Majalengka,Cikijing,Jagasari
32.10.03.2010,Jawa Barat,Kabupaten Majalengka,Cikijing,Bagjasari
32.10.03.2011,Jawa Barat,Kabupaten Majalengka,Cikijing,Sunalari
32.10.03.2012,Jawa Barat,Kabupaten Majalengka,Cikijing,Cipulus
32.10.03.2013,Jawa Barat,Kabupaten Majalengka,Cikijing,Kancana
32.10.03.2014,Jawa Barat,Kabupaten Majalengka,Cikijing,Sukamukti
32.10.03.2015,Jawa Barat,Kabupaten Majalengka,Cikijing,Cilangcang
32.10.04.2001,Jawa Barat,Kabupaten Majalengka,Talaga,Lampuyang
32.10.04.2002,Jawa Barat,Kabupaten Majalengka,Talaga,Cibeureum
32.10.04.2003,Jawa Barat,Kabupaten Majalengka,Talaga,Cikeusal
32.10.04.2004,Jawa Barat,Kabupaten Majalengka,Talaga,Jatipamor
32.10.04.2005,Jawa Barat,Kabupaten Majalengka,Talaga,Argasari
32.10.04.2006,Jawa Barat,Kabupaten Majalengka,Talaga,Cicanir
32.10.04.2007,Jawa Barat,Kabupaten Majalengka,Talaga,Campaga
32.10.04.2008,Jawa Barat,Kabupaten Majalengka,Talaga,Sukaperna
32.10.04.2009,Jawa Barat,Kabupaten Majalengka,Talaga,Talagakulon
32.10.04.2010,Jawa Barat,Kabupaten Majalengka,Talaga,Talagawetan
32.10.04.2011,Jawa Barat,Kabupaten Majalengka,Talaga,Ganeas
32.10.04.2012,Jawa Barat,Kabupaten Majalengka,Talaga,Salado
32.10.04.2013,Jawa Barat,Kabupaten Majalengka,Talaga,Gunungmanik
32.10.04.2014,Jawa Barat,Kabupaten Majalengka,Talaga,Kertarahayu
32.10.04.2015,Jawa Barat,Kabupaten Majalengka,Talaga,Mekarraharja
32.10.04.2016,Jawa Barat,Kabupaten Majalengka,Talaga,Margamukti
32.10.04.2017,Jawa Barat,Kabupaten Majalengka,Talaga,Mekarhurip
32.10.05.2001,Jawa Barat,Kabupaten Majalengka,Argapura,Sagara
32.10.05.2002,Jawa Barat,Kabupaten Majalengka,Argapura,Cibunut
32.10.05.2003,Jawa Barat,Kabupaten Majalengka,Argapura,Tejamulya
32.10.05.2004,Jawa Barat,Kabupaten Majalengka,Argapura,Sukasari Kaler
32.10.05.2005,Jawa Barat,Kabupaten Majalengka,Argapura,Argamukti
32.10.05.2006,Jawa Barat,Kabupaten Majalengka,Argapura,Sukadana
32.10.05.2007,Jawa Barat,Kabupaten Majalengka,Argapura,Sadasari
32.10.05.2008,Jawa Barat,Kabupaten Majalengka,Argapura,Haurseah
32.10.05.2009,Jawa Barat,Kabupaten Majalengka,Argapura,Mekarwangi
32.10.05.2010,Jawa Barat,Kabupaten Majalengka,Argapura,Cikaracak
32.10.05.2011,Jawa Barat,Kabupaten Majalengka,Argapura,Heubeulisuk
32.10.05.2012,Jawa Barat,Kabupaten Majalengka,Argapura,Sukasari Kidul
32.10.05.2013,Jawa Barat,Kabupaten Majalengka,Argapura,Gunungwangi
32.10.05.2014,Jawa Barat,Kabupaten Majalengka,Argapura,Argalingga
32.10.06.2001,Jawa Barat,Kabupaten Majalengka,Maja,Cihaur
32.10.06.2002,Jawa Barat,Kabupaten Majalengka,Maja,Wanahayu
32.10.06.2003,Jawa Barat,Kabupaten Majalengka,Maja,Cengal
32.10.06.2004,Jawa Barat,Kabupaten Majalengka,Maja,Anggrawati
32.10.06.2005,Jawa Barat,Kabupaten Majalengka,Maja,Cipicung
32.10.06.2006,Jawa Barat,Kabupaten Majalengka,Maja,Malongpong
32.10.06.2007,Jawa Barat,Kabupaten Majalengka,Maja,Tegalsari
32.10.06.2008,Jawa Barat,Kabupaten Majalengka,Maja,Maja Utara
32.10.06.2009,Jawa Barat,Kabupaten Majalengka,Maja,Pasanggrahan
32.10.06.2010,Jawa Barat,Kabupaten Majalengka,Maja,Cieurih
32.10.06.2011,Jawa Barat,Kabupaten Majalengka,Maja,Kertabasuki
32.10.06.2012,Jawa Barat,Kabupaten Majalengka,Maja,Sindangkerta
32.10.06.2013,Jawa Barat,Kabupaten Majalengka,Maja,Banjaran
32.10.06.2014,Jawa Barat,Kabupaten Majalengka,Maja,Paniis
32.10.06.2015,Jawa Barat,Kabupaten Majalengka,Maja,Cicalung
32.10.06.2016,Jawa Barat,Kabupaten Majalengka,Maja,Pageraji
32.10.06.2017,Jawa Barat,Kabupaten Majalengka,Maja,Maja Selatan
32.10.06.2018,Jawa Barat,Kabupaten Majalengka,Maja,Nunuk Baru
32.10.07.1001,Jawa Barat,Kabupaten Majalengka,Majalengka,Munjul
32.10.07.1002,Jawa Barat,Kabupaten Majalengka,Majalengka,Babakan Jawa
32.10.07.1003,Jawa Barat,Kabupaten Majalengka,Majalengka,Cicurug
32.10.07.1004,Jawa Barat,Kabupaten Majalengka,Majalengka,Sindangkasih
32.10.07.1007,Jawa Barat,Kabupaten Majalengka,Majalengka,Majalengka Wetan
32.10.07.1008,Jawa Barat,Kabupaten Majalengka,Majalengka,Majalengka Kulon
32.10.07.1009,Jawa Barat,Kabupaten Majalengka,Majalengka,Tarikolot
32.10.07.1010,Jawa Barat,Kabupaten Majalengka,Majalengka,Cikasarung
32.10.07.1011,Jawa Barat,Kabupaten Majalengka,Majalengka,Tonjong
32.10.07.1013,Jawa Barat,Kabupaten Majalengka,Majalengka,Cijati
32.10.07.2005,Jawa Barat,Kabupaten Majalengka,Majalengka,Kulur
32.10.07.2006,Jawa Barat,Kabupaten Majalengka,Majalengka,Kawunggirang
32.10.07.2012,Jawa Barat,Kabupaten Majalengka,Majalengka,Sidamukti
32.10.07.2014,Jawa Barat,Kabupaten Majalengka,Majalengka,Cibodas
32.10.08.2001,Jawa Barat,Kabupaten Majalengka,Sukahaji,Ciomas
32.10.08.2002,Jawa Barat,Kabupaten Majalengka,Sukahaji,Padahanten
32.10.08.2009,Jawa Barat,Kabupaten Majalengka,Sukahaji,Sukahaji
32.10.08.2010,Jawa Barat,Kabupaten Majalengka,Sukahaji,Salagedang
32.10.08.2011,Jawa Barat,Kabupaten Majalengka,Sukahaji,Cikeusik
32.10.08.2012,Jawa Barat,Kabupaten Majalengka,Sukahaji,Jayi
32.10.08.2013,Jawa Barat,Kabupaten Majalengka,Sukahaji,Nanggewer
32.10.08.2014,Jawa Barat,Kabupaten Majalengka,Sukahaji,Palabuan
32.10.08.2015,Jawa Barat,Kabupaten Majalengka,Sukahaji,Cikoneng
32.10.08.2016,Jawa Barat,Kabupaten Majalengka,Sukahaji,Babakanmanjeti
32.10.08.2017,Jawa Barat,Kabupaten Majalengka,Sukahaji,Tanjungsari
32.10.08.2018,Jawa Barat,Kabupaten Majalengka,Sukahaji,Cikalong
32.10.08.2019,Jawa Barat,Kabupaten Majalengka,Sukahaji,Candrajaya
32.10.09.2001,Jawa Barat,Kabupaten Majalengka,Rajagaluh,Pajajar
32.10.09.2002,Jawa Barat,Kabupaten Majalengka,Rajagaluh,Teja
32.10.09.2003,Jawa Barat,Kabupaten Majalengka,Rajagaluh,Payung
32.10.09.2004,Jawa Barat,Kabupaten Majalengka,Rajagaluh,Babakankareo
32.10.09.2005,Jawa Barat,Kabupaten Majalengka,Rajagaluh,Sindangpano
32.10.09.2006,Jawa Barat,Kabupaten Majalengka,Rajagaluh,Sadomas
32.10.09.2007,Jawa Barat,Kabupaten Majalengka,Rajagaluh,Kumbung
32.10.09.2008,Jawa Barat,Kabupaten Majalengka,Rajagaluh,Rajagaluh Kidul
32.10.09.2009,Jawa Barat,Kabupaten Majalengka,Rajagaluh,Singawada
32.10.09.2010,Jawa Barat,Kabupaten Majalengka,Rajagaluh,Rajagaluh Lor
32.10.09.2011,Jawa Barat,Kabupaten Majalengka,Rajagaluh,Cipinang
32.10.09.2012,Jawa Barat,Kabupaten Majalengka,Rajagaluh,Cisetu
32.10.09.2013,Jawa Barat,Kabupaten Majalengka,Rajagaluh,Rajagaluh
32.10.10.2001,Jawa Barat,Kabupaten Majalengka,Leuwimunding,Parakan
32.10.10.2002,Jawa Barat,Kabupaten Majalengka,Leuwimunding,Patuanan
32.10.10.2003,Jawa Barat,Kabupaten Majalengka,Leuwimunding,Nanggerang
32.10.10.2004,Jawa Barat,Kabupaten Majalengka,Leuwimunding,Lame
32.10.10.2005,Jawa Barat,Kabupaten Majalengka,Leuwimunding,Mindi
32.10.10.2006,Jawa Barat,Kabupaten Majalengka,Leuwimunding,Rajawangi
32.10.10.2007,Jawa Barat,Kabupaten Majalengka,Leuwimunding,Leuwikujang
32.10.10.2008,Jawa Barat,Kabupaten Majalengka,Leuwimunding,Mirat
32.10.10.2009,Jawa Barat,Kabupaten Majalengka,Leuwimunding,Leuwimunding
32.10.10.2010,Jawa Barat,Kabupaten Majalengka,Leuwimunding,Ciparay
32.10.10.2011,Jawa Barat,Kabupaten Majalengka,Leuwimunding,Heuleut
32.10.10.2012,Jawa Barat,Kabupaten Majalengka,Leuwimunding,Karangasem
32.10.10.2013,Jawa Barat,Kabupaten Majalengka,Leuwimunding,Tanjungsari
32.10.10.2014,Jawa Barat,Kabupaten Majalengka,Leuwimunding,Parungjaya
32.10.11.2001,Jawa Barat,Kabupaten Majalengka,Jatiwangi,Burujul Kulon
32.10.11.2002,Jawa Barat,Kabupaten Majalengka,Jatiwangi,Burujul Wetan
32.10.11.2003,Jawa Barat,Kabupaten Majalengka,Jatiwangi,Cicadas
32.10.11.2004,Jawa Barat,Kabupaten Majalengka,Jatiwangi,Andir
32.10.11.2005,Jawa Barat,Kabupaten Majalengka,Jatiwangi,Sukaraja Wetan
32.10.11.2006,Jawa Barat,Kabupaten Majalengka,Jatiwangi,Pinangraja
32.10.11.2007,Jawa Barat,Kabupaten Majalengka,Jatiwangi,Cibentar
32.10.11.2008,Jawa Barat,Kabupaten Majalengka,Jatiwangi,Leuweunggede
32.10.11.2009,Jawa Barat,Kabupaten Majalengka,Jatiwangi,Cibolerang
32.10.11.2010,Jawa Barat,Kabupaten Majalengka,Jatiwangi,Sutawangi
32.10.11.2011,Jawa Barat,Kabupaten Majalengka,Jatiwangi,Jatisura
32.10.11.2012,Jawa Barat,Kabupaten Majalengka,Jatiwangi,Jatiwangi
32.10.11.2013,Jawa Barat,Kabupaten Majalengka,Jatiwangi,Loji
32.10.11.2014,Jawa Barat,Kabupaten Majalengka,Jatiwangi,Sukaraja Kulon
32.10.11.2015,Jawa Barat,Kabupaten Majalengka,Jatiwangi,Mekarsari
32.10.11.2016,Jawa Barat,Kabupaten Majalengka,Jatiwangi,Surawangi
32.10.12.2006,Jawa Barat,Kabupaten Majalengka,Dawuan,Gandu
32.10.12.2007,Jawa Barat,Kabupaten Majalengka,Dawuan,Dawuan
32.10.12.2008,Jawa Barat,Kabupaten Majalengka,Dawuan,Genteng
32.10.12.2010,Jawa Barat,Kabupaten Majalengka,Dawuan,Mandapa
32.10.12.2011,Jawa Barat,Kabupaten Majalengka,Dawuan,Balida
32.10.12.2012,Jawa Barat,Kabupaten Majalengka,Dawuan,Karanganyar
32.10.12.2013,Jawa Barat,Kabupaten Majalengka,Dawuan,Salawana
32.10.12.2015,Jawa Barat,Kabupaten Majalengka,Dawuan,Bojongcideres
32.10.12.2017,Jawa Barat,Kabupaten Majalengka,Dawuan,Sinarjati
32.10.12.2018,Jawa Barat,Kabupaten Majalengka,Dawuan,Pasirmalati
32.10.12.2021,Jawa Barat,Kabupaten Majalengka,Dawuan,Baturuyuk
32.10.13.2001,Jawa Barat,Kabupaten Majalengka,Kadipaten,Heuleut
32.10.13.2002,Jawa Barat,Kabupaten Majalengka,Kadipaten,Kadipaten
32.10.13.2003,Jawa Barat,Kabupaten Majalengka,Kadipaten,Babakananyar
32.10.13.2004,Jawa Barat,Kabupaten Majalengka,Kadipaten,Karangsambung
32.10.13.2005,Jawa Barat,Kabupaten Majalengka,Kadipaten,Liangjulang
32.10.13.2006,Jawa Barat,Kabupaten Majalengka,Kadipaten,Pagandon
32.10.13.2007,Jawa Barat,Kabupaten Majalengka,Kadipaten,Cipaku
32.10.14.2001,Jawa Barat,Kabupaten Majalengka,Kertajati,Pakubeureum
32.10.14.2002,Jawa Barat,Kabupaten Majalengka,Kertajati,Sukawana
32.10.14.2003,Jawa Barat,Kabupaten Majalengka,Kertajati,Kertawinangun
32.10.14.2004,Jawa Barat,Kabupaten Majalengka,Kertajati,Palasah
32.10.14.2005,Jawa Barat,Kabupaten Majalengka,Kertajati,Babakan
32.10.14.2006,Jawa Barat,Kabupaten Majalengka,Kertajati,Kertajati
32.10.14.2007,Jawa Barat,Kabupaten Majalengka,Kertajati,Bantarjati
32.10.14.2008,Jawa Barat,Kabupaten Majalengka,Kertajati,Pasiripis
32.10.14.2009,Jawa Barat,Kabupaten Majalengka,Kertajati,Sukamulya
32.10.14.2010,Jawa Barat,Kabupaten Majalengka,Kertajati,Kertasari
32.10.14.2011,Jawa Barat,Kabupaten Majalengka,Kertajati,Mekarjaya
32.10.14.2012,Jawa Barat,Kabupaten Majalengka,Kertajati,Mekarmulya
32.10.14.2013,Jawa Barat,Kabupaten Majalengka,Kertajati,Sukakerta
32.10.14.2014,Jawa Barat,Kabupaten Majalengka,Kertajati,Sahbandar
32.10.15.2001,Jawa Barat,Kabupaten Majalengka,Jatitujuh,Biyawak
32.10.15.2002,Jawa Barat,Kabupaten Majalengka,Jatitujuh,Panyingkiran
32.10.15.2003,Jawa Barat,Kabupaten Majalengka,Jatitujuh,Panongan
32.10.15.2004,Jawa Barat,Kabupaten Majalengka,Jatitujuh,Randegan Wetan
32.10.15.2005,Jawa Barat,Kabupaten Majalengka,Jatitujuh,Putridalem
32.10.15.2006,Jawa Barat,Kabupaten Majalengka,Jatitujuh,Jatitengah
32.10.15.2007,Jawa Barat,Kabupaten Majalengka,Jatitujuh,Jatitujuh
32.10.15.2008,Jawa Barat,Kabupaten Majalengka,Jatitujuh,Babajurang
32.10.15.2009,Jawa Barat,Kabupaten Majalengka,Jatitujuh,Pilangsari
32.10.15.2010,Jawa Barat,Kabupaten Majalengka,Jatitujuh,Jatiraga
32.10.15.2011,Jawa Barat,Kabupaten Majalengka,Jatitujuh,Sumber Wetan
32.10.15.2012,Jawa Barat,Kabupaten Majalengka,Jatitujuh,Pangkalanpari
32.10.15.2013,Jawa Barat,Kabupaten Majalengka,Jatitujuh,Randegan Kulon
32.10.15.2014,Jawa Barat,Kabupaten Majalengka,Jatitujuh,Sumber Kulon
32.10.15.2015,Jawa Barat,Kabupaten Majalengka,Jatitujuh,Pasindangan
32.10.16.2001,Jawa Barat,Kabupaten Majalengka,Ligung,Cibogor
32.10.16.2002,Jawa Barat,Kabupaten Majalengka,Ligung,Beber
32.10.16.2003,Jawa Barat,Kabupaten Majalengka,Ligung,Beusi
32.10.16.2004,Jawa Barat,Kabupaten Majalengka,Ligung,Tegalaren
32.10.16.2005,Jawa Barat,Kabupaten Majalengka,Ligung,Buntu
32.10.16.2006,Jawa Barat,Kabupaten Majalengka,Ligung,Ligung
32.10.16.2007,Jawa Barat,Kabupaten Majalengka,Ligung,Wanasalam
32.10.16.2008,Jawa Barat,Kabupaten Majalengka,Ligung,Ampel
32.10.16.2009,Jawa Barat,Kabupaten Majalengka,Ligung,Bantarwaru
32.10.16.2010,Jawa Barat,Kabupaten Majalengka,Ligung,Majasari
32.10.16.2011,Jawa Barat,Kabupaten Majalengka,Ligung,Kedungkencana
32.10.16.2012,Jawa Barat,Kabupaten Majalengka,Ligung,Kertasari
32.10.16.2013,Jawa Barat,Kabupaten Majalengka,Ligung,Leuweunghapit
32.10.16.2014,Jawa Barat,Kabupaten Majalengka,Ligung,Ligung Lor
32.10.16.2015,Jawa Barat,Kabupaten Majalengka,Ligung,Sukawera
32.10.16.2016,Jawa Barat,Kabupaten Majalengka,Ligung,Gandawesi
32.10.16.2017,Jawa Barat,Kabupaten Majalengka,Ligung,Kodasari
32.10.16.2018,Jawa Barat,Kabupaten Majalengka,Ligung,Leuwiliang Baru
32.10.16.2019,Jawa Barat,Kabupaten Majalengka,Ligung,Kedungsari
32.10.17.2001,Jawa Barat,Kabupaten Majalengka,Sumberjaya,Bongas Wetan
32.10.17.2002,Jawa Barat,Kabupaten Majalengka,Sumberjaya,Bongas Kulon
32.10.17.2003,Jawa Barat,Kabupaten Majalengka,Sumberjaya,Garawangi
32.10.17.2004,Jawa Barat,Kabupaten Majalengka,Sumberjaya,Rancaputat
32.10.17.2005,Jawa Barat,Kabupaten Majalengka,Sumberjaya,Banjaran
32.10.17.2006,Jawa Barat,Kabupaten Majalengka,Sumberjaya,Sepat
32.10.17.2007,Jawa Barat,Kabupaten Majalengka,Sumberjaya,Paningkiran
32.10.17.2008,Jawa Barat,Kabupaten Majalengka,Sumberjaya,Parapatan
32.10.17.2009,Jawa Barat,Kabupaten Majalengka,Sumberjaya,Panjalin Kidul
32.10.17.2010,Jawa Barat,Kabupaten Majalengka,Sumberjaya,Cidenok
32.10.17.2011,Jawa Barat,Kabupaten Majalengka,Sumberjaya,Lojikobong
32.10.17.2012,Jawa Barat,Kabupaten Majalengka,Sumberjaya,Panjalin Lor
32.10.17.2013,Jawa Barat,Kabupaten Majalengka,Sumberjaya,Sumberjaya
32.10.17.2014,Jawa Barat,Kabupaten Majalengka,Sumberjaya,Pancaksuji
32.10.17.2015,Jawa Barat,Kabupaten Majalengka,Sumberjaya,Gelok Mulya
32.10.18.2001,Jawa Barat,Kabupaten Majalengka,Panyingkiran,Cijurey
32.10.18.2002,Jawa Barat,Kabupaten Majalengka,Panyingkiran,Pasirmuncang
32.10.18.2003,Jawa Barat,Kabupaten Majalengka,Panyingkiran,Jatipamor
32.10.18.2004,Jawa Barat,Kabupaten Majalengka,Panyingkiran,Bantrangsana
32.10.18.2005,Jawa Barat,Kabupaten Majalengka,Panyingkiran,Jatiserang
32.10.18.2006,Jawa Barat,Kabupaten Majalengka,Panyingkiran,Bonang
32.10.18.2007,Jawa Barat,Kabupaten Majalengka,Panyingkiran,Leuwiseeng
32.10.18.2008,Jawa Barat,Kabupaten Majalengka,Panyingkiran,Panyingkiran
32.10.18.2009,Jawa Barat,Kabupaten Majalengka,Panyingkiran,Karyamukti
32.10.19.2001,Jawa Barat,Kabupaten Majalengka,Palasah,Majasuka
32.10.19.2002,Jawa Barat,Kabupaten Majalengka,Palasah,Cisambeng
32.10.19.2003,Jawa Barat,Kabupaten Majalengka,Palasah,Palasah
32.10.19.2004,Jawa Barat,Kabupaten Majalengka,Palasah,Weragati
32.10.19.2005,Jawa Barat,Kabupaten Majalengka,Palasah,Trajaya
32.10.19.2006,Jawa Barat,Kabupaten Majalengka,Palasah,Tarikolot
32.10.19.2007,Jawa Barat,Kabupaten Majalengka,Palasah,Buniwangi
32.10.19.2008,Jawa Barat,Kabupaten Majalengka,Palasah,Sindanghaji
32.10.19.2009,Jawa Barat,Kabupaten Majalengka,Palasah,Waringin
32.10.19.2010,Jawa Barat,Kabupaten Majalengka,Palasah,Pasir
32.10.19.2011,Jawa Barat,Kabupaten Majalengka,Palasah,Karamat
32.10.19.2012,Jawa Barat,Kabupaten Majalengka,Palasah,Enggalwangi
32.10.19.2013,Jawa Barat,Kabupaten Majalengka,Palasah,Sindangwasa
32.10.20.1004,Jawa Barat,Kabupaten Majalengka,Cigasong,Cigasong
32.10.20.1005,Jawa Barat,Kabupaten Majalengka,Cigasong,Simpeureum
32.10.20.1006,Jawa Barat,Kabupaten Majalengka,Cigasong,Cicenang
32.10.20.2001,Jawa Barat,Kabupaten Majalengka,Cigasong,Kawunghilir
32.10.20.2002,Jawa Barat,Kabupaten Majalengka,Cigasong,Tajur
32.10.20.2003,Jawa Barat,Kabupaten Majalengka,Cigasong,Tenjolayar
32.10.20.2007,Jawa Barat,Kabupaten Majalengka,Cigasong,Baribis
32.10.20.2008,Jawa Barat,Kabupaten Majalengka,Cigasong,Batujaya
32.10.20.2009,Jawa Barat,Kabupaten Majalengka,Cigasong,Kutamanggu
32.10.20.2010,Jawa Barat,Kabupaten Majalengka,Cigasong,Karayunan
32.10.21.2001,Jawa Barat,Kabupaten Majalengka,Sindangwangi,Bantaragung
32.10.21.2002,Jawa Barat,Kabupaten Majalengka,Sindangwangi,Padaherang
32.10.21.2003,Jawa Barat,Kabupaten Majalengka,Sindangwangi,Lengkong Kulon
32.10.21.2004,Jawa Barat,Kabupaten Majalengka,Sindangwangi,Jerukleueut
32.10.21.2005,Jawa Barat,Kabupaten Majalengka,Sindangwangi,Sindangwangi
32.10.21.2006,Jawa Barat,Kabupaten Majalengka,Sindangwangi,Buahkapas
32.10.21.2007,Jawa Barat,Kabupaten Majalengka,Sindangwangi,Ujungberung
32.10.21.2008,Jawa Barat,Kabupaten Majalengka,Sindangwangi,Balagedog
32.10.21.2009,Jawa Barat,Kabupaten Majalengka,Sindangwangi,Leuwilaja
32.10.21.2010,Jawa Barat,Kabupaten Majalengka,Sindangwangi,Lengkong Wetan
32.10.22.2001,Jawa Barat,Kabupaten Majalengka,Banjaran,Genteng
32.10.22.2002,Jawa Barat,Kabupaten Majalengka,Banjaran,Sunia
32.10.22.2003,Jawa Barat,Kabupaten Majalengka,Banjaran,Darmalarang
32.10.22.2004,Jawa Barat,Kabupaten Majalengka,Banjaran,Sindangpala
32.10.22.2005,Jawa Barat,Kabupaten Majalengka,Banjaran,Banjaran
32.10.22.2006,Jawa Barat,Kabupaten Majalengka,Banjaran,Kagok
32.10.22.2007,Jawa Barat,Kabupaten Majalengka,Banjaran,Cimeong
32.10.22.2008,Jawa Barat,Kabupaten Majalengka,Banjaran,Panyindangan
32.10.22.2009,Jawa Barat,Kabupaten Majalengka,Banjaran,Kareo
32.10.22.2010,Jawa Barat,Kabupaten Majalengka,Banjaran,Sangiang
32.10.22.2011,Jawa Barat,Kabupaten Majalengka,Banjaran,Sunia Baru
32.10.22.2012,Jawa Barat,Kabupaten Majalengka,Banjaran,Hegarmanah
32.10.22.2013,Jawa Barat,Kabupaten Majalengka,Banjaran,Girimulya
32.10.23.2001,Jawa Barat,Kabupaten Majalengka,Cingambul,Sedareja
32.10.23.2002,Jawa Barat,Kabupaten Majalengka,Cingambul,Cidadap
32.10.23.2003,Jawa Barat,Kabupaten Majalengka,Cingambul,Maniis
32.10.23.2004,Jawa Barat,Kabupaten Majalengka,Cingambul,Nagarakembang
32.10.23.2005,Jawa Barat,Kabupaten Majalengka,Cingambul,Wangkelang
32.10.23.2006,Jawa Barat,Kabupaten Majalengka,Cingambul,Cimanggugirang
32.10.23.2007,Jawa Barat,Kabupaten Majalengka,Cingambul,Cingambul
32.10.23.2008,Jawa Barat,Kabupaten Majalengka,Cingambul,Cikondang
32.10.23.2009,Jawa Barat,Kabupaten Majalengka,Cingambul,Ciranjeng
32.10.23.2010,Jawa Barat,Kabupaten Majalengka,Cingambul,Rawa
32.10.23.2011,Jawa Barat,Kabupaten Majalengka,Cingambul,Kondangmekar
32.10.23.2012,Jawa Barat,Kabupaten Majalengka,Cingambul,Cintaasih
32.10.23.2013,Jawa Barat,Kabupaten Majalengka,Cingambul,Muktisari
32.10.24.2001,Jawa Barat,Kabupaten Majalengka,Kasokandel,Jatisawit
32.10.24.2002,Jawa Barat,Kabupaten Majalengka,Kasokandel,Leuwikidang
32.10.24.2003,Jawa Barat,Kabupaten Majalengka,Kasokandel,Ranji Kulon
32.10.24.2004,Jawa Barat,Kabupaten Majalengka,Kasokandel,Ranji Wetan
32.10.24.2005,Jawa Barat,Kabupaten Majalengka,Kasokandel,Gunungsari
32.10.24.2006,Jawa Barat,Kabupaten Majalengka,Kasokandel,Kasokandel
32.10.24.2007,Jawa Barat,Kabupaten Majalengka,Kasokandel,Girimukti
32.10.24.2008,Jawa Barat,Kabupaten Majalengka,Kasokandel,Jatimulya
32.10.24.2009,Jawa Barat,Kabupaten Majalengka,Kasokandel,Wanajaya
32.10.24.2010,Jawa Barat,Kabupaten Majalengka,Kasokandel,Gandasari
32.10.25.2001,Jawa Barat,Kabupaten Majalengka,Sindang,Pasirayu
32.10.25.2002,Jawa Barat,Kabupaten Majalengka,Sindang,Sindang
32.10.25.2003,Jawa Barat,Kabupaten Majalengka,Sindang,Garawastu
32.10.25.2004,Jawa Barat,Kabupaten Majalengka,Sindang,Indrakila
32.10.25.2005,Jawa Barat,Kabupaten Majalengka,Sindang,Gunungkuning
32.10.25.2007,Jawa Barat,Kabupaten Majalengka,Sindang,Sangkanhurip
32.10.25.2008,Jawa Barat,Kabupaten Majalengka,Sindang,Bayureja
32.10.26.2001,Jawa Barat,Kabupaten Majalengka,Malausma,Sukadana
32.10.26.2002,Jawa Barat,Kabupaten Majalengka,Malausma,Werasari
32.10.26.2003,Jawa Barat,Kabupaten Majalengka,Malausma,Malausma
32.10.26.2004,Jawa Barat,Kabupaten Majalengka,Malausma,Lebakwangi
32.10.26.2005,Jawa Barat,Kabupaten Majalengka,Malausma,Cimuncang
32.10.26.2006,Jawa Barat,Kabupaten Majalengka,Malausma,Ciranca
32.10.26.2007,Jawa Barat,Kabupaten Majalengka,Malausma,Banyusari
32.10.26.2008,Jawa Barat,Kabupaten Majalengka,Malausma,Buninagara
32.10.26.2009,Jawa Barat,Kabupaten Majalengka,Malausma,Jagamulya
32.10.26.2010,Jawa Barat,Kabupaten Majalengka,Malausma,Girimukti
32.10.26.2011,Jawa Barat,Kabupaten Majalengka,Malausma,Kramat Jaya
32.11.01.2001,Jawa Barat,Kabupaten Sumedang,Wado,Cimungkal
32.11.01.2002,Jawa Barat,Kabupaten Sumedang,Wado,Ganjarresik
32.11.01.2003,Jawa Barat,Kabupaten Sumedang,Wado,Cilengkrang
32.11.01.2004,Jawa Barat,Kabupaten Sumedang,Wado,Cikareo Selatan
32.11.01.2005,Jawa Barat,Kabupaten Sumedang,Wado,Cikareo Utara
32.11.01.2006,Jawa Barat,Kabupaten Sumedang,Wado,Wado
32.11.01.2007,Jawa Barat,Kabupaten Sumedang,Wado,Mulyajaya
32.11.01.2009,Jawa Barat,Kabupaten Sumedang,Wado,Sukajadi
32.11.01.2010,Jawa Barat,Kabupaten Sumedang,Wado,Cisurat
32.11.01.2011,Jawa Barat,Kabupaten Sumedang,Wado,Sukapura
32.11.02.2001,Jawa Barat,Kabupaten Sumedang,Jatinunggal,Jatinunggal
32.11.02.2002,Jawa Barat,Kabupaten Sumedang,Jatinunggal,Tarikolot
32.11.02.2003,Jawa Barat,Kabupaten Sumedang,Jatinunggal,Pawenang
32.11.02.2004,Jawa Barat,Kabupaten Sumedang,Jatinunggal,Sarimekar
32.11.02.2005,Jawa Barat,Kabupaten Sumedang,Jatinunggal,Banjarsari
32.11.02.2006,Jawa Barat,Kabupaten Sumedang,Jatinunggal,Kirisik
32.11.02.2007,Jawa Barat,Kabupaten Sumedang,Jatinunggal,Sukamanah
32.11.02.2008,Jawa Barat,Kabupaten Sumedang,Jatinunggal,Cipeundeuy
32.11.02.2009,Jawa Barat,Kabupaten Sumedang,Jatinunggal,Cimanintin
32.11.03.2001,Jawa Barat,Kabupaten Sumedang,Darmaraja,Darmaraja
32.11.03.2002,Jawa Barat,Kabupaten Sumedang,Darmaraja,Darmajaya
32.11.03.2003,Jawa Barat,Kabupaten Sumedang,Darmaraja,Sukamenak
32.11.03.2005,Jawa Barat,Kabupaten Sumedang,Darmaraja,Sukaratu
32.11.03.2006,Jawa Barat,Kabupaten Sumedang,Darmaraja,Cikeusi
32.11.03.2007,Jawa Barat,Kabupaten Sumedang,Darmaraja,Cipeuteuy
32.11.03.2009,Jawa Barat,Kabupaten Sumedang,Darmaraja,Cieunteung
32.11.03.2010,Jawa Barat,Kabupaten Sumedang,Darmaraja,Karangpakuan
32.11.03.2011,Jawa Barat,Kabupaten Sumedang,Darmaraja,Pakualam
32.11.03.2013,Jawa Barat,Kabupaten Sumedang,Darmaraja,Neglasari
32.11.03.2015,Jawa Barat,Kabupaten Sumedang,Darmaraja,Tarunajaya
32.11.03.2016,Jawa Barat,Kabupaten Sumedang,Darmaraja,Ranggon
32.11.04.2001,Jawa Barat,Kabupaten Sumedang,Cibugel,Jayamekar
32.11.04.2002,Jawa Barat,Kabupaten Sumedang,Cibugel,Buanamekar
32.11.04.2003,Jawa Barat,Kabupaten Sumedang,Cibugel,Cibugel
32.11.04.2004,Jawa Barat,Kabupaten Sumedang,Cibugel,Sukaraja
32.11.04.2005,Jawa Barat,Kabupaten Sumedang,Cibugel,Cipasang
32.11.04.2006,Jawa Barat,Kabupaten Sumedang,Cibugel,Tamansari
32.11.04.2007,Jawa Barat,Kabupaten Sumedang,Cibugel,Jayamandiri
32.11.05.2001,Jawa Barat,Kabupaten Sumedang,Cisitu,Cisitu
32.11.05.2002,Jawa Barat,Kabupaten Sumedang,Cisitu,Situmekar
32.11.05.2003,Jawa Barat,Kabupaten Sumedang,Cisitu,Pajagan
32.11.05.2004,Jawa Barat,Kabupaten Sumedang,Cisitu,Cigintung
32.11.05.2005,Jawa Barat,Kabupaten Sumedang,Cisitu,Sundamekar
32.11.05.2006,Jawa Barat,Kabupaten Sumedang,Cisitu,Linggajaya
32.11.05.2007,Jawa Barat,Kabupaten Sumedang,Cisitu,Ranjeng
32.11.05.2008,Jawa Barat,Kabupaten Sumedang,Cisitu,Cilopang
32.11.05.2009,Jawa Barat,Kabupaten Sumedang,Cisitu,Cimarga
32.11.05.2010,Jawa Barat,Kabupaten Sumedang,Cisitu,Cinangsi
32.11.06.2001,Jawa Barat,Kabupaten Sumedang,Situraja,Situraja Utara
32.11.06.2002,Jawa Barat,Kabupaten Sumedang,Situraja,Situraja
32.11.06.2003,Jawa Barat,Kabupaten Sumedang,Situraja,Mekarmulya
32.11.06.2004,Jawa Barat,Kabupaten Sumedang,Situraja,Cikadu
32.11.06.2005,Jawa Barat,Kabupaten Sumedang,Situraja,Bangbayang
32.11.06.2006,Jawa Barat,Kabupaten Sumedang,Situraja,Kaduwulung
32.11.06.2007,Jawa Barat,Kabupaten Sumedang,Situraja,Karangheuleut
32.11.06.2008,Jawa Barat,Kabupaten Sumedang,Situraja,Cijeler
32.11.06.2009,Jawa Barat,Kabupaten Sumedang,Situraja,Ambit
32.11.06.2010,Jawa Barat,Kabupaten Sumedang,Situraja,Jatimekar
32.11.06.2011,Jawa Barat,Kabupaten Sumedang,Situraja,Cijati
32.11.06.2012,Jawa Barat,Kabupaten Sumedang,Situraja,Pamulihan
32.11.06.2013,Jawa Barat,Kabupaten Sumedang,Situraja,Malaka
32.11.06.2014,Jawa Barat,Kabupaten Sumedang,Situraja,Sukatali
32.11.06.2015,Jawa Barat,Kabupaten Sumedang,Situraja,Cicarimanah
32.11.07.2001,Jawa Barat,Kabupaten Sumedang,Conggeang,Conggeang Kulon
32.11.07.2002,Jawa Barat,Kabupaten Sumedang,Conggeang,Conggeang Wetan
32.11.07.2003,Jawa Barat,Kabupaten Sumedang,Conggeang,Cipamekar
32.11.07.2004,Jawa Barat,Kabupaten Sumedang,Conggeang,Cibeureuyeuh
32.11.07.2005,Jawa Barat,Kabupaten Sumedang,Conggeang,Jambu
32.11.07.2006,Jawa Barat,Kabupaten Sumedang,Conggeang,Babakan Asem
32.11.07.2007,Jawa Barat,Kabupaten Sumedang,Conggeang,Padaasih
32.11.07.2008,Jawa Barat,Kabupaten Sumedang,Conggeang,Ungkal
32.11.07.2009,Jawa Barat,Kabupaten Sumedang,Conggeang,Karanglayung
32.11.07.2010,Jawa Barat,Kabupaten Sumedang,Conggeang,Cacaban
32.11.07.2011,Jawa Barat,Kabupaten Sumedang,Conggeang,Narimbang
32.11.07.2012,Jawa Barat,Kabupaten Sumedang,Conggeang,Cibubuan
32.11.08.2001,Jawa Barat,Kabupaten Sumedang,Paseh,Paseh Kidul
32.11.08.2002,Jawa Barat,Kabupaten Sumedang,Paseh,Paseh Kaler
32.11.08.2003,Jawa Barat,Kabupaten Sumedang,Paseh,Legok Kidul
32.11.08.2004,Jawa Barat,Kabupaten Sumedang,Paseh,Legok Kaler
32.11.08.2005,Jawa Barat,Kabupaten Sumedang,Paseh,Bongkok
32.11.08.2006,Jawa Barat,Kabupaten Sumedang,Paseh,Padanaan
32.11.08.2007,Jawa Barat,Kabupaten Sumedang,Paseh,Pasireungit
32.11.08.2008,Jawa Barat,Kabupaten Sumedang,Paseh,Cijambe
32.11.08.2009,Jawa Barat,Kabupaten Sumedang,Paseh,Haurkuning
32.11.08.2010,Jawa Barat,Kabupaten Sumedang,Paseh,Citepok
32.11.09.2001,Jawa Barat,Kabupaten Sumedang,Surian,Wanasari
32.11.09.2002,Jawa Barat,Kabupaten Sumedang,Surian,Wanajaya
32.11.09.2003,Jawa Barat,Kabupaten Sumedang,Surian,Pamekarsari
32.11.09.2004,Jawa Barat,Kabupaten Sumedang,Surian,Tanjung
32.11.09.2005,Jawa Barat,Kabupaten Sumedang,Surian,Surian
32.11.09.2006,Jawa Barat,Kabupaten Sumedang,Surian,Suriamukti
32.11.09.2007,Jawa Barat,Kabupaten Sumedang,Surian,Suriamedal
32.11.09.2008,Jawa Barat,Kabupaten Sumedang,Surian,Ranggasari
32.11.09.2009,Jawa Barat,Kabupaten Sumedang,Surian,Nanjungwangi
32.11.10.2001,Jawa Barat,Kabupaten Sumedang,Buahdua,Buahdua
32.11.10.2002,Jawa Barat,Kabupaten Sumedang,Buahdua,Hariang
32.11.10.2003,Jawa Barat,Kabupaten Sumedang,Buahdua,Karangbungur
32.11.10.2004,Jawa Barat,Kabupaten Sumedang,Buahdua,Mekarmukti
32.11.10.2005,Jawa Barat,Kabupaten Sumedang,Buahdua,Citaleus
32.11.10.2006,Jawa Barat,Kabupaten Sumedang,Buahdua,Nagrak
32.11.10.2007,Jawa Barat,Kabupaten Sumedang,Buahdua,Cibitung
32.11.10.2008,Jawa Barat,Kabupaten Sumedang,Buahdua,Sekarwangi
32.11.10.2009,Jawa Barat,Kabupaten Sumedang,Buahdua,Gendereh
32.11.10.2010,Jawa Barat,Kabupaten Sumedang,Buahdua,Panyindangan
32.11.10.2011,Jawa Barat,Kabupaten Sumedang,Buahdua,Cilangkap
32.11.10.2012,Jawa Barat,Kabupaten Sumedang,Buahdua,Bojongloa
32.11.10.2013,Jawa Barat,Kabupaten Sumedang,Buahdua,Cikurubuk
32.11.10.2014,Jawa Barat,Kabupaten Sumedang,Buahdua,Ciawitali
32.11.11.2001,Jawa Barat,Kabupaten Sumedang,Tanjungsari,Gudang
32.11.11.2002,Jawa Barat,Kabupaten Sumedang,Tanjungsari,Tanjungsari
32.11.11.2003,Jawa Barat,Kabupaten Sumedang,Tanjungsari,Jatisari
32.11.11.2004,Jawa Barat,Kabupaten Sumedang,Tanjungsari,Margaluyu
32.11.11.2005,Jawa Barat,Kabupaten Sumedang,Tanjungsari,Kutamandiri
32.11.11.2006,Jawa Barat,Kabupaten Sumedang,Tanjungsari,Margajaya
32.11.11.2007,Jawa Barat,Kabupaten Sumedang,Tanjungsari,Raharja
32.11.11.2008,Jawa Barat,Kabupaten Sumedang,Tanjungsari,Cijambu
32.11.11.2009,Jawa Barat,Kabupaten Sumedang,Tanjungsari,Pasigaran
32.11.11.2010,Jawa Barat,Kabupaten Sumedang,Tanjungsari,Gunungmanik
32.11.11.2011,Jawa Barat,Kabupaten Sumedang,Tanjungsari,Kadakajaya
32.11.11.2012,Jawa Barat,Kabupaten Sumedang,Tanjungsari,Cinanjung
32.11.12.2001,Jawa Barat,Kabupaten Sumedang,Sukasari,Sukasari
32.11.12.2002,Jawa Barat,Kabupaten Sumedang,Sukasari,Genteng
32.11.12.2003,Jawa Barat,Kabupaten Sumedang,Sukasari,Banyuresmi
32.11.12.2004,Jawa Barat,Kabupaten Sumedang,Sukasari,Nanggerang
32.11.12.2005,Jawa Barat,Kabupaten Sumedang,Sukasari,Mekarsari
32.11.12.2006,Jawa Barat,Kabupaten Sumedang,Sukasari,Sindangsari
32.11.12.2007,Jawa Barat,Kabupaten Sumedang,Sukasari,Sukarapih
32.11.13.2001,Jawa Barat,Kabupaten Sumedang,Pamulihan,Cigendel
32.11.13.2002,Jawa Barat,Kabupaten Sumedang,Pamulihan,Cijeruk
32.11.13.2003,Jawa Barat,Kabupaten Sumedang,Pamulihan,Pamulihan
32.11.13.2004,Jawa Barat,Kabupaten Sumedang,Pamulihan,Haurngombong
32.11.13.2005,Jawa Barat,Kabupaten Sumedang,Pamulihan,Cilembu
32.11.13.2006,Jawa Barat,Kabupaten Sumedang,Pamulihan,Cimarias
32.11.13.2007,Jawa Barat,Kabupaten Sumedang,Pamulihan,Cinanggerang
32.11.13.2008,Jawa Barat,Kabupaten Sumedang,Pamulihan,Mekarbakti
32.11.13.2009,Jawa Barat,Kabupaten Sumedang,Pamulihan,Sukawangi
32.11.13.2010,Jawa Barat,Kabupaten Sumedang,Pamulihan,Ciptasari
32.11.13.2011,Jawa Barat,Kabupaten Sumedang,Pamulihan,Citali
32.11.14.2001,Jawa Barat,Kabupaten Sumedang,Cimanggung,Cimanggung
32.11.14.2002,Jawa Barat,Kabupaten Sumedang,Cimanggung,Sindangpakuon
32.11.14.2003,Jawa Barat,Kabupaten Sumedang,Cimanggung,Tegalmanggung
32.11.14.2004,Jawa Barat,Kabupaten Sumedang,Cimanggung,Sindulang
32.11.14.2005,Jawa Barat,Kabupaten Sumedang,Cimanggung,Sindanggalih
32.11.14.2006,Jawa Barat,Kabupaten Sumedang,Cimanggung,Sawahdadap
32.11.14.2007,Jawa Barat,Kabupaten Sumedang,Cimanggung,Cikahuripan
32.11.14.2008,Jawa Barat,Kabupaten Sumedang,Cimanggung,Sukadana
32.11.14.2009,Jawa Barat,Kabupaten Sumedang,Cimanggung,Mangunarga
32.11.14.2010,Jawa Barat,Kabupaten Sumedang,Cimanggung,Cihanjuang
32.11.14.2011,Jawa Barat,Kabupaten Sumedang,Cimanggung,Pasirnanjung
32.11.15.2001,Jawa Barat,Kabupaten Sumedang,Jatinangor,Cikeruh
32.11.15.2002,Jawa Barat,Kabupaten Sumedang,Jatinangor,Hegarmanah
32.11.15.2003,Jawa Barat,Kabupaten Sumedang,Jatinangor,Cibeusi
32.11.15.2004,Jawa Barat,Kabupaten Sumedang,Jatinangor,Cipacing
32.11.15.2005,Jawa Barat,Kabupaten Sumedang,Jatinangor,Sayang
32.11.15.2006,Jawa Barat,Kabupaten Sumedang,Jatinangor,Mekargalih
32.11.15.2007,Jawa Barat,Kabupaten Sumedang,Jatinangor,Cintamulya
32.11.15.2008,Jawa Barat,Kabupaten Sumedang,Jatinangor,Jatimukti
32.11.15.2009,Jawa Barat,Kabupaten Sumedang,Jatinangor,Cisempur
32.11.15.2010,Jawa Barat,Kabupaten Sumedang,Jatinangor,Jatiroke
32.11.15.2011,Jawa Barat,Kabupaten Sumedang,Jatinangor,Cileles
32.11.15.2012,Jawa Barat,Kabupaten Sumedang,Jatinangor,Cilayung
32.11.16.2001,Jawa Barat,Kabupaten Sumedang,Rancakalong,Nagarawangi
32.11.16.2002,Jawa Barat,Kabupaten Sumedang,Rancakalong,Cibunar
32.11.16.2003,Jawa Barat,Kabupaten Sumedang,Rancakalong,Pangadegan
32.11.16.2004,Jawa Barat,Kabupaten Sumedang,Rancakalong,Sukahayu
32.11.16.2005,Jawa Barat,Kabupaten Sumedang,Rancakalong,Sukamaju
32.11.16.2006,Jawa Barat,Kabupaten Sumedang,Rancakalong,Pamekaran
32.11.16.2007,Jawa Barat,Kabupaten Sumedang,Rancakalong,Rancakalong
32.11.16.2008,Jawa Barat,Kabupaten Sumedang,Rancakalong,Sukasirnarasa
32.11.16.2009,Jawa Barat,Kabupaten Sumedang,Rancakalong,Cibungur
32.11.16.2010,Jawa Barat,Kabupaten Sumedang,Rancakalong,Pasirbiru
32.11.17.1001,Jawa Barat,Kabupaten Sumedang,Sumedang Selatan,Pasanggrahan Baru
32.11.17.1002,Jawa Barat,Kabupaten Sumedang,Sumedang Selatan,Kota Kulon
32.11.17.1003,Jawa Barat,Kabupaten Sumedang,Sumedang Selatan,Regol Wetan
32.11.17.1004,Jawa Barat,Kabupaten Sumedang,Sumedang Selatan,Cipameungpeuk
32.11.17.2005,Jawa Barat,Kabupaten Sumedang,Sumedang Selatan,Sukagalih
32.11.17.2006,Jawa Barat,Kabupaten Sumedang,Sumedang Selatan,Baginda
32.11.17.2007,Jawa Barat,Kabupaten Sumedang,Sumedang Selatan,Cipancar
32.11.17.2008,Jawa Barat,Kabupaten Sumedang,Sumedang Selatan,Citengah
32.11.17.2009,Jawa Barat,Kabupaten Sumedang,Sumedang Selatan,Gunasari
32.11.17.2010,Jawa Barat,Kabupaten Sumedang,Sumedang Selatan,Sukajaya
32.11.17.2011,Jawa Barat,Kabupaten Sumedang,Sumedang Selatan,Margamekar
32.11.17.2012,Jawa Barat,Kabupaten Sumedang,Sumedang Selatan,Ciherang
32.11.17.2013,Jawa Barat,Kabupaten Sumedang,Sumedang Selatan,Margalaksana
32.11.17.2014,Jawa Barat,Kabupaten Sumedang,Sumedang Selatan,Mekar Rahayu
32.11.18.1001,Jawa Barat,Kabupaten Sumedang,Sumedang Utara,Kota Kaler
32.11.18.1002,Jawa Barat,Kabupaten Sumedang,Sumedang Utara,Situ
32.11.18.1003,Jawa Barat,Kabupaten Sumedang,Sumedang Utara,Talun
32.11.18.2004,Jawa Barat,Kabupaten Sumedang,Sumedang Utara,Padasuka
32.11.18.2005,Jawa Barat,Kabupaten Sumedang,Sumedang Utara,Mulyasari
32.11.18.2006,Jawa Barat,Kabupaten Sumedang,Sumedang Utara,Girimukti
32.11.18.2007,Jawa Barat,Kabupaten Sumedang,Sumedang Utara,Mekarjaya
32.11.18.2008,Jawa Barat,Kabupaten Sumedang,Sumedang Utara,Margamukti
32.11.18.2009,Jawa Barat,Kabupaten Sumedang,Sumedang Utara,Sirnamulya
32.11.18.2010,Jawa Barat,Kabupaten Sumedang,Sumedang Utara,Kebonjati
32.11.18.2011,Jawa Barat,Kabupaten Sumedang,Sumedang Utara,Jatihurip
32.11.18.2012,Jawa Barat,Kabupaten Sumedang,Sumedang Utara,Jatimulya
32.11.18.2013,Jawa Barat,Kabupaten Sumedang,Sumedang Utara,Rancamulya
32.11.19.2001,Jawa Barat,Kabupaten Sumedang,Ganeas,Ganeas
32.11.19.2002,Jawa Barat,Kabupaten Sumedang,Ganeas,Dayeuhluhur
32.11.19.2003,Jawa Barat,Kabupaten Sumedang,Ganeas,Cikoneng
32.11.19.2004,Jawa Barat,Kabupaten Sumedang,Ganeas,Sukaluyu
32.11.19.2005,Jawa Barat,Kabupaten Sumedang,Ganeas,Sukawening
32.11.19.2006,Jawa Barat,Kabupaten Sumedang,Ganeas,Tanjunghurip
32.11.19.2007,Jawa Barat,Kabupaten Sumedang,Ganeas,Cikondang
32.11.19.2008,Jawa Barat,Kabupaten Sumedang,Ganeas,Cikoneng Kulon
32.11.20.2001,Jawa Barat,Kabupaten Sumedang,Tanjungkerta,Sukamantri
32.11.20.2002,Jawa Barat,Kabupaten Sumedang,Tanjungkerta,Cipanas
32.11.20.2003,Jawa Barat,Kabupaten Sumedang,Tanjungkerta,Gunturmekar
32.11.20.2004,Jawa Barat,Kabupaten Sumedang,Tanjungkerta,Mulyamekar
32.11.20.2005,Jawa Barat,Kabupaten Sumedang,Tanjungkerta,Banyuasih
32.11.20.2006,Jawa Barat,Kabupaten Sumedang,Tanjungkerta,Kertamekar
32.11.20.2007,Jawa Barat,Kabupaten Sumedang,Tanjungkerta,Kertaharja
32.11.20.2008,Jawa Barat,Kabupaten Sumedang,Tanjungkerta,Cigentur
32.11.20.2009,Jawa Barat,Kabupaten Sumedang,Tanjungkerta,Tanjungmekar
32.11.20.2010,Jawa Barat,Kabupaten Sumedang,Tanjungkerta,Tanjungmulya
32.11.20.2011,Jawa Barat,Kabupaten Sumedang,Tanjungkerta,Boros
32.11.20.2012,Jawa Barat,Kabupaten Sumedang,Tanjungkerta,Awilega
32.11.21.2001,Jawa Barat,Kabupaten Sumedang,Tanjungmedar,Cikaramas
32.11.21.2002,Jawa Barat,Kabupaten Sumedang,Tanjungmedar,Wargaluyu
32.11.21.2003,Jawa Barat,Kabupaten Sumedang,Tanjungmedar,Jingkang
32.11.21.2004,Jawa Barat,Kabupaten Sumedang,Tanjungmedar,Kamal
32.11.21.2005,Jawa Barat,Kabupaten Sumedang,Tanjungmedar,Kertamukti
32.11.21.2006,Jawa Barat,Kabupaten Sumedang,Tanjungmedar,Tanjungwangi
32.11.21.2007,Jawa Barat,Kabupaten Sumedang,Tanjungmedar,Sukamukti
32.11.21.2008,Jawa Barat,Kabupaten Sumedang,Tanjungmedar,Sukatani
32.11.21.2009,Jawa Barat,Kabupaten Sumedang,Tanjungmedar,Tanjungmedar
32.11.22.2001,Jawa Barat,Kabupaten Sumedang,Cimalaka,Cimalaka
32.11.22.2002,Jawa Barat,Kabupaten Sumedang,Cimalaka,Galudra
32.11.22.2003,Jawa Barat,Kabupaten Sumedang,Cimalaka,Cibeureum Kulon
32.11.22.2004,Jawa Barat,Kabupaten Sumedang,Cimalaka,Naluk
32.11.22.2005,Jawa Barat,Kabupaten Sumedang,Cimalaka,Nyalindung
32.11.22.2006,Jawa Barat,Kabupaten Sumedang,Cimalaka,Trunamanggala
32.11.22.2007,Jawa Barat,Kabupaten Sumedang,Cimalaka,Cikole
32.11.22.2008,Jawa Barat,Kabupaten Sumedang,Cimalaka,Cibeureum Wetan
32.11.22.2009,Jawa Barat,Kabupaten Sumedang,Cimalaka,Mandalaherang
32.11.22.2010,Jawa Barat,Kabupaten Sumedang,Cimalaka,Licin
32.11.22.2011,Jawa Barat,Kabupaten Sumedang,Cimalaka,Citimun
32.11.22.2012,Jawa Barat,Kabupaten Sumedang,Cimalaka,Serang
32.11.22.2013,Jawa Barat,Kabupaten Sumedang,Cimalaka,Padasari
32.11.22.2014,Jawa Barat,Kabupaten Sumedang,Cimalaka,Cimuja
32.11.23.2001,Jawa Barat,Kabupaten Sumedang,Cisarua,Cisarua
32.11.23.2002,Jawa Barat,Kabupaten Sumedang,Cisarua,Ciuyah
32.11.23.2003,Jawa Barat,Kabupaten Sumedang,Cisarua,Cimara
32.11.23.2004,Jawa Barat,Kabupaten Sumedang,Cisarua,Bantarmara
32.11.23.2005,Jawa Barat,Kabupaten Sumedang,Cisarua,Cipandanwangi
32.11.23.2006,Jawa Barat,Kabupaten Sumedang,Cisarua,Cisalak
32.11.23.2007,Jawa Barat,Kabupaten Sumedang,Cisarua,Kebonkalapa
32.11.24.2001,Jawa Barat,Kabupaten Sumedang,Tomo,Tomo
32.11.24.2002,Jawa Barat,Kabupaten Sumedang,Tomo,Tolengas
32.11.24.2003,Jawa Barat,Kabupaten Sumedang,Tomo,Darmawangi
32.11.24.2004,Jawa Barat,Kabupaten Sumedang,Tomo,Marongge
32.11.24.2005,Jawa Barat,Kabupaten Sumedang,Tomo,Jembarwangi
32.11.24.2006,Jawa Barat,Kabupaten Sumedang,Tomo,Bugel
32.11.24.2007,Jawa Barat,Kabupaten Sumedang,Tomo,Cipeles
32.11.24.2008,Jawa Barat,Kabupaten Sumedang,Tomo,Karyamukti
32.11.24.2010,Jawa Barat,Kabupaten Sumedang,Tomo,Mekarwangi
32.11.25.2001,Jawa Barat,Kabupaten Sumedang,Ujungjaya,Ujungjaya
32.11.25.2002,Jawa Barat,Kabupaten Sumedang,Ujungjaya,Palabuan
32.11.25.2003,Jawa Barat,Kabupaten Sumedang,Ujungjaya,Palasari
32.11.25.2004,Jawa Barat,Kabupaten Sumedang,Ujungjaya,Keboncau
32.11.25.2005,Jawa Barat,Kabupaten Sumedang,Ujungjaya,Sakurjaya
32.11.25.2006,Jawa Barat,Kabupaten Sumedang,Ujungjaya,Kudangwangi
32.11.25.2007,Jawa Barat,Kabupaten Sumedang,Ujungjaya,Sukamulya
32.11.25.2008,Jawa Barat,Kabupaten Sumedang,Ujungjaya,Cipelang
32.11.25.2009,Jawa Barat,Kabupaten Sumedang,Ujungjaya,Cibuluh
32.11.26.2001,Jawa Barat,Kabupaten Sumedang,Jatigede,Cijeungjing
32.11.26.2002,Jawa Barat,Kabupaten Sumedang,Jatigede,Kadujaya
32.11.26.2003,Jawa Barat,Kabupaten Sumedang,Jatigede,Lebaksiuh
32.11.26.2004,Jawa Barat,Kabupaten Sumedang,Jatigede,Cintajaya
32.11.26.2005,Jawa Barat,Kabupaten Sumedang,Jatigede,Cipicung
32.11.26.2006,Jawa Barat,Kabupaten Sumedang,Jatigede,Mekarasih
32.11.26.2008,Jawa Barat,Kabupaten Sumedang,Jatigede,Ciranggem
32.11.26.2009,Jawa Barat,Kabupaten Sumedang,Jatigede,Cisampih
32.11.26.2010,Jawa Barat,Kabupaten Sumedang,Jatigede,Jemah
32.11.26.2011,Jawa Barat,Kabupaten Sumedang,Jatigede,Karedok
32.11.26.2012,Jawa Barat,Kabupaten Sumedang,Jatigede,Kadu
32.12.01.2007,Jawa Barat,Kabupaten Indramayu,Haurgeulis,Haurkolot
32.12.01.2008,Jawa Barat,Kabupaten Indramayu,Haurgeulis,Haurgeulis
32.12.01.2009,Jawa Barat,Kabupaten Indramayu,Haurgeulis,Sukajati
32.12.01.2010,Jawa Barat,Kabupaten Indramayu,Haurgeulis,Wanakaya
32.12.01.2011,Jawa Barat,Kabupaten Indramayu,Haurgeulis,Karangtumaritis
32.12.01.2012,Jawa Barat,Kabupaten Indramayu,Haurgeulis,Kertanegara
32.12.01.2013,Jawa Barat,Kabupaten Indramayu,Haurgeulis,Cipancuh
32.12.01.2014,Jawa Barat,Kabupaten Indramayu,Haurgeulis,Mekarjati
32.12.01.2015,Jawa Barat,Kabupaten Indramayu,Haurgeulis,Sidadadi
32.12.01.2016,Jawa Barat,Kabupaten Indramayu,Haurgeulis,Sumbermulya
32.12.02.2001,Jawa Barat,Kabupaten Indramayu,Kroya,Tanjungkerta
32.12.02.2002,Jawa Barat,Kabupaten Indramayu,Kroya,Kroya
32.12.02.2003,Jawa Barat,Kabupaten Indramayu,Kroya,Sumbon
32.12.02.2004,Jawa Barat,Kabupaten Indramayu,Kroya,Sukamelang
32.12.02.2005,Jawa Barat,Kabupaten Indramayu,Kroya,Temiyang
32.12.02.2006,Jawa Barat,Kabupaten Indramayu,Kroya,Tamiyangsari
32.12.02.2007,Jawa Barat,Kabupaten Indramayu,Kroya,Jayamulya
32.12.02.2008,Jawa Barat,Kabupaten Indramayu,Kroya,Sukaslamet
32.12.02.2009,Jawa Barat,Kabupaten Indramayu,Kroya,Sumberjaya
32.12.03.2001,Jawa Barat,Kabupaten Indramayu,Gabuswetan,Kedungdawa
32.12.03.2002,Jawa Barat,Kabupaten Indramayu,Gabuswetan,Babakanjaya
32.12.03.2003,Jawa Barat,Kabupaten Indramayu,Gabuswetan,Gabus Kulon
32.12.03.2004,Jawa Barat,Kabupaten Indramayu,Gabuswetan,Sekarmulya
32.12.03.2005,Jawa Barat,Kabupaten Indramayu,Gabuswetan,Kedokangabus
32.12.03.2006,Jawa Barat,Kabupaten Indramayu,Gabuswetan,Rancamulya
32.12.03.2007,Jawa Barat,Kabupaten Indramayu,Gabuswetan,Rancahan
32.12.03.2008,Jawa Barat,Kabupaten Indramayu,Gabuswetan,Gabuswetan
32.12.03.2009,Jawa Barat,Kabupaten Indramayu,Gabuswetan,Drunten Wetan
32.12.03.2010,Jawa Barat,Kabupaten Indramayu,Gabuswetan,Drunten Kulon
32.12.04.2003,Jawa Barat,Kabupaten Indramayu,Cikedung,Loyang
32.12.04.2004,Jawa Barat,Kabupaten Indramayu,Cikedung,Amis
32.12.04.2005,Jawa Barat,Kabupaten Indramayu,Cikedung,Jatisura
32.12.04.2006,Jawa Barat,Kabupaten Indramayu,Cikedung,Jambak
32.12.04.2007,Jawa Barat,Kabupaten Indramayu,Cikedung,Cikedung
32.12.04.2012,Jawa Barat,Kabupaten Indramayu,Cikedung,Cikedung Lor
32.12.04.2013,Jawa Barat,Kabupaten Indramayu,Cikedung,Mundakjaya
32.12.05.2001,Jawa Barat,Kabupaten Indramayu,Lelea,Tunggulpayung
32.12.05.2002,Jawa Barat,Kabupaten Indramayu,Lelea,Tugu
32.12.05.2003,Jawa Barat,Kabupaten Indramayu,Lelea,Nunuk
32.12.05.2004,Jawa Barat,Kabupaten Indramayu,Lelea,Tempel
32.12.05.2005,Jawa Barat,Kabupaten Indramayu,Lelea,Pangauban
32.12.05.2006,Jawa Barat,Kabupaten Indramayu,Lelea,Telagasari
32.12.05.2007,Jawa Barat,Kabupaten Indramayu,Lelea,Langgengsari
32.12.05.2008,Jawa Barat,Kabupaten Indramayu,Lelea,Tamansari
32.12.05.2009,Jawa Barat,Kabupaten Indramayu,Lelea,Lelea
32.12.05.2010,Jawa Barat,Kabupaten Indramayu,Lelea,Cempeh
32.12.05.2011,Jawa Barat,Kabupaten Indramayu,Lelea,Tempel Kulon
32.12.06.2008,Jawa Barat,Kabupaten Indramayu,Bangodua,Mulyasari
32.12.06.2015,Jawa Barat,Kabupaten Indramayu,Bangodua,Bangodua
32.12.06.2016,Jawa Barat,Kabupaten Indramayu,Bangodua,Beduyut
32.12.06.2017,Jawa Barat,Kabupaten Indramayu,Bangodua,Rancasari
32.12.06.2018,Jawa Barat,Kabupaten Indramayu,Bangodua,Wanasari
32.12.06.2019,Jawa Barat,Kabupaten Indramayu,Bangodua,Karanggetas
32.12.06.2020,Jawa Barat,Kabupaten Indramayu,Bangodua,Tegalgirang
32.12.06.2021,Jawa Barat,Kabupaten Indramayu,Bangodua,Malangsari
32.12.07.2006,Jawa Barat,Kabupaten Indramayu,Widasari,Bangkaloa Ilir
32.12.07.2007,Jawa Barat,Kabupaten Indramayu,Widasari,Widasari
32.12.07.2008,Jawa Barat,Kabupaten Indramayu,Widasari,Kalensari
32.12.07.2010,Jawa Barat,Kabupaten Indramayu,Widasari,Bunder
32.12.07.2011,Jawa Barat,Kabupaten Indramayu,Widasari,Ujungaris
32.12.07.2012,Jawa Barat,Kabupaten Indramayu,Widasari,Kongsijaya
32.12.07.2013,Jawa Barat,Kabupaten Indramayu,Widasari,Ujungjaya
32.12.07.2014,Jawa Barat,Kabupaten Indramayu,Widasari,Ujungpondok Jaya
32.12.07.2015,Jawa Barat,Kabupaten Indramayu,Widasari,Leuwigede
32.12.07.2016,Jawa Barat,Kabupaten Indramayu,Widasari,Kasmaran
32.12.08.2007,Jawa Barat,Kabupaten Indramayu,Kertasemaya,Tulungagung
32.12.08.2008,Jawa Barat,Kabupaten Indramayu,Kertasemaya,Jengkok
32.12.08.2009,Jawa Barat,Kabupaten Indramayu,Kertasemaya,Tegalwirangrong
32.12.08.2010,Jawa Barat,Kabupaten Indramayu,Kertasemaya,Manguntara
32.12.08.2011,Jawa Barat,Kabupaten Indramayu,Kertasemaya,Jambe
32.12.08.2012,Jawa Barat,Kabupaten Indramayu,Kertasemaya,Lemahayu
32.12.08.2013,Jawa Barat,Kabupaten Indramayu,Kertasemaya,Tenajar Kidul
32.12.08.2014,Jawa Barat,Kabupaten Indramayu,Kertasemaya,Kertasemaya
32.12.08.2015,Jawa Barat,Kabupaten Indramayu,Kertasemaya,Kliwed
32.12.08.2016,Jawa Barat,Kabupaten Indramayu,Kertasemaya,Tenajar
32.12.08.2017,Jawa Barat,Kabupaten Indramayu,Kertasemaya,Larangan Jambe
32.12.08.2018,Jawa Barat,Kabupaten Indramayu,Kertasemaya,Tenajar Lor
32.12.08.2019,Jawa Barat,Kabupaten Indramayu,Kertasemaya,Sukawera
32.12.09.2001,Jawa Barat,Kabupaten Indramayu,Krangkeng,Purwajaya
32.12.09.2002,Jawa Barat,Kabupaten Indramayu,Krangkeng,Kapringan
32.12.09.2003,Jawa Barat,Kabupaten Indramayu,Krangkeng,Singakerta
32.12.09.2004,Jawa Barat,Kabupaten Indramayu,Krangkeng,Dukuhjati
32.12.09.2005,Jawa Barat,Kabupaten Indramayu,Krangkeng,Tegalmulya
32.12.09.2006,Jawa Barat,Kabupaten Indramayu,Krangkeng,Kedungwungu
32.12.09.2007,Jawa Barat,Kabupaten Indramayu,Krangkeng,Srengseng
32.12.09.2008,Jawa Barat,Kabupaten Indramayu,Krangkeng,Luwunggesik
32.12.09.2009,Jawa Barat,Kabupaten Indramayu,Krangkeng,Kalianyar
32.12.09.2010,Jawa Barat,Kabupaten Indramayu,Krangkeng,Krangkeng
32.12.09.2011,Jawa Barat,Kabupaten Indramayu,Krangkeng,Tanjakan
32.12.10.2008,Jawa Barat,Kabupaten Indramayu,Karangampel,Tanjungpura
32.12.10.2009,Jawa Barat,Kabupaten Indramayu,Karangampel,Tanjungsari
32.12.10.2010,Jawa Barat,Kabupaten Indramayu,Karangampel,Pringgacala
32.12.10.2011,Jawa Barat,Kabupaten Indramayu,Karangampel,Benda
32.12.10.2012,Jawa Barat,Kabupaten Indramayu,Karangampel,Sendang
32.12.10.2013,Jawa Barat,Kabupaten Indramayu,Karangampel,Karangampel Kidul
32.12.10.2014,Jawa Barat,Kabupaten Indramayu,Karangampel,Karangampel
32.12.10.2015,Jawa Barat,Kabupaten Indramayu,Karangampel,Dukuh Jeruk
32.12.10.2016,Jawa Barat,Kabupaten Indramayu,Karangampel,Dukuh Tengah
32.12.10.2017,Jawa Barat,Kabupaten Indramayu,Karangampel,Mundu
32.12.10.2019,Jawa Barat,Kabupaten Indramayu,Karangampel,Kaplongan Lor
32.12.11.2001,Jawa Barat,Kabupaten Indramayu,Juntinyuat,Segeran Kidul
32.12.11.2002,Jawa Barat,Kabupaten Indramayu,Juntinyuat,Segeran Lor
32.12.11.2003,Jawa Barat,Kabupaten Indramayu,Juntinyuat,Juntiweden
32.12.11.2004,Jawa Barat,Kabupaten Indramayu,Juntinyuat,Dadap
32.12.11.2005,Jawa Barat,Kabupaten Indramayu,Juntinyuat,Juntinyuat
32.12.11.2006,Jawa Barat,Kabupaten Indramayu,Juntinyuat,Juntikedokan
32.12.11.2007,Jawa Barat,Kabupaten Indramayu,Juntinyuat,Pondoh
32.12.11.2008,Jawa Barat,Kabupaten Indramayu,Juntinyuat,Sambimaya
32.12.11.2009,Jawa Barat,Kabupaten Indramayu,Juntinyuat,Tinumpuk
32.12.11.2010,Jawa Barat,Kabupaten Indramayu,Juntinyuat,Juntikebon
32.12.11.2011,Jawa Barat,Kabupaten Indramayu,Juntinyuat,Lombang
32.12.11.2012,Jawa Barat,Kabupaten Indramayu,Juntinyuat,Limbangan
32.12.12.2001,Jawa Barat,Kabupaten Indramayu,Sliyeg,Sleman
32.12.12.2002,Jawa Barat,Kabupaten Indramayu,Sliyeg,Tambi
32.12.12.2003,Jawa Barat,Kabupaten Indramayu,Sliyeg,Sudikampiran
32.12.12.2004,Jawa Barat,Kabupaten Indramayu,Sliyeg,Tambi Lor
32.12.12.2005,Jawa Barat,Kabupaten Indramayu,Sliyeg,Sleman Lor
32.12.12.2006,Jawa Barat,Kabupaten Indramayu,Sliyeg,Majasari
32.12.12.2007,Jawa Barat,Kabupaten Indramayu,Sliyeg,Majasih
32.12.12.2008,Jawa Barat,Kabupaten Indramayu,Sliyeg,Sliyeg
32.12.12.2009,Jawa Barat,Kabupaten Indramayu,Sliyeg,Gadingan
32.12.12.2010,Jawa Barat,Kabupaten Indramayu,Sliyeg,Mekargading
32.12.12.2011,Jawa Barat,Kabupaten Indramayu,Sliyeg,Sliyeg Lor
32.12.12.2012,Jawa Barat,Kabupaten Indramayu,Sliyeg,Tugu Kidul
32.12.12.2013,Jawa Barat,Kabupaten Indramayu,Sliyeg,Tugu
32.12.12.2016,Jawa Barat,Kabupaten Indramayu,Sliyeg,Longok
32.12.13.2001,Jawa Barat,Kabupaten Indramayu,Jatibarang,Sukalila
32.12.13.2002,Jawa Barat,Kabupaten Indramayu,Jatibarang,Pilangsari
32.12.13.2003,Jawa Barat,Kabupaten Indramayu,Jatibarang,Jatibarang Baru
32.12.13.2004,Jawa Barat,Kabupaten Indramayu,Jatibarang,Bulak
32.12.13.2005,Jawa Barat,Kabupaten Indramayu,Jatibarang,Bulak Lor
32.12.13.2006,Jawa Barat,Kabupaten Indramayu,Jatibarang,Jatibarang
32.12.13.2007,Jawa Barat,Kabupaten Indramayu,Jatibarang,Kebulen
32.12.13.2008,Jawa Barat,Kabupaten Indramayu,Jatibarang,Pawidean
32.12.13.2009,Jawa Barat,Kabupaten Indramayu,Jatibarang,Jatisawit
32.12.13.2010,Jawa Barat,Kabupaten Indramayu,Jatibarang,Jatisawit Lor
32.12.13.2011,Jawa Barat,Kabupaten Indramayu,Jatibarang,Krasak
32.12.13.2012,Jawa Barat,Kabupaten Indramayu,Jatibarang,Kalimati
32.12.13.2013,Jawa Barat,Kabupaten Indramayu,Jatibarang,Malangsemirang
32.12.13.2014,Jawa Barat,Kabupaten Indramayu,Jatibarang,Lobener
32.12.13.2015,Jawa Barat,Kabupaten Indramayu,Jatibarang,Lobener Lor
32.12.14.2001,Jawa Barat,Kabupaten Indramayu,Balongan,Tegalsembadra
32.12.14.2002,Jawa Barat,Kabupaten Indramayu,Balongan,Sukareja
32.12.14.2003,Jawa Barat,Kabupaten Indramayu,Balongan,Sukaurip
32.12.14.2004,Jawa Barat,Kabupaten Indramayu,Balongan,Rawadalem
32.12.14.2005,Jawa Barat,Kabupaten Indramayu,Balongan,Gelarmendala
32.12.14.2006,Jawa Barat,Kabupaten Indramayu,Balongan,Tegalurung
32.12.14.2007,Jawa Barat,Kabupaten Indramayu,Balongan,Balongan
32.12.14.2008,Jawa Barat,Kabupaten Indramayu,Balongan,Majakerta
32.12.14.2009,Jawa Barat,Kabupaten Indramayu,Balongan,Sudimampir
32.12.14.2010,Jawa Barat,Kabupaten Indramayu,Balongan,Sudimampir Lor
32.12.15.1001,Jawa Barat,Kabupaten Indramayu,Indramayu,Bojongsari
32.12.15.1002,Jawa Barat,Kabupaten Indramayu,Indramayu,Kepandean
32.12.15.1003,Jawa Barat,Kabupaten Indramayu,Indramayu,Karangmalang
32.12.15.1004,Jawa Barat,Kabupaten Indramayu,Indramayu,Karanganyar
32.12.15.1005,Jawa Barat,Kabupaten Indramayu,Indramayu,Lemahmekar
32.12.15.1006,Jawa Barat,Kabupaten Indramayu,Indramayu,Lemahabang
32.12.15.1007,Jawa Barat,Kabupaten Indramayu,Indramayu,Margadadi
32.12.15.1008,Jawa Barat,Kabupaten Indramayu,Indramayu,Paoman
32.12.15.2009,Jawa Barat,Kabupaten Indramayu,Indramayu,Telukagung
32.12.15.2010,Jawa Barat,Kabupaten Indramayu,Indramayu,Plumbon
32.12.15.2011,Jawa Barat,Kabupaten Indramayu,Indramayu,Dukuh
32.12.15.2012,Jawa Barat,Kabupaten Indramayu,Indramayu,Pekandangan Jaya
32.12.15.2013,Jawa Barat,Kabupaten Indramayu,Indramayu,Singaraja
32.12.15.2014,Jawa Barat,Kabupaten Indramayu,Indramayu,Singajaya
32.12.15.2015,Jawa Barat,Kabupaten Indramayu,Indramayu,Pekandangan
32.12.15.2016,Jawa Barat,Kabupaten Indramayu,Indramayu,Karangsong
32.12.15.2017,Jawa Barat,Kabupaten Indramayu,Indramayu,Pabeanudik
32.12.15.2020,Jawa Barat,Kabupaten Indramayu,Indramayu,Tambak
32.12.16.2001,Jawa Barat,Kabupaten Indramayu,Sindang,Panyindangan Kulon
32.12.16.2002,Jawa Barat,Kabupaten Indramayu,Sindang,Rambatan Wetan
32.12.16.2003,Jawa Barat,Kabupaten Indramayu,Sindang,Panyindangan Wetan
32.12.16.2004,Jawa Barat,Kabupaten Indramayu,Sindang,Kenanga
32.12.16.2005,Jawa Barat,Kabupaten Indramayu,Sindang,Terusan
32.12.16.2006,Jawa Barat,Kabupaten Indramayu,Sindang,Dermayu
32.12.16.2007,Jawa Barat,Kabupaten Indramayu,Sindang,Sindang
32.12.16.2008,Jawa Barat,Kabupaten Indramayu,Sindang,Penganjang
32.12.16.2009,Jawa Barat,Kabupaten Indramayu,Sindang,Babadan
32.12.16.2014,Jawa Barat,Kabupaten Indramayu,Sindang,Wanantara
32.12.17.2001,Jawa Barat,Kabupaten Indramayu,Cantigi,Cangkring
32.12.17.2002,Jawa Barat,Kabupaten Indramayu,Cantigi,Cantigi Kulon
32.12.17.2003,Jawa Barat,Kabupaten Indramayu,Cantigi,Cantigi Wetan
32.12.17.2004,Jawa Barat,Kabupaten Indramayu,Cantigi,Panyingkiran Kidul
32.12.17.2005,Jawa Barat,Kabupaten Indramayu,Cantigi,Panyingkiran Lor
32.12.17.2006,Jawa Barat,Kabupaten Indramayu,Cantigi,Lamarantarung
32.12.17.2007,Jawa Barat,Kabupaten Indramayu,Cantigi,Cemara
32.12.18.2001,Jawa Barat,Kabupaten Indramayu,Lohbener,Kiajaran Wetan
32.12.18.2002,Jawa Barat,Kabupaten Indramayu,Lohbener,Kiajaran Kulon
32.12.18.2003,Jawa Barat,Kabupaten Indramayu,Lohbener,Lanjan
32.12.18.2004,Jawa Barat,Kabupaten Indramayu,Lohbener,Langut
32.12.18.2005,Jawa Barat,Kabupaten Indramayu,Lohbener,Larangan
32.12.18.2006,Jawa Barat,Kabupaten Indramayu,Lohbener,Waru
32.12.18.2007,Jawa Barat,Kabupaten Indramayu,Lohbener,Legok
32.12.18.2008,Jawa Barat,Kabupaten Indramayu,Lohbener,Bojongslawi
32.12.18.2009,Jawa Barat,Kabupaten Indramayu,Lohbener,Lohbener
32.12.18.2010,Jawa Barat,Kabupaten Indramayu,Lohbener,Pamayahan
32.12.18.2011,Jawa Barat,Kabupaten Indramayu,Lohbener,Sindangkerta
32.12.18.2012,Jawa Barat,Kabupaten Indramayu,Lohbener,Rambatan Kulon
32.12.19.2001,Jawa Barat,Kabupaten Indramayu,Arahan,Arahan Kidul
32.12.19.2002,Jawa Barat,Kabupaten Indramayu,Arahan,Arahan Lor
32.12.19.2003,Jawa Barat,Kabupaten Indramayu,Arahan,Linggajati
32.12.19.2004,Jawa Barat,Kabupaten Indramayu,Arahan,Cidempet
32.12.19.2005,Jawa Barat,Kabupaten Indramayu,Arahan,Sukadadi
32.12.19.2006,Jawa Barat,Kabupaten Indramayu,Arahan,Pranggong
32.12.19.2007,Jawa Barat,Kabupaten Indramayu,Arahan,Sukasari
32.12.19.2008,Jawa Barat,Kabupaten Indramayu,Arahan,Tawangsari
32.12.20.2001,Jawa Barat,Kabupaten Indramayu,Losarang,Ranjeng
32.12.20.2002,Jawa Barat,Kabupaten Indramayu,Losarang,Krimun
32.12.20.2003,Jawa Barat,Kabupaten Indramayu,Losarang,Puntang
32.12.20.2004,Jawa Barat,Kabupaten Indramayu,Losarang,Pegagan
32.12.20.2005,Jawa Barat,Kabupaten Indramayu,Losarang,Rajaiyang
32.12.20.2006,Jawa Barat,Kabupaten Indramayu,Losarang,Jangga
32.12.20.2007,Jawa Barat,Kabupaten Indramayu,Losarang,Jumbleng
32.12.20.2008,Jawa Barat,Kabupaten Indramayu,Losarang,Pangkalan
32.12.20.2010,Jawa Barat,Kabupaten Indramayu,Losarang,Losarang
32.12.20.2011,Jawa Barat,Kabupaten Indramayu,Losarang,Muntur
32.12.20.2012,Jawa Barat,Kabupaten Indramayu,Losarang,Santing
32.12.20.2013,Jawa Barat,Kabupaten Indramayu,Losarang,Cemara Kulon
32.12.21.2001,Jawa Barat,Kabupaten Indramayu,Kandanghaur,Curug
32.12.21.2002,Jawa Barat,Kabupaten Indramayu,Kandanghaur,Pranti
32.12.21.2003,Jawa Barat,Kabupaten Indramayu,Kandanghaur,Wirakanan
32.12.21.2004,Jawa Barat,Kabupaten Indramayu,Kandanghaur,Karangmulya
32.12.21.2005,Jawa Barat,Kabupaten Indramayu,Kandanghaur,Karanganyar
32.12.21.2006,Jawa Barat,Kabupaten Indramayu,Kandanghaur,Wirapanjunan
32.12.21.2007,Jawa Barat,Kabupaten Indramayu,Kandanghaur,Pareangirang
32.12.21.2008,Jawa Barat,Kabupaten Indramayu,Kandanghaur,Bulak
32.12.21.2009,Jawa Barat,Kabupaten Indramayu,Kandanghaur,Ilir
32.12.21.2010,Jawa Barat,Kabupaten Indramayu,Kandanghaur,Soge
32.12.21.2011,Jawa Barat,Kabupaten Indramayu,Kandanghaur,Eretan Wetan
32.12.21.2012,Jawa Barat,Kabupaten Indramayu,Kandanghaur,Eretan Kulon
32.12.21.2013,Jawa Barat,Kabupaten Indramayu,Kandanghaur,Kertawinangun
32.12.22.2001,Jawa Barat,Kabupaten Indramayu,Bongas,Cipedang
32.12.22.2002,Jawa Barat,Kabupaten Indramayu,Bongas,Sidamulya
32.12.22.2003,Jawa Barat,Kabupaten Indramayu,Bongas,Margamulya
32.12.22.2004,Jawa Barat,Kabupaten Indramayu,Bongas,Kertajaya
32.12.22.2005,Jawa Barat,Kabupaten Indramayu,Bongas,Bongas
32.12.22.2006,Jawa Barat,Kabupaten Indramayu,Bongas,Cipaat
32.12.22.2007,Jawa Barat,Kabupaten Indramayu,Bongas,Kertamulya
32.12.22.2008,Jawa Barat,Kabupaten Indramayu,Bongas,Plawangan
32.12.23.2001,Jawa Barat,Kabupaten Indramayu,Anjatan,Anjatan
32.12.23.2002,Jawa Barat,Kabupaten Indramayu,Anjatan,Mangunjaya
32.12.23.2003,Jawa Barat,Kabupaten Indramayu,Anjatan,Bugis
32.12.23.2004,Jawa Barat,Kabupaten Indramayu,Anjatan,Bugistua
32.12.23.2005,Jawa Barat,Kabupaten Indramayu,Anjatan,Salamdarma
32.12.23.2006,Jawa Barat,Kabupaten Indramayu,Anjatan,Kedungwungu
32.12.23.2007,Jawa Barat,Kabupaten Indramayu,Anjatan,Wanguk
32.12.23.2008,Jawa Barat,Kabupaten Indramayu,Anjatan,Lempuyang
32.12.23.2009,Jawa Barat,Kabupaten Indramayu,Anjatan,Kopyah
32.12.23.2010,Jawa Barat,Kabupaten Indramayu,Anjatan,Anjatan Baru
32.12.23.2011,Jawa Barat,Kabupaten Indramayu,Anjatan,Cilandak
32.12.23.2012,Jawa Barat,Kabupaten Indramayu,Anjatan,Cilandak Lor
32.12.23.2013,Jawa Barat,Kabupaten Indramayu,Anjatan,Anjatan Utara
32.12.24.2001,Jawa Barat,Kabupaten Indramayu,Sukra,Bogor
32.12.24.2002,Jawa Barat,Kabupaten Indramayu,Sukra,Sukra
32.12.24.2003,Jawa Barat,Kabupaten Indramayu,Sukra,Ujunggebang
32.12.24.2004,Jawa Barat,Kabupaten Indramayu,Sukra,Tegaltaman
32.12.24.2005,Jawa Barat,Kabupaten Indramayu,Sukra,Sukra Wetan
32.12.24.2006,Jawa Barat,Kabupaten Indramayu,Sukra,Sumuradem
32.12.24.2007,Jawa Barat,Kabupaten Indramayu,Sukra,Sumuradem Timur
32.12.24.2017,Jawa Barat,Kabupaten Indramayu,Sukra,Karanglayung
32.12.25.2001,Jawa Barat,Kabupaten Indramayu,Gantar,Bantarwaru
32.12.25.2002,Jawa Barat,Kabupaten Indramayu,Gantar,Sanca
32.12.25.2003,Jawa Barat,Kabupaten Indramayu,Gantar,Mekarjaya
32.12.25.2004,Jawa Barat,Kabupaten Indramayu,Gantar,Gantar
32.12.25.2005,Jawa Barat,Kabupaten Indramayu,Gantar,Situraja
32.12.25.2006,Jawa Barat,Kabupaten Indramayu,Gantar,Balareja
32.12.25.2007,Jawa Barat,Kabupaten Indramayu,Gantar,Mekarwaru
32.12.26.2001,Jawa Barat,Kabupaten Indramayu,Terisi,Cikawung
32.12.26.2002,Jawa Barat,Kabupaten Indramayu,Terisi,Jatimulya
32.12.26.2003,Jawa Barat,Kabupaten Indramayu,Terisi,Jatimunggul
32.12.26.2004,Jawa Barat,Kabupaten Indramayu,Terisi,Plosokerep
32.12.26.2005,Jawa Barat,Kabupaten Indramayu,Terisi,Rajasinga
32.12.26.2006,Jawa Barat,Kabupaten Indramayu,Terisi,Karangasem
32.12.26.2007,Jawa Barat,Kabupaten Indramayu,Terisi,Cibereng
32.12.26.2008,Jawa Barat,Kabupaten Indramayu,Terisi,Kendayakan
32.12.26.2009,Jawa Barat,Kabupaten Indramayu,Terisi,Manggungan
32.12.27.2001,Jawa Barat,Kabupaten Indramayu,Sukagumiwang,Cibeber
32.12.27.2002,Jawa Barat,Kabupaten Indramayu,Sukagumiwang,Bondan
32.12.27.2003,Jawa Barat,Kabupaten Indramayu,Sukagumiwang,Gunungsari
32.12.27.2004,Jawa Barat,Kabupaten Indramayu,Sukagumiwang,Sukagumiwang
32.12.27.2005,Jawa Barat,Kabupaten Indramayu,Sukagumiwang,Tersana
32.12.27.2006,Jawa Barat,Kabupaten Indramayu,Sukagumiwang,Cadang Pinggan
32.12.27.2007,Jawa Barat,Kabupaten Indramayu,Sukagumiwang,Gedangan
32.12.28.2001,Jawa Barat,Kabupaten Indramayu,Kedokan Bunder,Cangkingan
32.12.28.2002,Jawa Barat,Kabupaten Indramayu,Kedokan Bunder,Jayawinangun
32.12.28.2003,Jawa Barat,Kabupaten Indramayu,Kedokan Bunder,Kedokan Agung
32.12.28.2004,Jawa Barat,Kabupaten Indramayu,Kedokan Bunder,Kedokanbunder
32.12.28.2005,Jawa Barat,Kabupaten Indramayu,Kedokan Bunder,Kedokanbunder Wetan
32.12.28.2006,Jawa Barat,Kabupaten Indramayu,Kedokan Bunder,Kaplongan
32.12.28.2007,Jawa Barat,Kabupaten Indramayu,Kedokan Bunder,Jayalaksana
32.12.29.2001,Jawa Barat,Kabupaten Indramayu,Pasekan,Brondong
32.12.29.2002,Jawa Barat,Kabupaten Indramayu,Pasekan,Pabeanilir
32.12.29.2003,Jawa Barat,Kabupaten Indramayu,Pasekan,Pagirikan
32.12.29.2004,Jawa Barat,Kabupaten Indramayu,Pasekan,Pasekan
32.12.29.2005,Jawa Barat,Kabupaten Indramayu,Pasekan,Karanganyar
32.12.29.2006,Jawa Barat,Kabupaten Indramayu,Pasekan,Totoran
32.12.30.2001,Jawa Barat,Kabupaten Indramayu,Tukdana,Bodas
32.12.30.2002,Jawa Barat,Kabupaten Indramayu,Tukdana,Gadel
32.12.30.2003,Jawa Barat,Kabupaten Indramayu,Tukdana,Rancajawat
32.12.30.2004,Jawa Barat,Kabupaten Indramayu,Tukdana,Kerticala
32.12.30.2005,Jawa Barat,Kabupaten Indramayu,Tukdana,Cangko
32.12.30.2006,Jawa Barat,Kabupaten Indramayu,Tukdana,Karangkerta
32.12.30.2007,Jawa Barat,Kabupaten Indramayu,Tukdana,Sukamulya
32.12.30.2008,Jawa Barat,Kabupaten Indramayu,Tukdana,Mekarsari
32.12.30.2009,Jawa Barat,Kabupaten Indramayu,Tukdana,Lajer
32.12.30.2010,Jawa Barat,Kabupaten Indramayu,Tukdana,Tukdana
32.12.30.2011,Jawa Barat,Kabupaten Indramayu,Tukdana,Sukadana
32.12.30.2012,Jawa Barat,Kabupaten Indramayu,Tukdana,Pagedangan
32.12.30.2013,Jawa Barat,Kabupaten Indramayu,Tukdana,Sukaperna
32.12.31.2001,Jawa Barat,Kabupaten Indramayu,Patrol,Limpas
32.12.31.2002,Jawa Barat,Kabupaten Indramayu,Patrol,Mekarsari
32.12.31.2003,Jawa Barat,Kabupaten Indramayu,Patrol,Patrol Baru
32.12.31.2004,Jawa Barat,Kabupaten Indramayu,Patrol,Patrol Lor
32.12.31.2005,Jawa Barat,Kabupaten Indramayu,Patrol,Patrol
32.12.31.2006,Jawa Barat,Kabupaten Indramayu,Patrol,Bugel
32.12.31.2007,Jawa Barat,Kabupaten Indramayu,Patrol,Arjasari
32.12.31.2008,Jawa Barat,Kabupaten Indramayu,Patrol,Sukahaji
32.13.01.2003,Jawa Barat,Kabupaten Subang,Sagalaherang,Sukamandi
32.13.01.2004,Jawa Barat,Kabupaten Subang,Sagalaherang,Cicadas
32.13.01.2005,Jawa Barat,Kabupaten Subang,Sagalaherang,Sagalaherang Kidul
32.13.01.2006,Jawa Barat,Kabupaten Subang,Sagalaherang,Dayeuh Kolot
32.13.01.2009,Jawa Barat,Kabupaten Subang,Sagalaherang,Leles
32.13.01.2010,Jawa Barat,Kabupaten Subang,Sagalaherang,Curugagung
32.13.01.2011,Jawa Barat,Kabupaten Subang,Sagalaherang,Sagalaherang Kaler
32.13.02.2001,Jawa Barat,Kabupaten Subang,Cisalak,Cupunagara
32.13.02.2002,Jawa Barat,Kabupaten Subang,Cisalak,Cimanggu
32.13.02.2003,Jawa Barat,Kabupaten Subang,Cisalak,Gardusayang
32.13.02.2004,Jawa Barat,Kabupaten Subang,Cisalak,Mayang
32.13.02.2005,Jawa Barat,Kabupaten Subang,Cisalak,Sukakerti
32.13.02.2007,Jawa Barat,Kabupaten Subang,Cisalak,Darmaga
32.13.02.2008,Jawa Barat,Kabupaten Subang,Cisalak,Cisalak
32.13.02.2011,Jawa Barat,Kabupaten Subang,Cisalak,Cigadog
32.13.02.2014,Jawa Barat,Kabupaten Subang,Cisalak,Pakuhaji
32.13.03.1001,Jawa Barat,Kabupaten Subang,Subang,Parung
32.13.03.1002,Jawa Barat,Kabupaten Subang,Subang,Cigadung
32.13.03.1003,Jawa Barat,Kabupaten Subang,Subang,Pasirkareumbi
32.13.03.1004,Jawa Barat,Kabupaten Subang,Subang,Karanganyar
32.13.03.1005,Jawa Barat,Kabupaten Subang,Subang,Soklat
32.13.03.1006,Jawa Barat,Kabupaten Subang,Subang,Sukamelang
32.13.03.1007,Jawa Barat,Kabupaten Subang,Subang,Dangdeur
32.13.03.1008,Jawa Barat,Kabupaten Subang,Subang,Wanareja
32.13.04.2006,Jawa Barat,Kabupaten Subang,Kalijati,Marengmang
32.13.04.2007,Jawa Barat,Kabupaten Subang,Kalijati,Kalijati Timur
32.13.04.2008,Jawa Barat,Kabupaten Subang,Kalijati,Kaliangsana
32.13.04.2011,Jawa Barat,Kabupaten Subang,Kalijati,Kalijati Barat
32.13.04.2012,Jawa Barat,Kabupaten Subang,Kalijati,Tanggulun Timur
32.13.04.2013,Jawa Barat,Kabupaten Subang,Kalijati,Tanggulun Barat
32.13.04.2017,Jawa Barat,Kabupaten Subang,Kalijati,Caracas
32.13.04.2018,Jawa Barat,Kabupaten Subang,Kalijati,Ciruluk
32.13.04.2019,Jawa Barat,Kabupaten Subang,Kalijati,Jalupang
32.13.04.2020,Jawa Barat,Kabupaten Subang,Kalijati,Banggalamulya
32.13.05.2001,Jawa Barat,Kabupaten Subang,Pabuaran,Cihambulu
32.13.05.2002,Jawa Barat,Kabupaten Subang,Pabuaran,Siluman
32.13.05.2003,Jawa Barat,Kabupaten Subang,Pabuaran,Pringkasap
32.13.05.2004,Jawa Barat,Kabupaten Subang,Pabuaran,Pabuaran
32.13.05.2005,Jawa Barat,Kabupaten Subang,Pabuaran,Karanghegar
32.13.05.2006,Jawa Barat,Kabupaten Subang,Pabuaran,Salamjaya
32.13.05.2007,Jawa Barat,Kabupaten Subang,Pabuaran,Kadawung
32.13.05.2008,Jawa Barat,Kabupaten Subang,Pabuaran,Balebandung Jaya
32.13.06.2001,Jawa Barat,Kabupaten Subang,Purwadadi,Wanakerta
32.13.06.2002,Jawa Barat,Kabupaten Subang,Purwadadi,Pagon
32.13.06.2003,Jawa Barat,Kabupaten Subang,Purwadadi,Prapatan
32.13.06.2004,Jawa Barat,Kabupaten Subang,Purwadadi,Purwadadi
32.13.06.2005,Jawa Barat,Kabupaten Subang,Purwadadi,Belendung
32.13.06.2006,Jawa Barat,Kabupaten Subang,Purwadadi,Koranji
32.13.06.2007,Jawa Barat,Kabupaten Subang,Purwadadi,Panyingkiran
32.13.06.2008,Jawa Barat,Kabupaten Subang,Purwadadi,Pasirbungur
32.13.06.2009,Jawa Barat,Kabupaten Subang,Purwadadi,Purwadadi Barat
32.13.06.2010,Jawa Barat,Kabupaten Subang,Purwadadi,Rancamahi
32.13.07.2004,Jawa Barat,Kabupaten Subang,Pagaden,Gunungsembung
32.13.07.2005,Jawa Barat,Kabupaten Subang,Pagaden,Gembor
32.13.07.2006,Jawa Barat,Kabupaten Subang,Pagaden,Kamarung
32.13.07.2010,Jawa Barat,Kabupaten Subang,Pagaden,Gambarsari
32.13.07.2011,Jawa Barat,Kabupaten Subang,Pagaden,Pagaden
32.13.07.2012,Jawa Barat,Kabupaten Subang,Pagaden,Sukamulya
32.13.07.2013,Jawa Barat,Kabupaten Subang,Pagaden,Neglasari
32.13.07.2014,Jawa Barat,Kabupaten Subang,Pagaden,Sumbersari
32.13.07.2015,Jawa Barat,Kabupaten Subang,Pagaden,Gunungsari
32.13.07.2019,Jawa Barat,Kabupaten Subang,Pagaden,Jabong
32.13.08.2001,Jawa Barat,Kabupaten Subang,Binong,Cicadas
32.13.08.2002,Jawa Barat,Kabupaten Subang,Binong,Kihiyang
32.13.08.2003,Jawa Barat,Kabupaten Subang,Binong,Binong
32.13.08.2004,Jawa Barat,Kabupaten Subang,Binong,Kediri
32.13.08.2010,Jawa Barat,Kabupaten Subang,Binong,Citrajaya
32.13.08.2011,Jawa Barat,Kabupaten Subang,Binong,Mulyasari
32.13.08.2014,Jawa Barat,Kabupaten Subang,Binong,Karangsari
32.13.08.2016,Jawa Barat,Kabupaten Subang,Binong,Karangwangi
32.13.08.2018,Jawa Barat,Kabupaten Subang,Binong,Nanggerang
32.13.09.2001,Jawa Barat,Kabupaten Subang,Ciasem,Ciasem Girang
32.13.09.2002,Jawa Barat,Kabupaten Subang,Ciasem,Ciasem Tengah
32.13.09.2003,Jawa Barat,Kabupaten Subang,Ciasem,Dukuh
32.13.09.2004,Jawa Barat,Kabupaten Subang,Ciasem,Ciasem Hilir
32.13.09.2005,Jawa Barat,Kabupaten Subang,Ciasem,Sukahaji
32.13.09.2006,Jawa Barat,Kabupaten Subang,Ciasem,Sukamandijaya
32.13.09.2007,Jawa Barat,Kabupaten Subang,Ciasem,Ciasem Baru
32.13.09.2008,Jawa Barat,Kabupaten Subang,Ciasem,Pinangsari
32.13.09.2009,Jawa Barat,Kabupaten Subang,Ciasem,Jatibaru
32.13.10.2005,Jawa Barat,Kabupaten Subang,Pusakanagara,Pusakaratu
32.13.10.2006,Jawa Barat,Kabupaten Subang,Pusakanagara,Gempol
32.13.10.2007,Jawa Barat,Kabupaten Subang,Pusakanagara,Kalentambo
32.13.10.2008,Jawa Barat,Kabupaten Subang,Pusakanagara,Patimban
32.13.10.2012,Jawa Barat,Kabupaten Subang,Pusakanagara,Rancadaka
32.13.10.2014,Jawa Barat,Kabupaten Subang,Pusakanagara,Kotasari
32.13.10.2015,Jawa Barat,Kabupaten Subang,Pusakanagara,Mundusari
32.13.11.2002,Jawa Barat,Kabupaten Subang,Pamanukan,Rancasari
32.13.11.2003,Jawa Barat,Kabupaten Subang,Pamanukan,Rancahilir
32.13.11.2004,Jawa Barat,Kabupaten Subang,Pamanukan,Pamanukan
32.13.11.2006,Jawa Barat,Kabupaten Subang,Pamanukan,Pamanukan Hilir
32.13.11.2007,Jawa Barat,Kabupaten Subang,Pamanukan,Pamanukan Sebrang
32.13.11.2009,Jawa Barat,Kabupaten Subang,Pamanukan,Mulyasari
32.13.11.2010,Jawa Barat,Kabupaten Subang,Pamanukan,Lengkongjaya
32.13.11.2011,Jawa Barat,Kabupaten Subang,Pamanukan,Bongas
32.13.12.2007,Jawa Barat,Kabupaten Subang,Jalancagak,Curugrendeng
32.13.12.2008,Jawa Barat,Kabupaten Subang,Jalancagak,Tambakan
32.13.12.2009,Jawa Barat,Kabupaten Subang,Jalancagak,Bunihayu
32.13.12.2011,Jawa Barat,Kabupaten Subang,Jalancagak,Kumpay
32.13.12.2012,Jawa Barat,Kabupaten Subang,Jalancagak,Sarireja
32.13.12.2014,Jawa Barat,Kabupaten Subang,Jalancagak,Tambakmekar
32.13.12.2017,Jawa Barat,Kabupaten Subang,Jalancagak,Jalancagak
32.13.13.2001,Jawa Barat,Kabupaten Subang,Blanakan,Tanjungtiga
32.13.13.2002,Jawa Barat,Kabupaten Subang,Blanakan,Muara
32.13.13.2003,Jawa Barat,Kabupaten Subang,Blanakan,Blanakan
32.13.13.2004,Jawa Barat,Kabupaten Subang,Blanakan,Rawameneng
32.13.13.2005,Jawa Barat,Kabupaten Subang,Blanakan,Cilamayagirang
32.13.13.2006,Jawa Barat,Kabupaten Subang,Blanakan,Jayamukti
32.13.13.2007,Jawa Barat,Kabupaten Subang,Blanakan,Cilamayahilir
32.13.13.2008,Jawa Barat,Kabupaten Subang,Blanakan,Rawamekar
32.13.13.2009,Jawa Barat,Kabupaten Subang,Blanakan,Langensari
32.13.14.2001,Jawa Barat,Kabupaten Subang,Tanjungsiang,Buniara
32.13.14.2002,Jawa Barat,Kabupaten Subang,Tanjungsiang,Tanjungsiang
32.13.14.2003,Jawa Barat,Kabupaten Subang,Tanjungsiang,Cimeuhmal
32.13.14.2004,Jawa Barat,Kabupaten Subang,Tanjungsiang,Sirap
32.13.14.2005,Jawa Barat,Kabupaten Subang,Tanjungsiang,Kawungluwuk
32.13.14.2006,Jawa Barat,Kabupaten Subang,Tanjungsiang,Cibuluh
32.13.14.2007,Jawa Barat,Kabupaten Subang,Tanjungsiang,Sindanglaya
32.13.14.2008,Jawa Barat,Kabupaten Subang,Tanjungsiang,Rancamanggung
32.13.14.2009,Jawa Barat,Kabupaten Subang,Tanjungsiang,Cikawung
32.13.14.2010,Jawa Barat,Kabupaten Subang,Tanjungsiang,Gandasoli
32.13.15.2001,Jawa Barat,Kabupaten Subang,Compreng,Jatimulya
32.13.15.2002,Jawa Barat,Kabupaten Subang,Compreng,Sukatani
32.13.15.2003,Jawa Barat,Kabupaten Subang,Compreng,Jatireja
32.13.15.2004,Jawa Barat,Kabupaten Subang,Compreng,Compreng
32.13.15.2005,Jawa Barat,Kabupaten Subang,Compreng,Kalensari
32.13.15.2006,Jawa Barat,Kabupaten Subang,Compreng,Mekarjaya
32.13.15.2007,Jawa Barat,Kabupaten Subang,Compreng,Kiarasari
32.13.15.2008,Jawa Barat,Kabupaten Subang,Compreng,Sukadana
32.13.16.2001,Jawa Barat,Kabupaten Subang,Patokbeusi,Rancabango
32.13.16.2002,Jawa Barat,Kabupaten Subang,Patokbeusi,Tanjungrasa
32.13.16.2003,Jawa Barat,Kabupaten Subang,Patokbeusi,Ciberes
32.13.16.2004,Jawa Barat,Kabupaten Subang,Patokbeusi,Jatiragas Hilir
32.13.16.2005,Jawa Barat,Kabupaten Subang,Patokbeusi,Tambakjati
32.13.16.2006,Jawa Barat,Kabupaten Subang,Patokbeusi,Rancajaya
32.13.16.2007,Jawa Barat,Kabupaten Subang,Patokbeusi,Gempolsari
32.13.16.2008,Jawa Barat,Kabupaten Subang,Patokbeusi,Tanjungrasa Kidul
32.13.16.2009,Jawa Barat,Kabupaten Subang,Patokbeusi,Rancaasih
32.13.16.2010,Jawa Barat,Kabupaten Subang,Patokbeusi,Rancamulya
32.13.17.2001,Jawa Barat,Kabupaten Subang,Cibogo,Sumurbarang
32.13.17.2002,Jawa Barat,Kabupaten Subang,Cibogo,Cibogo
32.13.17.2003,Jawa Barat,Kabupaten Subang,Cibogo,Cinangsi
32.13.17.2004,Jawa Barat,Kabupaten Subang,Cibogo,Padaasih
32.13.17.2005,Jawa Barat,Kabupaten Subang,Cibogo,Sadawarna
32.13.17.2006,Jawa Barat,Kabupaten Subang,Cibogo,Majasari
32.13.17.2007,Jawa Barat,Kabupaten Subang,Cibogo,Cisaga
32.13.17.2008,Jawa Barat,Kabupaten Subang,Cibogo,Belendung
32.13.17.2009,Jawa Barat,Kabupaten Subang,Cibogo,Cibalandong Jaya
32.13.18.2001,Jawa Barat,Kabupaten Subang,Cipunagara,Wanasari
32.13.18.2002,Jawa Barat,Kabupaten Subang,Cipunagara,Sidamulya
32.13.18.2003,Jawa Barat,Kabupaten Subang,Cipunagara,Tanjung
32.13.18.2004,Jawa Barat,Kabupaten Subang,Cipunagara,Jati
32.13.18.2005,Jawa Barat,Kabupaten Subang,Cipunagara,Simpar
32.13.18.2006,Jawa Barat,Kabupaten Subang,Cipunagara,Parigimulya
32.13.18.2007,Jawa Barat,Kabupaten Subang,Cipunagara,Sidajaya
32.13.18.2008,Jawa Barat,Kabupaten Subang,Cipunagara,Padamulya
32.13.18.2009,Jawa Barat,Kabupaten Subang,Cipunagara,Kosambi
32.13.18.2010,Jawa Barat,Kabupaten Subang,Cipunagara,Manyingsal
32.13.19.2001,Jawa Barat,Kabupaten Subang,Cijambe,Gunungtua
32.13.19.2002,Jawa Barat,Kabupaten Subang,Cijambe,Cijambe
32.13.19.2003,Jawa Barat,Kabupaten Subang,Cijambe,Cirangkong
32.13.19.2004,Jawa Barat,Kabupaten Subang,Cijambe,Cimenteng
32.13.19.2005,Jawa Barat,Kabupaten Subang,Cijambe,Bantarsari
32.13.19.2006,Jawa Barat,Kabupaten Subang,Cijambe,Tanjungwangi
32.13.19.2007,Jawa Barat,Kabupaten Subang,Cijambe,Cikadu
32.13.19.2008,Jawa Barat,Kabupaten Subang,Cijambe,Sukahurip
32.13.20.2001,Jawa Barat,Kabupaten Subang,Cipeundeuy,Karangmukti
32.13.20.2002,Jawa Barat,Kabupaten Subang,Cipeundeuy,Cimayasari
32.13.20.2003,Jawa Barat,Kabupaten Subang,Cipeundeuy,Lengkong
32.13.20.2004,Jawa Barat,Kabupaten Subang,Cipeundeuy,Cipeundeuy
32.13.20.2005,Jawa Barat,Kabupaten Subang,Cipeundeuy,Wantilan
32.13.20.2006,Jawa Barat,Kabupaten Subang,Cipeundeuy,Kosar
32.13.20.2007,Jawa Barat,Kabupaten Subang,Cipeundeuy,Sawangan
32.13.21.2001,Jawa Barat,Kabupaten Subang,Legonkulon,Tegalurung
32.13.21.2002,Jawa Barat,Kabupaten Subang,Legonkulon,Bobos
32.13.21.2003,Jawa Barat,Kabupaten Subang,Legonkulon,Legonkulon
32.13.21.2004,Jawa Barat,Kabupaten Subang,Legonkulon,Mayangan
32.13.21.2005,Jawa Barat,Kabupaten Subang,Legonkulon,Legonwetan
32.13.21.2006,Jawa Barat,Kabupaten Subang,Legonkulon,Pangarengan
32.13.21.2007,Jawa Barat,Kabupaten Subang,Legonkulon,Karangmulya
32.13.22.2001,Jawa Barat,Kabupaten Subang,Cikaum,Kawunganten
32.13.22.2002,Jawa Barat,Kabupaten Subang,Cikaum,Sindangsari
32.13.22.2003,Jawa Barat,Kabupaten Subang,Cikaum,Cikaum Barat
32.13.22.2004,Jawa Barat,Kabupaten Subang,Cikaum,Cikaum Timur
32.13.22.2005,Jawa Barat,Kabupaten Subang,Cikaum,Tanjungsari Barat
32.13.22.2006,Jawa Barat,Kabupaten Subang,Cikaum,Mekarsari
32.13.22.2007,Jawa Barat,Kabupaten Subang,Cikaum,Tanjungsari Timur
32.13.22.2008,Jawa Barat,Kabupaten Subang,Cikaum,Gandasari
32.13.22.2009,Jawa Barat,Kabupaten Subang,Cikaum,Pasirmuncang
32.13.23.2001,Jawa Barat,Kabupaten Subang,Serangpanjang,Cijengkol
32.13.23.2002,Jawa Barat,Kabupaten Subang,Serangpanjang,Talagasari
32.13.23.2003,Jawa Barat,Kabupaten Subang,Serangpanjang,Cintamekar
32.13.23.2004,Jawa Barat,Kabupaten Subang,Serangpanjang,Ponggang
32.13.23.2005,Jawa Barat,Kabupaten Subang,Serangpanjang,Cikujang
32.13.23.2006,Jawa Barat,Kabupaten Subang,Serangpanjang,Cipancar
32.13.24.2001,Jawa Barat,Kabupaten Subang,Sukasari,Anggasari
32.13.24.2002,Jawa Barat,Kabupaten Subang,Sukasari,Batangsari
32.13.24.2003,Jawa Barat,Kabupaten Subang,Sukasari,Sukamaju
32.13.24.2004,Jawa Barat,Kabupaten Subang,Sukasari,Mandalawangi
32.13.24.2005,Jawa Barat,Kabupaten Subang,Sukasari,Curugreja
32.13.24.2006,Jawa Barat,Kabupaten Subang,Sukasari,Sukareja
32.13.24.2007,Jawa Barat,Kabupaten Subang,Sukasari,Sukasari
32.13.25.2001,Jawa Barat,Kabupaten Subang,Tambakdahan,Tanjungrasa
32.13.25.2002,Jawa Barat,Kabupaten Subang,Tambakdahan,Wanajaya
32.13.25.2003,Jawa Barat,Kabupaten Subang,Tambakdahan,Gardumukti
32.13.25.2004,Jawa Barat,Kabupaten Subang,Tambakdahan,Mariuk
32.13.25.2005,Jawa Barat,Kabupaten Subang,Tambakdahan,Kertajaya
32.13.25.2006,Jawa Barat,Kabupaten Subang,Tambakdahan,Tambakdahan
32.13.25.2007,Jawa Barat,Kabupaten Subang,Tambakdahan,Rancaudik
32.13.25.2008,Jawa Barat,Kabupaten Subang,Tambakdahan,Bojongkeding
32.13.25.2009,Jawa Barat,Kabupaten Subang,Tambakdahan,Bojonegara
32.13.26.2001,Jawa Barat,Kabupaten Subang,Kasomalang,Sindangsari
32.13.26.2002,Jawa Barat,Kabupaten Subang,Kasomalang,Pasanggrahan
32.13.26.2003,Jawa Barat,Kabupaten Subang,Kasomalang,Bojongloa
32.13.26.2004,Jawa Barat,Kabupaten Subang,Kasomalang,Sukamelang
32.13.26.2005,Jawa Barat,Kabupaten Subang,Kasomalang,Tenjolaya
32.13.26.2006,Jawa Barat,Kabupaten Subang,Kasomalang,Kasomalang Wetan
32.13.26.2007,Jawa Barat,Kabupaten Subang,Kasomalang,Kasomalang Kulon
32.13.26.2008,Jawa Barat,Kabupaten Subang,Kasomalang,Cimanglid
32.13.27.2001,Jawa Barat,Kabupaten Subang,Dawuan,Manyeti
32.13.27.2002,Jawa Barat,Kabupaten Subang,Dawuan,Rawalele
32.13.27.2003,Jawa Barat,Kabupaten Subang,Dawuan,Sukasari
32.13.27.2004,Jawa Barat,Kabupaten Subang,Dawuan,Situsari
32.13.27.2005,Jawa Barat,Kabupaten Subang,Dawuan,Dawuan Kaler
32.13.27.2006,Jawa Barat,Kabupaten Subang,Dawuan,Dawuan Kidul
32.13.27.2007,Jawa Barat,Kabupaten Subang,Dawuan,Cisampih
32.13.27.2008,Jawa Barat,Kabupaten Subang,Dawuan,Margasari
32.13.27.2009,Jawa Barat,Kabupaten Subang,Dawuan,Batusari
32.13.27.2010,Jawa Barat,Kabupaten Subang,Dawuan,Jambelaer
32.13.28.2001,Jawa Barat,Kabupaten Subang,Pagaden Barat,Mekarwangi
32.13.28.2002,Jawa Barat,Kabupaten Subang,Pagaden Barat,Bendungan
32.13.28.2003,Jawa Barat,Kabupaten Subang,Pagaden Barat,Munjul
32.13.28.2004,Jawa Barat,Kabupaten Subang,Pagaden Barat,Margahayu
32.13.28.2005,Jawa Barat,Kabupaten Subang,Pagaden Barat,Pangsor
32.13.28.2006,Jawa Barat,Kabupaten Subang,Pagaden Barat,Sumurgintung
32.13.28.2007,Jawa Barat,Kabupaten Subang,Pagaden Barat,Balingbing
32.13.28.2008,Jawa Barat,Kabupaten Subang,Pagaden Barat,Cidahu
32.13.28.2009,Jawa Barat,Kabupaten Subang,Pagaden Barat,Cidadap
32.13.29.2001,Jawa Barat,Kabupaten Subang,Ciater,Cisaat
32.13.29.2002,Jawa Barat,Kabupaten Subang,Ciater,Ciater
32.13.29.2003,Jawa Barat,Kabupaten Subang,Ciater,Nagrak
32.13.29.2004,Jawa Barat,Kabupaten Subang,Ciater,Cibeusi
32.13.29.2005,Jawa Barat,Kabupaten Subang,Ciater,Cibitung
32.13.29.2006,Jawa Barat,Kabupaten Subang,Ciater,Palasari
32.13.29.2007,Jawa Barat,Kabupaten Subang,Ciater,Sanca
32.13.30.2001,Jawa Barat,Kabupaten Subang,Pusakajaya,Kebondanas
32.13.30.2002,Jawa Barat,Kabupaten Subang,Pusakajaya,Pusakajaya
32.13.30.2003,Jawa Barat,Kabupaten Subang,Pusakajaya,Karanganyar
32.13.30.2004,Jawa Barat,Kabupaten Subang,Pusakajaya,Bojongtengah
32.13.30.2005,Jawa Barat,Kabupaten Subang,Pusakajaya,Bojongjaya
32.13.30.2006,Jawa Barat,Kabupaten Subang,Pusakajaya,Cigugur
32.13.30.2007,Jawa Barat,Kabupaten Subang,Pusakajaya,Cigugur Kaler
32.13.30.2008,Jawa Barat,Kabupaten Subang,Pusakajaya,Rangdu
32.14.01.1001,Jawa Barat,Kabupaten Purwakarta,Purwakarta,Nagri Kidul
32.14.01.1002,Jawa Barat,Kabupaten Purwakarta,Purwakarta,Nagri Kaler
32.14.01.1003,Jawa Barat,Kabupaten Purwakarta,Purwakarta,Nagri Tengah
32.14.01.1004,Jawa Barat,Kabupaten Purwakarta,Purwakarta,Sindangkasih
32.14.01.1005,Jawa Barat,Kabupaten Purwakarta,Purwakarta,Cipaisan
32.14.01.1006,Jawa Barat,Kabupaten Purwakarta,Purwakarta,Purwamekar
32.14.01.1007,Jawa Barat,Kabupaten Purwakarta,Purwakarta,Ciseureuh
32.14.01.1008,Jawa Barat,Kabupaten Purwakarta,Purwakarta,Tegalmunjul
32.14.01.1009,Jawa Barat,Kabupaten Purwakarta,Purwakarta,Munjuljaya
32.14.01.2010,Jawa Barat,Kabupaten Purwakarta,Purwakarta,Citalang
32.14.02.2001,Jawa Barat,Kabupaten Purwakarta,Campaka,Campaka
32.14.02.2002,Jawa Barat,Kabupaten Purwakarta,Campaka,Campakasari
32.14.02.2003,Jawa Barat,Kabupaten Purwakarta,Campaka,Benteng
32.14.02.2004,Jawa Barat,Kabupaten Purwakarta,Campaka,Cirende
32.14.02.2005,Jawa Barat,Kabupaten Purwakarta,Campaka,Cikumpay
32.14.02.2006,Jawa Barat,Kabupaten Purwakarta,Campaka,Cijaya
32.14.02.2007,Jawa Barat,Kabupaten Purwakarta,Campaka,Kertamukti
32.14.02.2008,Jawa Barat,Kabupaten Purwakarta,Campaka,Cimahi
32.14.02.2009,Jawa Barat,Kabupaten Purwakarta,Campaka,Cijunti
32.14.02.2010,Jawa Barat,Kabupaten Purwakarta,Campaka,Cisaat
32.14.03.2001,Jawa Barat,Kabupaten Purwakarta,Jatiluhur,Cikaobandung
32.14.03.2002,Jawa Barat,Kabupaten Purwakarta,Jatiluhur,Jatimekar
32.14.03.2003,Jawa Barat,Kabupaten Purwakarta,Jatiluhur,Jatiluhur
32.14.03.2004,Jawa Barat,Kabupaten Purwakarta,Jatiluhur,Cilegong
32.14.03.2005,Jawa Barat,Kabupaten Purwakarta,Jatiluhur,Kembangkuning
32.14.03.2006,Jawa Barat,Kabupaten Purwakarta,Jatiluhur,Cibinong
32.14.03.2007,Jawa Barat,Kabupaten Purwakarta,Jatiluhur,Bunder
32.14.03.2008,Jawa Barat,Kabupaten Purwakarta,Jatiluhur,Mekargalih
32.14.03.2009,Jawa Barat,Kabupaten Purwakarta,Jatiluhur,Cisalada
32.14.03.2010,Jawa Barat,Kabupaten Purwakarta,Jatiluhur,Parakanlima
32.14.04.2001,Jawa Barat,Kabupaten Purwakarta,Plered,Plered
32.14.04.2002,Jawa Barat,Kabupaten Purwakarta,Plered,Palinggihan
32.14.04.2003,Jawa Barat,Kabupaten Purwakarta,Plered,Cibogohilir
32.14.04.2004,Jawa Barat,Kabupaten Purwakarta,Plered,Linggarsari
32.14.04.2005,Jawa Barat,Kabupaten Purwakarta,Plered,Gandasoli
32.14.04.2006,Jawa Barat,Kabupaten Purwakarta,Plered,Citeko
32.14.04.2007,Jawa Barat,Kabupaten Purwakarta,Plered,Liunggunung
32.14.04.2008,Jawa Barat,Kabupaten Purwakarta,Plered,Rawasari
32.14.04.2009,Jawa Barat,Kabupaten Purwakarta,Plered,Anjun
32.14.04.2010,Jawa Barat,Kabupaten Purwakarta,Plered,Sindangsari
32.14.04.2011,Jawa Barat,Kabupaten Purwakarta,Plered,Babakansari
32.14.04.2012,Jawa Barat,Kabupaten Purwakarta,Plered,Gandamekar
32.14.04.2013,Jawa Barat,Kabupaten Purwakarta,Plered,Citekokaler
32.14.04.2014,Jawa Barat,Kabupaten Purwakarta,Plered,Pamoyanan
32.14.04.2015,Jawa Barat,Kabupaten Purwakarta,Plered,Sempur
32.14.04.2016,Jawa Barat,Kabupaten Purwakarta,Plered,Cibogo Girang
32.14.05.2001,Jawa Barat,Kabupaten Purwakarta,Sukatani,Sukatani
32.14.05.2002,Jawa Barat,Kabupaten Purwakarta,Sukatani,Malangnengah
32.14.05.2003,Jawa Barat,Kabupaten Purwakarta,Sukatani,Cilalawi
32.14.05.2004,Jawa Barat,Kabupaten Purwakarta,Sukatani,Sukamaju
32.14.05.2005,Jawa Barat,Kabupaten Purwakarta,Sukatani,Cipicung
32.14.05.2006,Jawa Barat,Kabupaten Purwakarta,Sukatani,Cianting Utara
32.14.05.2007,Jawa Barat,Kabupaten Purwakarta,Sukatani,Cianting
32.14.05.2008,Jawa Barat,Kabupaten Purwakarta,Sukatani,Pasirmunjul
32.14.05.2009,Jawa Barat,Kabupaten Purwakarta,Sukatani,Tajursindang
32.14.05.2010,Jawa Barat,Kabupaten Purwakarta,Sukatani,Cibodas
32.14.05.2011,Jawa Barat,Kabupaten Purwakarta,Sukatani,Cijantung
32.14.05.2012,Jawa Barat,Kabupaten Purwakarta,Sukatani,Sukajaya
32.14.05.2013,Jawa Barat,Kabupaten Purwakarta,Sukatani,Panyindangan
32.14.05.2014,Jawa Barat,Kabupaten Purwakarta,Sukatani,Sindanglaya
32.14.06.2001,Jawa Barat,Kabupaten Purwakarta,Darangdan,Darangdan
32.14.06.2002,Jawa Barat,Kabupaten Purwakarta,Darangdan,Depok
32.14.06.2003,Jawa Barat,Kabupaten Purwakarta,Darangdan,Cilingga
32.14.06.2004,Jawa Barat,Kabupaten Purwakarta,Darangdan,Nangewer
32.14.06.2005,Jawa Barat,Kabupaten Purwakarta,Darangdan,Mekarsari
32.14.06.2006,Jawa Barat,Kabupaten Purwakarta,Darangdan,Linggasari
32.14.06.2007,Jawa Barat,Kabupaten Purwakarta,Darangdan,Sawit
32.14.06.2008,Jawa Barat,Kabupaten Purwakarta,Darangdan,Linggamukti
32.14.06.2009,Jawa Barat,Kabupaten Purwakarta,Darangdan,Gununghejo
32.14.06.2010,Jawa Barat,Kabupaten Purwakarta,Darangdan,Pasirangin
32.14.06.2011,Jawa Barat,Kabupaten Purwakarta,Darangdan,Legoksari
32.14.06.2012,Jawa Barat,Kabupaten Purwakarta,Darangdan,Sirnamanah
32.14.06.2013,Jawa Barat,Kabupaten Purwakarta,Darangdan,Sadarkarya
32.14.06.2014,Jawa Barat,Kabupaten Purwakarta,Darangdan,Neglasari
32.14.06.2015,Jawa Barat,Kabupaten Purwakarta,Darangdan,Nagrak
32.14.07.2001,Jawa Barat,Kabupaten Purwakarta,Maniis,Gunungkarung
32.14.07.2002,Jawa Barat,Kabupaten Purwakarta,Maniis,Citamiang
32.14.07.2003,Jawa Barat,Kabupaten Purwakarta,Maniis,Sinargalih
32.14.07.2004,Jawa Barat,Kabupaten Purwakarta,Maniis,Tegaldatar
32.14.07.2005,Jawa Barat,Kabupaten Purwakarta,Maniis,Cijati
32.14.07.2006,Jawa Barat,Kabupaten Purwakarta,Maniis,Ciramahilir
32.14.07.2007,Jawa Barat,Kabupaten Purwakarta,Maniis,Sukamukti
32.14.07.2008,Jawa Barat,Kabupaten Purwakarta,Maniis,Pasirjambu
32.14.08.2001,Jawa Barat,Kabupaten Purwakarta,Tegalwaru,Batutumpang
32.14.08.2002,Jawa Barat,Kabupaten Purwakarta,Tegalwaru,Citalang
32.14.08.2003,Jawa Barat,Kabupaten Purwakarta,Tegalwaru,Tegalwaru
32.14.08.2004,Jawa Barat,Kabupaten Purwakarta,Tegalwaru,Tegalsari
32.14.08.2005,Jawa Barat,Kabupaten Purwakarta,Tegalwaru,Warungjeruk
32.14.08.2006,Jawa Barat,Kabupaten Purwakarta,Tegalwaru,Galumpit
32.14.08.2007,Jawa Barat,Kabupaten Purwakarta,Tegalwaru,Sukahaji
32.14.08.2008,Jawa Barat,Kabupaten Purwakarta,Tegalwaru,Karoya
32.14.08.2009,Jawa Barat,Kabupaten Purwakarta,Tegalwaru,Cadassari
32.14.08.2010,Jawa Barat,Kabupaten Purwakarta,Tegalwaru,Cadasmekar
32.14.08.2011,Jawa Barat,Kabupaten Purwakarta,Tegalwaru,Cisarua
32.14.08.2012,Jawa Barat,Kabupaten Purwakarta,Tegalwaru,Sukamulya
32.14.08.2013,Jawa Barat,Kabupaten Purwakarta,Tegalwaru,Pasanggrahan
32.14.09.2001,Jawa Barat,Kabupaten Purwakarta,Wanayasa,Wanayasa
32.14.09.2002,Jawa Barat,Kabupaten Purwakarta,Wanayasa,Sukadami
32.14.09.2003,Jawa Barat,Kabupaten Purwakarta,Wanayasa,Wanasari
32.14.09.2004,Jawa Barat,Kabupaten Purwakarta,Wanayasa,Simpang
32.14.09.2005,Jawa Barat,Kabupaten Purwakarta,Wanayasa,Nagrog
32.14.09.2006,Jawa Barat,Kabupaten Purwakarta,Wanayasa,Cibuntu
32.14.09.2007,Jawa Barat,Kabupaten Purwakarta,Wanayasa,Babakan
32.14.09.2008,Jawa Barat,Kabupaten Purwakarta,Wanayasa,Nangerang
32.14.09.2009,Jawa Barat,Kabupaten Purwakarta,Wanayasa,Ciawi
32.14.09.2010,Jawa Barat,Kabupaten Purwakarta,Wanayasa,Sumurugul
32.14.09.2011,Jawa Barat,Kabupaten Purwakarta,Wanayasa,Raharja
32.14.09.2012,Jawa Barat,Kabupaten Purwakarta,Wanayasa,Sakambang
32.14.09.2013,Jawa Barat,Kabupaten Purwakarta,Wanayasa,Taringgul Tonggoh
32.14.09.2014,Jawa Barat,Kabupaten Purwakarta,Wanayasa,Legok Huni
32.14.09.2015,Jawa Barat,Kabupaten Purwakarta,Wanayasa,Taringgul Tengah
32.14.10.2001,Jawa Barat,Kabupaten Purwakarta,Pasawahan,Pasawahananyar
32.14.10.2002,Jawa Barat,Kabupaten Purwakarta,Pasawahan,Pasawahan
32.14.10.2003,Jawa Barat,Kabupaten Purwakarta,Pasawahan,Sawahkulon
32.14.10.2004,Jawa Barat,Kabupaten Purwakarta,Pasawahan,Ciherang
32.14.10.2005,Jawa Barat,Kabupaten Purwakarta,Pasawahan,Cidahu
32.14.10.2006,Jawa Barat,Kabupaten Purwakarta,Pasawahan,Pasawahankidul
32.14.10.2007,Jawa Barat,Kabupaten Purwakarta,Pasawahan,Kertajaya
32.14.10.2008,Jawa Barat,Kabupaten Purwakarta,Pasawahan,Lebakanyar
32.14.10.2009,Jawa Barat,Kabupaten Purwakarta,Pasawahan,Selaawi
32.14.10.2010,Jawa Barat,Kabupaten Purwakarta,Pasawahan,Margasari
32.14.10.2011,Jawa Barat,Kabupaten Purwakarta,Pasawahan,Warungkadu
32.14.10.2012,Jawa Barat,Kabupaten Purwakarta,Pasawahan,Cihuni
32.14.11.2001,Jawa Barat,Kabupaten Purwakarta,Bojong,Bojong Barat
32.14.11.2002,Jawa Barat,Kabupaten Purwakarta,Bojong,Bojong Timur
32.14.11.2003,Jawa Barat,Kabupaten Purwakarta,Bojong,Cikeris
32.14.11.2004,Jawa Barat,Kabupaten Purwakarta,Bojong,Cihanjawar
32.14.11.2005,Jawa Barat,Kabupaten Purwakarta,Bojong,Cipeundeuy
32.14.11.2006,Jawa Barat,Kabupaten Purwakarta,Bojong,Cileunca
32.14.11.2007,Jawa Barat,Kabupaten Purwakarta,Bojong,Cibingbin
32.14.11.2008,Jawa Barat,Kabupaten Purwakarta,Bojong,Kertasari
32.14.11.2009,Jawa Barat,Kabupaten Purwakarta,Bojong,Pangkalan
32.14.11.2010,Jawa Barat,Kabupaten Purwakarta,Bojong,Pawenang
32.14.11.2011,Jawa Barat,Kabupaten Purwakarta,Bojong,Sukamanah
32.14.11.2012,Jawa Barat,Kabupaten Purwakarta,Bojong,Sindangpanon
32.14.11.2013,Jawa Barat,Kabupaten Purwakarta,Bojong,Sindangsari
32.14.11.2014,Jawa Barat,Kabupaten Purwakarta,Bojong,Pasanggrahan
32.14.12.2001,Jawa Barat,Kabupaten Purwakarta,Babakancikao,Cilangkap
32.14.12.2002,Jawa Barat,Kabupaten Purwakarta,Babakancikao,Cicadas
32.14.12.2003,Jawa Barat,Kabupaten Purwakarta,Babakancikao,Hegarmanah
32.14.12.2004,Jawa Barat,Kabupaten Purwakarta,Babakancikao,Babakancikao
32.14.12.2005,Jawa Barat,Kabupaten Purwakarta,Babakancikao,Kadumekar
32.14.12.2006,Jawa Barat,Kabupaten Purwakarta,Babakancikao,Maracang
32.14.12.2007,Jawa Barat,Kabupaten Purwakarta,Babakancikao,Ciwareng
32.14.12.2008,Jawa Barat,Kabupaten Purwakarta,Babakancikao,Mulyamekar
32.14.12.2009,Jawa Barat,Kabupaten Purwakarta,Babakancikao,Cigelam
32.14.13.2001,Jawa Barat,Kabupaten Purwakarta,Bungursari,Ciwangi
32.14.13.2002,Jawa Barat,Kabupaten Purwakarta,Bungursari,Cibening
32.14.13.2003,Jawa Barat,Kabupaten Purwakarta,Bungursari,Bungursari
32.14.13.2004,Jawa Barat,Kabupaten Purwakarta,Bungursari,Dangdeur
32.14.13.2005,Jawa Barat,Kabupaten Purwakarta,Bungursari,Cibungur
32.14.13.2006,Jawa Barat,Kabupaten Purwakarta,Bungursari,Wanakerta
32.14.13.2007,Jawa Barat,Kabupaten Purwakarta,Bungursari,Cinangka
32.14.13.2008,Jawa Barat,Kabupaten Purwakarta,Bungursari,Cikopo
32.14.13.2009,Jawa Barat,Kabupaten Purwakarta,Bungursari,Cibodas
32.14.13.2010,Jawa Barat,Kabupaten Purwakarta,Bungursari,Karangmukti
32.14.14.2001,Jawa Barat,Kabupaten Purwakarta,Cibatu,Cibatu
32.14.14.2002,Jawa Barat,Kabupaten Purwakarta,Cibatu,Cilandak
32.14.14.2003,Jawa Barat,Kabupaten Purwakarta,Cibatu,Karyamekar
32.14.14.2004,Jawa Barat,Kabupaten Purwakarta,Cibatu,Cipinang
32.14.14.2005,Jawa Barat,Kabupaten Purwakarta,Cibatu,Ciparungsari
32.14.14.2006,Jawa Barat,Kabupaten Purwakarta,Cibatu,Cirangkong
32.14.14.2007,Jawa Barat,Kabupaten Purwakarta,Cibatu,Cikadu
32.14.14.2008,Jawa Barat,Kabupaten Purwakarta,Cibatu,Cibukamanah
32.14.14.2009,Jawa Barat,Kabupaten Purwakarta,Cibatu,Wanawali
32.14.14.2010,Jawa Barat,Kabupaten Purwakarta,Cibatu,Cipancur
32.14.15.2001,Jawa Barat,Kabupaten Purwakarta,Sukasari,Kutamanah
32.14.15.2002,Jawa Barat,Kabupaten Purwakarta,Sukasari,Kertamanah
32.14.15.2003,Jawa Barat,Kabupaten Purwakarta,Sukasari,Ciririp
32.14.15.2004,Jawa Barat,Kabupaten Purwakarta,Sukasari,Sukasari
32.14.15.2005,Jawa Barat,Kabupaten Purwakarta,Sukasari,Parungbanteng
32.14.16.2001,Jawa Barat,Kabupaten Purwakarta,Pondoksalam,Parakansalam
32.14.16.2002,Jawa Barat,Kabupaten Purwakarta,Pondoksalam,Pondokbungur
32.14.16.2003,Jawa Barat,Kabupaten Purwakarta,Pondoksalam,Salem
32.14.16.2004,Jawa Barat,Kabupaten Purwakarta,Pondoksalam,Galudra
32.14.16.2005,Jawa Barat,Kabupaten Purwakarta,Pondoksalam,Tanjungsari
32.14.16.2006,Jawa Barat,Kabupaten Purwakarta,Pondoksalam,Salammulya
32.14.16.2007,Jawa Barat,Kabupaten Purwakarta,Pondoksalam,Salamjaya
32.14.16.2008,Jawa Barat,Kabupaten Purwakarta,Pondoksalam,Bungurjaya
32.14.16.2009,Jawa Barat,Kabupaten Purwakarta,Pondoksalam,Gurudug
32.14.16.2010,Jawa Barat,Kabupaten Purwakarta,Pondoksalam,Sukajadi
32.14.16.2011,Jawa Barat,Kabupaten Purwakarta,Pondoksalam,Situ
32.14.17.2001,Jawa Barat,Kabupaten Purwakarta,Kiarapedes,Kiarapedes
32.14.17.2002,Jawa Barat,Kabupaten Purwakarta,Kiarapedes,Ciracas
32.14.17.2003,Jawa Barat,Kabupaten Purwakarta,Kiarapedes,Parakangarokgek
32.14.17.2004,Jawa Barat,Kabupaten Purwakarta,Kiarapedes,Taringgul Landeuh
32.14.17.2005,Jawa Barat,Kabupaten Purwakarta,Kiarapedes,Mekarjaya
32.14.17.2006,Jawa Barat,Kabupaten Purwakarta,Kiarapedes,Margaluyu
32.14.17.2007,Jawa Barat,Kabupaten Purwakarta,Kiarapedes,Gardu
32.14.17.2008,Jawa Barat,Kabupaten Purwakarta,Kiarapedes,Cibeber
32.14.17.2009,Jawa Barat,Kabupaten Purwakarta,Kiarapedes,Pusakamulya
32.14.17.2010,Jawa Barat,Kabupaten Purwakarta,Kiarapedes,Sumbersari
32.15.01.1001,Jawa Barat,Kabupaten Karawang,Karawang Barat,Karawang Kulon
32.15.01.1003,Jawa Barat,Kabupaten Karawang,Karawang Barat,Adiarsa Barat
32.15.01.1005,Jawa Barat,Kabupaten Karawang,Karawang Barat,Tanjungpura
32.15.01.1006,Jawa Barat,Kabupaten Karawang,Karawang Barat,Tanjungmekar
32.15.01.1007,Jawa Barat,Kabupaten Karawang,Karawang Barat,Tunggakjati
32.15.01.1010,Jawa Barat,Kabupaten Karawang,Karawang Barat,Karangpawitan
32.15.01.1011,Jawa Barat,Kabupaten Karawang,Karawang Barat,Nagasari
32.15.01.1012,Jawa Barat,Kabupaten Karawang,Karawang Barat,Mekarjati
32.15.02.2001,Jawa Barat,Kabupaten Karawang,Pangkalan,Ciptasari
32.15.02.2002,Jawa Barat,Kabupaten Karawang,Pangkalan,Tamanmekar
32.15.02.2003,Jawa Barat,Kabupaten Karawang,Pangkalan,Tamansari
32.15.02.2004,Jawa Barat,Kabupaten Karawang,Pangkalan,Jatilaksana
32.15.02.2005,Jawa Barat,Kabupaten Karawang,Pangkalan,Cintaasih
32.15.02.2006,Jawa Barat,Kabupaten Karawang,Pangkalan,Kertasari
32.15.02.2007,Jawa Barat,Kabupaten Karawang,Pangkalan,Mulangsari
32.15.02.2008,Jawa Barat,Kabupaten Karawang,Pangkalan,Medalsari
32.15.03.2001,Jawa Barat,Kabupaten Karawang,Telukjambe Timur,Telukjambe
32.15.03.2002,Jawa Barat,Kabupaten Karawang,Telukjambe Timur,Sukaharja
32.15.03.2003,Jawa Barat,Kabupaten Karawang,Telukjambe Timur,Sirnabaya
32.15.03.2004,Jawa Barat,Kabupaten Karawang,Telukjambe Timur,Puseurjaya
32.15.03.2005,Jawa Barat,Kabupaten Karawang,Telukjambe Timur,Sukaluyu
32.15.03.2006,Jawa Barat,Kabupaten Karawang,Telukjambe Timur,Wadas
32.15.03.2011,Jawa Barat,Kabupaten Karawang,Telukjambe Timur,Purwadana
32.15.03.2012,Jawa Barat,Kabupaten Karawang,Telukjambe Timur,Sukamakmur
32.15.03.2019,Jawa Barat,Kabupaten Karawang,Telukjambe Timur,Pinayungan
32.15.04.2001,Jawa Barat,Kabupaten Karawang,Ciampel,Kutapohaci
32.15.04.2003,Jawa Barat,Kabupaten Karawang,Ciampel,Parungmulya
32.15.04.2004,Jawa Barat,Kabupaten Karawang,Ciampel,Kutamekar
32.15.04.2005,Jawa Barat,Kabupaten Karawang,Ciampel,Kutanegara
32.15.04.2006,Jawa Barat,Kabupaten Karawang,Ciampel,Mulyasari
32.15.04.2007,Jawa Barat,Kabupaten Karawang,Ciampel,Mulyasejati
32.15.04.2008,Jawa Barat,Kabupaten Karawang,Ciampel,Tegallega
32.15.05.2001,Jawa Barat,Kabupaten Karawang,Klari,Duren
32.15.05.2002,Jawa Barat,Kabupaten Karawang,Klari,Pancawati
32.15.05.2003,Jawa Barat,Kabupaten Karawang,Klari,Walahar
32.15.05.2004,Jawa Barat,Kabupaten Karawang,Klari,Kiarapayung
32.15.05.2005,Jawa Barat,Kabupaten Karawang,Klari,Sumurkondang
32.15.05.2006,Jawa Barat,Kabupaten Karawang,Klari,Cibalongsari
32.15.05.2007,Jawa Barat,Kabupaten Karawang,Klari,Klari
32.15.05.2008,Jawa Barat,Kabupaten Karawang,Klari,Belendung
32.15.05.2016,Jawa Barat,Kabupaten Karawang,Klari,Anggadita
32.15.05.2017,Jawa Barat,Kabupaten Karawang,Klari,Gintungkerta
32.15.05.2018,Jawa Barat,Kabupaten Karawang,Klari,Curug
32.15.05.2019,Jawa Barat,Kabupaten Karawang,Klari,Karanganyar
32.15.05.2020,Jawa Barat,Kabupaten Karawang,Klari,Cimahi
32.15.06.2001,Jawa Barat,Kabupaten Karawang,Rengasdengklok,Rengasdengklok Selatan
32.15.06.2002,Jawa Barat,Kabupaten Karawang,Rengasdengklok,Rengasdengklok Utara
32.15.06.2003,Jawa Barat,Kabupaten Karawang,Rengasdengklok,Kertasari
32.15.06.2004,Jawa Barat,Kabupaten Karawang,Rengasdengklok,Dewisari
32.15.06.2005,Jawa Barat,Kabupaten Karawang,Rengasdengklok,Amansari
32.15.06.2006,Jawa Barat,Kabupaten Karawang,Rengasdengklok,Karyasari
32.15.06.2007,Jawa Barat,Kabupaten Karawang,Rengasdengklok,Dukuhkarya
32.15.06.2008,Jawa Barat,Kabupaten Karawang,Rengasdengklok,Kalangsari
32.15.06.2009,Jawa Barat,Kabupaten Karawang,Rengasdengklok,Kalangsurya
32.15.07.2001,Jawa Barat,Kabupaten Karawang,Kutawaluya,Waluya
32.15.07.2002,Jawa Barat,Kabupaten Karawang,Kutawaluya,Mulyajaya
32.15.07.2003,Jawa Barat,Kabupaten Karawang,Kutawaluya,Kutakarya
32.15.07.2004,Jawa Barat,Kabupaten Karawang,Kutawaluya,Kutagandok
32.15.07.2005,Jawa Barat,Kabupaten Karawang,Kutawaluya,Kutamukti
32.15.07.2006,Jawa Barat,Kabupaten Karawang,Kutawaluya,Kutajaya
32.15.07.2007,Jawa Barat,Kabupaten Karawang,Kutawaluya,Sampalan
32.15.07.2008,Jawa Barat,Kabupaten Karawang,Kutawaluya,Sindangmulya
32.15.07.2009,Jawa Barat,Kabupaten Karawang,Kutawaluya,Sindangmukti
32.15.07.2010,Jawa Barat,Kabupaten Karawang,Kutawaluya,Kutaraja
32.15.07.2011,Jawa Barat,Kabupaten Karawang,Kutawaluya,Sindangsari
32.15.07.2012,Jawa Barat,Kabupaten Karawang,Kutawaluya,Sindangkarya
32.15.08.2001,Jawa Barat,Kabupaten Karawang,Batujaya,Batujaya
32.15.08.2002,Jawa Barat,Kabupaten Karawang,Batujaya,Telukambulu
32.15.08.2003,Jawa Barat,Kabupaten Karawang,Batujaya,Telukbango
32.15.08.2004,Jawa Barat,Kabupaten Karawang,Batujaya,Karyabhakti
32.15.08.2005,Jawa Barat,Kabupaten Karawang,Batujaya,Baturaden
32.15.08.2006,Jawa Barat,Kabupaten Karawang,Batujaya,Segaran
32.15.08.2007,Jawa Barat,Kabupaten Karawang,Batujaya,Segarjaya
32.15.08.2008,Jawa Barat,Kabupaten Karawang,Batujaya,Kutaampel
32.15.08.2009,Jawa Barat,Kabupaten Karawang,Batujaya,Karyamulya
32.15.08.2010,Jawa Barat,Kabupaten Karawang,Batujaya,Karyamakmur
32.15.09.2001,Jawa Barat,Kabupaten Karawang,Tirtajaya,Sabajaya
32.15.09.2002,Jawa Barat,Kabupaten Karawang,Tirtajaya,Pisangsambo
32.15.09.2003,Jawa Barat,Kabupaten Karawang,Tirtajaya,Gempolkarya
32.15.09.2004,Jawa Barat,Kabupaten Karawang,Tirtajaya,Medankarya
32.15.09.2005,Jawa Barat,Kabupaten Karawang,Tirtajaya,Tambaksumur
32.15.09.2006,Jawa Barat,Kabupaten Karawang,Tirtajaya,Tambaksari
32.15.09.2007,Jawa Barat,Kabupaten Karawang,Tirtajaya,Sumurlaban
32.15.09.2008,Jawa Barat,Kabupaten Karawang,Tirtajaya,Srijaya
32.15.09.2009,Jawa Barat,Kabupaten Karawang,Tirtajaya,Kutamakmur
32.15.09.2010,Jawa Barat,Kabupaten Karawang,Tirtajaya,Bolang
32.15.09.2011,Jawa Barat,Kabupaten Karawang,Tirtajaya,Srikamulyan
32.15.10.2001,Jawa Barat,Kabupaten Karawang,Pedes,Payungsari
32.15.10.2002,Jawa Barat,Kabupaten Karawang,Pedes,Karangjaya
32.15.10.2003,Jawa Barat,Kabupaten Karawang,Pedes,Kertaraharja
32.15.10.2005,Jawa Barat,Kabupaten Karawang,Pedes,Sungaibuntu
32.15.10.2006,Jawa Barat,Kabupaten Karawang,Pedes,Dongkal
32.15.10.2007,Jawa Barat,Kabupaten Karawang,Pedes,Kertamulya
32.15.10.2008,Jawa Barat,Kabupaten Karawang,Pedes,Puspasari
32.15.10.2010,Jawa Barat,Kabupaten Karawang,Pedes,Labanjaya
32.15.10.2012,Jawa Barat,Kabupaten Karawang,Pedes,Jatimulya
32.15.10.2016,Jawa Barat,Kabupaten Karawang,Pedes,Rangdumulya
32.15.10.2017,Jawa Barat,Kabupaten Karawang,Pedes,Kendaljaya
32.15.10.2018,Jawa Barat,Kabupaten Karawang,Pedes,Malangsari
32.15.11.2001,Jawa Barat,Kabupaten Karawang,Cibuaya,Pajaten
32.15.11.2002,Jawa Barat,Kabupaten Karawang,Cibuaya,Cibuaya
32.15.11.2003,Jawa Barat,Kabupaten Karawang,Cibuaya,Kertarahayu
32.15.11.2004,Jawa Barat,Kabupaten Karawang,Cibuaya,Sukasari
32.15.11.2005,Jawa Barat,Kabupaten Karawang,Cibuaya,Kedungjeruk
32.15.11.2006,Jawa Barat,Kabupaten Karawang,Cibuaya,Kalidungjaya
32.15.11.2007,Jawa Barat,Kabupaten Karawang,Cibuaya,Sedari
32.15.11.2008,Jawa Barat,Kabupaten Karawang,Cibuaya,Cemarajaya
32.15.11.2009,Jawa Barat,Kabupaten Karawang,Cibuaya,Jayamulya
32.15.11.2010,Jawa Barat,Kabupaten Karawang,Cibuaya,Kedungjaya
32.15.11.2011,Jawa Barat,Kabupaten Karawang,Cibuaya,Gebangjaya
32.15.12.2001,Jawa Barat,Kabupaten Karawang,Pakisjaya,Tanjungmekar
32.15.12.2002,Jawa Barat,Kabupaten Karawang,Pakisjaya,Telagajaya
32.15.12.2003,Jawa Barat,Kabupaten Karawang,Pakisjaya,Telukbuyung
32.15.12.2004,Jawa Barat,Kabupaten Karawang,Pakisjaya,Tanahbaru
32.15.12.2005,Jawa Barat,Kabupaten Karawang,Pakisjaya,Solokan
32.15.12.2006,Jawa Barat,Kabupaten Karawang,Pakisjaya,Tanjungbungin
32.15.12.2007,Jawa Barat,Kabupaten Karawang,Pakisjaya,Telukjaya
32.15.12.2008,Jawa Barat,Kabupaten Karawang,Pakisjaya,Tanjungpakis
32.15.13.2001,Jawa Barat,Kabupaten Karawang,Cikampek,Dawuan Timur
32.15.13.2002,Jawa Barat,Kabupaten Karawang,Cikampek,Kalihurip
32.15.13.2003,Jawa Barat,Kabupaten Karawang,Cikampek,Cikampek Kota
32.15.13.2004,Jawa Barat,Kabupaten Karawang,Cikampek,Dawuan Tengah
32.15.13.2006,Jawa Barat,Kabupaten Karawang,Cikampek,Cikampek Selatan
32.15.13.2007,Jawa Barat,Kabupaten Karawang,Cikampek,Cikampek Pusaka
32.15.13.2008,Jawa Barat,Kabupaten Karawang,Cikampek,Cikampek Barat
32.15.13.2009,Jawa Barat,Kabupaten Karawang,Cikampek,Cikampek Timur
32.15.13.2010,Jawa Barat,Kabupaten Karawang,Cikampek,Kamojing
32.15.13.2011,Jawa Barat,Kabupaten Karawang,Cikampek,Dawuan Barat
32.15.14.2001,Jawa Barat,Kabupaten Karawang,Jatisari,Mekarsari
32.15.14.2002,Jawa Barat,Kabupaten Karawang,Jatisari,Jatisari
32.15.14.2003,Jawa Barat,Kabupaten Karawang,Jatisari,Barugbug
32.15.14.2004,Jawa Barat,Kabupaten Karawang,Jatisari,Cikalongsari
32.15.14.2005,Jawa Barat,Kabupaten Karawang,Jatisari,Cirejag
32.15.14.2006,Jawa Barat,Kabupaten Karawang,Jatisari,Jatibaru
32.15.14.2007,Jawa Barat,Kabupaten Karawang,Jatisari,Jatiragas
32.15.14.2008,Jawa Barat,Kabupaten Karawang,Jatisari,Jatiwangi
32.15.14.2009,Jawa Barat,Kabupaten Karawang,Jatisari,Kalijati
32.15.14.2010,Jawa Barat,Kabupaten Karawang,Jatisari,Balonggandu
32.15.14.2011,Jawa Barat,Kabupaten Karawang,Jatisari,Pacing
32.15.14.2012,Jawa Barat,Kabupaten Karawang,Jatisari,Situdam
32.15.14.2013,Jawa Barat,Kabupaten Karawang,Jatisari,Sukamekar
32.15.14.2014,Jawa Barat,Kabupaten Karawang,Jatisari,Telarsari
32.15.15.2001,Jawa Barat,Kabupaten Karawang,Cilamaya Wetan,Mekarmaya
32.15.15.2002,Jawa Barat,Kabupaten Karawang,Cilamaya Wetan,Cilamaya
32.15.15.2003,Jawa Barat,Kabupaten Karawang,Cilamaya Wetan,Muara
32.15.15.2004,Jawa Barat,Kabupaten Karawang,Cilamaya Wetan,Muarabaru
32.15.15.2005,Jawa Barat,Kabupaten Karawang,Cilamaya Wetan,Sukatani
32.15.15.2006,Jawa Barat,Kabupaten Karawang,Cilamaya Wetan,Tegalwaru
32.15.15.2007,Jawa Barat,Kabupaten Karawang,Cilamaya Wetan,Tegalsari
32.15.15.2008,Jawa Barat,Kabupaten Karawang,Cilamaya Wetan,Cikalong
32.15.15.2009,Jawa Barat,Kabupaten Karawang,Cilamaya Wetan,Cikarang
32.15.15.2010,Jawa Barat,Kabupaten Karawang,Cilamaya Wetan,Rawagempol Wetan
32.15.15.2011,Jawa Barat,Kabupaten Karawang,Cilamaya Wetan,Rawagempol Kulon
32.15.15.2012,Jawa Barat,Kabupaten Karawang,Cilamaya Wetan,Sukakerta
32.15.16.2001,Jawa Barat,Kabupaten Karawang,Tirtamulya,Citarik
32.15.16.2002,Jawa Barat,Kabupaten Karawang,Tirtamulya,Karangsinom
32.15.16.2003,Jawa Barat,Kabupaten Karawang,Tirtamulya,Karangjaya
32.15.16.2004,Jawa Barat,Kabupaten Karawang,Tirtamulya,Parakan
32.15.16.2005,Jawa Barat,Kabupaten Karawang,Tirtamulya,Parakanmulya
32.15.16.2006,Jawa Barat,Kabupaten Karawang,Tirtamulya,Kamurang
32.15.16.2007,Jawa Barat,Kabupaten Karawang,Tirtamulya,Cipondoh
32.15.16.2008,Jawa Barat,Kabupaten Karawang,Tirtamulya,Kertawaluya
32.15.16.2009,Jawa Barat,Kabupaten Karawang,Tirtamulya,Bojongsari
32.15.16.2010,Jawa Barat,Kabupaten Karawang,Tirtamulya,Tirtasari
32.15.17.2001,Jawa Barat,Kabupaten Karawang,Telagasari,Telagamulya
32.15.17.2002,Jawa Barat,Kabupaten Karawang,Telagasari,Telagasari
32.15.17.2003,Jawa Barat,Kabupaten Karawang,Telagasari,Pasirtalaga
32.15.17.2004,Jawa Barat,Kabupaten Karawang,Telagasari,Cariumulya
32.15.17.2005,Jawa Barat,Kabupaten Karawang,Telagasari,Pasirmukti
32.15.17.2006,Jawa Barat,Kabupaten Karawang,Telagasari,Kalibuaya
32.15.17.2007,Jawa Barat,Kabupaten Karawang,Telagasari,Pasirkamuning
32.15.17.2008,Jawa Barat,Kabupaten Karawang,Telagasari,Kalijaya
32.15.17.2009,Jawa Barat,Kabupaten Karawang,Telagasari,Kalisari
32.15.17.2010,Jawa Barat,Kabupaten Karawang,Telagasari,Cadas Kertajaya
32.15.17.2011,Jawa Barat,Kabupaten Karawang,Telagasari,Cilewo
32.15.17.2012,Jawa Barat,Kabupaten Karawang,Telagasari,Ciwulan
32.15.17.2013,Jawa Barat,Kabupaten Karawang,Telagasari,Linggarsari
32.15.17.2014,Jawa Barat,Kabupaten Karawang,Telagasari,Pulosari
32.15.18.2001,Jawa Barat,Kabupaten Karawang,Rawamerta,Sukamerta
32.15.18.2002,Jawa Barat,Kabupaten Karawang,Rawamerta,Kutawargi
32.15.18.2003,Jawa Barat,Kabupaten Karawang,Rawamerta,Panyingkiran
32.15.18.2004,Jawa Barat,Kabupaten Karawang,Rawamerta,Pasirkaliki
32.15.18.2005,Jawa Barat,Kabupaten Karawang,Rawamerta,Pasirawi
32.15.18.2006,Jawa Barat,Kabupaten Karawang,Rawamerta,Balongsari
32.15.18.2007,Jawa Barat,Kabupaten Karawang,Rawamerta,Mekarjaya
32.15.18.2008,Jawa Barat,Kabupaten Karawang,Rawamerta,Sekarwangi
32.15.18.2009,Jawa Barat,Kabupaten Karawang,Rawamerta,Purwamekar
32.15.18.2010,Jawa Barat,Kabupaten Karawang,Rawamerta,Sukapura
32.15.18.2011,Jawa Barat,Kabupaten Karawang,Rawamerta,Cibadak
32.15.18.2012,Jawa Barat,Kabupaten Karawang,Rawamerta,Sukaraja
32.15.18.2014,Jawa Barat,Kabupaten Karawang,Rawamerta,Gombongsari
32.15.19.2001,Jawa Barat,Kabupaten Karawang,Lemahabang,Karyamukti
32.15.19.2002,Jawa Barat,Kabupaten Karawang,Lemahabang,Ciwaringin
32.15.19.2003,Jawa Barat,Kabupaten Karawang,Lemahabang,Waringinkarya
32.15.19.2004,Jawa Barat,Kabupaten Karawang,Lemahabang,Kedawung
32.15.19.2005,Jawa Barat,Kabupaten Karawang,Lemahabang,Karangtanjung
32.15.19.2006,Jawa Barat,Kabupaten Karawang,Lemahabang,Pasirtanjung
32.15.19.2007,Jawa Barat,Kabupaten Karawang,Lemahabang,Lemahabang
32.15.19.2008,Jawa Barat,Kabupaten Karawang,Lemahabang,Lemahmukti
32.15.19.2009,Jawa Barat,Kabupaten Karawang,Lemahabang,Pulojaya
32.15.19.2010,Jawa Barat,Kabupaten Karawang,Lemahabang,Pulokalapa
32.15.19.2011,Jawa Barat,Kabupaten Karawang,Lemahabang,Pulomulya
32.15.20.2001,Jawa Barat,Kabupaten Karawang,Tempuran,Pancakarya
32.15.20.2002,Jawa Barat,Kabupaten Karawang,Tempuran,Dayeuhluhur
32.15.20.2003,Jawa Barat,Kabupaten Karawang,Tempuran,Lemahduhur
32.15.20.2004,Jawa Barat,Kabupaten Karawang,Tempuran,Lemahkarya
32.15.20.2005,Jawa Barat,Kabupaten Karawang,Tempuran,Lemahsubur
32.15.20.2006,Jawa Barat,Kabupaten Karawang,Tempuran,Lemahmakmur
32.15.20.2008,Jawa Barat,Kabupaten Karawang,Tempuran,Purwajaya
32.15.20.2010,Jawa Barat,Kabupaten Karawang,Tempuran,Tanjungjaya
32.15.20.2011,Jawa Barat,Kabupaten Karawang,Tempuran,Sumberjaya
32.15.20.2012,Jawa Barat,Kabupaten Karawang,Tempuran,Pagadungan
32.15.20.2013,Jawa Barat,Kabupaten Karawang,Tempuran,Tempuran
32.15.20.2014,Jawa Barat,Kabupaten Karawang,Tempuran,Cikuntul
32.15.20.2016,Jawa Barat,Kabupaten Karawang,Tempuran,Jayanegara
32.15.20.2017,Jawa Barat,Kabupaten Karawang,Tempuran,Ciparagejaya
32.15.21.2001,Jawa Barat,Kabupaten Karawang,Majalaya,Majalaya
32.15.21.2002,Jawa Barat,Kabupaten Karawang,Majalaya,Ciranggon
32.15.21.2003,Jawa Barat,Kabupaten Karawang,Majalaya,Pasirjengkol
32.15.21.2005,Jawa Barat,Kabupaten Karawang,Majalaya,Sarijaya
32.15.21.2006,Jawa Barat,Kabupaten Karawang,Majalaya,Pasirmulya
32.15.21.2007,Jawa Barat,Kabupaten Karawang,Majalaya,Lemahmulya
32.15.21.2008,Jawa Barat,Kabupaten Karawang,Majalaya,Bengle
32.15.22.2001,Jawa Barat,Kabupaten Karawang,Jayakerta,Jayamakmur
32.15.22.2002,Jawa Barat,Kabupaten Karawang,Jayakerta,Kemiri
32.15.22.2003,Jawa Barat,Kabupaten Karawang,Jayakerta,Makmurjaya
32.15.22.2004,Jawa Barat,Kabupaten Karawang,Jayakerta,Kertajaya
32.15.22.2005,Jawa Barat,Kabupaten Karawang,Jayakerta,Jayakerta
32.15.22.2006,Jawa Barat,Kabupaten Karawang,Jayakerta,Medangasem
32.15.22.2007,Jawa Barat,Kabupaten Karawang,Jayakerta,Ciptamarga
32.15.22.2008,Jawa Barat,Kabupaten Karawang,Jayakerta,Kampungsawah
32.15.23.2001,Jawa Barat,Kabupaten Karawang,Cilamaya Kulon,Sukamulya
32.15.23.2002,Jawa Barat,Kabupaten Karawang,Cilamaya Kulon,Tegalurung
32.15.23.2003,Jawa Barat,Kabupaten Karawang,Cilamaya Kulon,Langensari
32.15.23.2004,Jawa Barat,Kabupaten Karawang,Cilamaya Kulon,Bayur Lor
32.15.23.2005,Jawa Barat,Kabupaten Karawang,Cilamaya Kulon,Bayur Kidul
32.15.23.2006,Jawa Barat,Kabupaten Karawang,Cilamaya Kulon,Kiara
32.15.23.2007,Jawa Barat,Kabupaten Karawang,Cilamaya Kulon,Manggungjaya
32.15.23.2008,Jawa Barat,Kabupaten Karawang,Cilamaya Kulon,Sumurgede
32.15.23.2009,Jawa Barat,Kabupaten Karawang,Cilamaya Kulon,Muktijaya
32.15.23.2010,Jawa Barat,Kabupaten Karawang,Cilamaya Kulon,Pasirukem
32.15.23.2011,Jawa Barat,Kabupaten Karawang,Cilamaya Kulon,Pasirjaya
32.15.23.2012,Jawa Barat,Kabupaten Karawang,Cilamaya Kulon,Sukajaya
32.15.24.2001,Jawa Barat,Kabupaten Karawang,Banyusari,Gembongan
32.15.24.2002,Jawa Barat,Kabupaten Karawang,Banyusari,Gempol
32.15.24.2003,Jawa Barat,Kabupaten Karawang,Banyusari,Gempol Kolot
32.15.24.2004,Jawa Barat,Kabupaten Karawang,Banyusari,Banyuasih
32.15.24.2005,Jawa Barat,Kabupaten Karawang,Banyusari,Kertaraharja
32.15.24.2006,Jawa Barat,Kabupaten Karawang,Banyusari,Tanjung
32.15.24.2007,Jawa Barat,Kabupaten Karawang,Banyusari,Jayamukti
32.15.24.2008,Jawa Barat,Kabupaten Karawang,Banyusari,Cicinde Utara
32.15.24.2009,Jawa Barat,Kabupaten Karawang,Banyusari,Cicinde Selatan
32.15.24.2010,Jawa Barat,Kabupaten Karawang,Banyusari,Mekarasih
32.15.24.2011,Jawa Barat,Kabupaten Karawang,Banyusari,Talunjaya
32.15.24.2012,Jawa Barat,Kabupaten Karawang,Banyusari,Pamekaran
32.15.25.2001,Jawa Barat,Kabupaten Karawang,Kota Baru,Wancimekar
32.15.25.2002,Jawa Barat,Kabupaten Karawang,Kota Baru,Pangulah Selatan
32.15.25.2003,Jawa Barat,Kabupaten Karawang,Kota Baru,Pangulah Utara
32.15.25.2004,Jawa Barat,Kabupaten Karawang,Kota Baru,Pangulah Baru
32.15.25.2005,Jawa Barat,Kabupaten Karawang,Kota Baru,Pucung
32.15.25.2006,Jawa Barat,Kabupaten Karawang,Kota Baru,Jomin Timur
32.15.25.2007,Jawa Barat,Kabupaten Karawang,Kota Baru,Jomin Barat
32.15.25.2008,Jawa Barat,Kabupaten Karawang,Kota Baru,Sarimulya
32.15.25.2009,Jawa Barat,Kabupaten Karawang,Kota Baru,Cikampek Utara
32.15.26.1001,Jawa Barat,Kabupaten Karawang,Karawang Timur,Karawang Wetan
32.15.26.1002,Jawa Barat,Kabupaten Karawang,Karawang Timur,Adiarsa Timur
32.15.26.1003,Jawa Barat,Kabupaten Karawang,Karawang Timur,Palumbonsari
32.15.26.1004,Jawa Barat,Kabupaten Karawang,Karawang Timur,Plawad
32.15.26.2005,Jawa Barat,Kabupaten Karawang,Karawang Timur,Margasari
32.15.26.2006,Jawa Barat,Kabupaten Karawang,Karawang Timur,Warungbambu
32.15.26.2007,Jawa Barat,Kabupaten Karawang,Karawang Timur,Kondangjaya
32.15.26.2008,Jawa Barat,Kabupaten Karawang,Karawang Timur,Tegal Sawah
32.15.27.2001,Jawa Barat,Kabupaten Karawang,Telukjambe Barat,Margakaya
32.15.27.2002,Jawa Barat,Kabupaten Karawang,Telukjambe Barat,Margamulya
32.15.27.2003,Jawa Barat,Kabupaten Karawang,Telukjambe Barat,Karangligar
32.15.27.2004,Jawa Barat,Kabupaten Karawang,Telukjambe Barat,Mekarmulya
32.15.27.2005,Jawa Barat,Kabupaten Karawang,Telukjambe Barat,Parungsari
32.15.27.2006,Jawa Barat,Kabupaten Karawang,Telukjambe Barat,Karangmulya
32.15.27.2007,Jawa Barat,Kabupaten Karawang,Telukjambe Barat,Wanasari
32.15.27.2008,Jawa Barat,Kabupaten Karawang,Telukjambe Barat,Wanakerta
32.15.27.2009,Jawa Barat,Kabupaten Karawang,Telukjambe Barat,Wanajaya
32.15.27.2010,Jawa Barat,Kabupaten Karawang,Telukjambe Barat,Mulyajaya
32.15.28.2001,Jawa Barat,Kabupaten Karawang,Tegalwaru,Cigunungsari
32.15.28.2002,Jawa Barat,Kabupaten Karawang,Tegalwaru,Wargasetra
32.15.28.2003,Jawa Barat,Kabupaten Karawang,Tegalwaru,Mekarbuana
32.15.28.2004,Jawa Barat,Kabupaten Karawang,Tegalwaru,Cintalaksana
32.15.28.2005,Jawa Barat,Kabupaten Karawang,Tegalwaru,Cintawargi
32.15.28.2006,Jawa Barat,Kabupaten Karawang,Tegalwaru,Cintalanggeng
32.15.28.2007,Jawa Barat,Kabupaten Karawang,Tegalwaru,Kutalanggeng
32.15.28.2008,Jawa Barat,Kabupaten Karawang,Tegalwaru,Kutamaneuh
32.15.28.2009,Jawa Barat,Kabupaten Karawang,Tegalwaru,Cipurwasari
32.15.29.2001,Jawa Barat,Kabupaten Karawang,Purwasari,Darawolong
32.15.29.2002,Jawa Barat,Kabupaten Karawang,Purwasari,Tegalsari
32.15.29.2003,Jawa Barat,Kabupaten Karawang,Purwasari,Purwasari
32.15.29.2004,Jawa Barat,Kabupaten Karawang,Purwasari,Mekarjaya
32.15.29.2005,Jawa Barat,Kabupaten Karawang,Purwasari,Tamelang
32.15.29.2006,Jawa Barat,Kabupaten Karawang,Purwasari,Cengkong
32.15.29.2007,Jawa Barat,Kabupaten Karawang,Purwasari,Sukasari
32.15.29.2008,Jawa Barat,Kabupaten Karawang,Purwasari,Karangsari
32.15.30.2001,Jawa Barat,Kabupaten Karawang,Cilebar,Kertamukti
32.15.30.2002,Jawa Barat,Kabupaten Karawang,Cilebar,Rawasari
32.15.30.2003,Jawa Barat,Kabupaten Karawang,Cilebar,Pusakajaya Selatan
32.15.30.2004,Jawa Barat,Kabupaten Karawang,Cilebar,Cikande
32.15.30.2005,Jawa Barat,Kabupaten Karawang,Cilebar,Kosambibatu
32.15.30.2006,Jawa Barat,Kabupaten Karawang,Cilebar,Pusakajaya Utara
32.15.30.2007,Jawa Barat,Kabupaten Karawang,Cilebar,Sukaratu
32.15.30.2008,Jawa Barat,Kabupaten Karawang,Cilebar,Ciptamargi
32.15.30.2009,Jawa Barat,Kabupaten Karawang,Cilebar,Mekarpohaci
32.15.30.2010,Jawa Barat,Kabupaten Karawang,Cilebar,Tanjungsari
32.16.01.1007,Jawa Barat,Kabupaten Bekasi,Tarumajaya,Setia Asih
32.16.01.2001,Jawa Barat,Kabupaten Bekasi,Tarumajaya,Sagara Makmur
32.16.01.2002,Jawa Barat,Kabupaten Bekasi,Tarumajaya,Segarajaya
32.16.01.2003,Jawa Barat,Kabupaten Bekasi,Tarumajaya,Pusaka Rakyat
32.16.01.2004,Jawa Barat,Kabupaten Bekasi,Tarumajaya,Pahlawan Setia
32.16.01.2005,Jawa Barat,Kabupaten Bekasi,Tarumajaya,Setia Mulya
32.16.01.2006,Jawa Barat,Kabupaten Bekasi,Tarumajaya,Samudra Jaya
32.16.01.2008,Jawa Barat,Kabupaten Bekasi,Tarumajaya,Pantai Makmur
32.16.02.1006,Jawa Barat,Kabupaten Bekasi,Babelan,Bahagia
32.16.02.1007,Jawa Barat,Kabupaten Bekasi,Babelan,Kebalen
32.16.02.2001,Jawa Barat,Kabupaten Bekasi,Babelan,Bunibakti
32.16.02.2002,Jawa Barat,Kabupaten Bekasi,Babelan,Muarabakti
32.16.02.2003,Jawa Barat,Kabupaten Bekasi,Babelan,Kedung Pengawas
32.16.02.2004,Jawa Barat,Kabupaten Bekasi,Babelan,Hurip Jaya
32.16.02.2005,Jawa Barat,Kabupaten Bekasi,Babelan,Pantaihurip
32.16.02.2008,Jawa Barat,Kabupaten Bekasi,Babelan,Babelankota
32.16.02.2009,Jawa Barat,Kabupaten Bekasi,Babelan,Kedungjaya
32.16.03.2001,Jawa Barat,Kabupaten Bekasi,Sukawangi,Sukaringin
32.16.03.2002,Jawa Barat,Kabupaten Bekasi,Sukawangi,Sukabudi
32.16.03.2003,Jawa Barat,Kabupaten Bekasi,Sukawangi,Sukadaya
32.16.03.2004,Jawa Barat,Kabupaten Bekasi,Sukawangi,Sukawangi
32.16.03.2005,Jawa Barat,Kabupaten Bekasi,Sukawangi,Sukakerta
32.16.03.2006,Jawa Barat,Kabupaten Bekasi,Sukawangi,Sukatenang
32.16.03.2007,Jawa Barat,Kabupaten Bekasi,Sukawangi,Sukamekar
32.16.04.2001,Jawa Barat,Kabupaten Bekasi,Tambelang,Sukawijaya
32.16.04.2002,Jawa Barat,Kabupaten Bekasi,Tambelang,Sukamaju
32.16.04.2003,Jawa Barat,Kabupaten Bekasi,Tambelang,Sukaraja
32.16.04.2004,Jawa Barat,Kabupaten Bekasi,Tambelang,Sukarapih
32.16.04.2005,Jawa Barat,Kabupaten Bekasi,Tambelang,Sukarahayu
32.16.04.2006,Jawa Barat,Kabupaten Bekasi,Tambelang,Sukamantri
32.16.04.2007,Jawa Barat,Kabupaten Bekasi,Tambelang,Sukabakti
32.16.05.2001,Jawa Barat,Kabupaten Bekasi,Tambun Utara,Satriajaya
32.16.05.2002,Jawa Barat,Kabupaten Bekasi,Tambun Utara,Jejalenjaya
32.16.05.2003,Jawa Barat,Kabupaten Bekasi,Tambun Utara,Satriamekar
32.16.05.2004,Jawa Barat,Kabupaten Bekasi,Tambun Utara,Sriamur
32.16.05.2005,Jawa Barat,Kabupaten Bekasi,Tambun Utara,Srimukti
32.16.05.2006,Jawa Barat,Kabupaten Bekasi,Tambun Utara,Srijaya
32.16.05.2007,Jawa Barat,Kabupaten Bekasi,Tambun Utara,Srimahi
32.16.05.2008,Jawa Barat,Kabupaten Bekasi,Tambun Utara,Karangsatria
32.16.06.1001,Jawa Barat,Kabupaten Bekasi,Tambun Selatan,Jatimulya
32.16.06.2002,Jawa Barat,Kabupaten Bekasi,Tambun Selatan,Lambangsari
32.16.06.2003,Jawa Barat,Kabupaten Bekasi,Tambun Selatan,Lambangjaya
32.16.06.2004,Jawa Barat,Kabupaten Bekasi,Tambun Selatan,Tambun
32.16.06.2005,Jawa Barat,Kabupaten Bekasi,Tambun Selatan,Setiadarma
32.16.06.2006,Jawa Barat,Kabupaten Bekasi,Tambun Selatan,Setiamekar
32.16.06.2007,Jawa Barat,Kabupaten Bekasi,Tambun Selatan,Mekarsari
32.16.06.2008,Jawa Barat,Kabupaten Bekasi,Tambun Selatan,Tridaya Sakti
32.16.06.2009,Jawa Barat,Kabupaten Bekasi,Tambun Selatan,Mangunjaya
32.16.06.2010,Jawa Barat,Kabupaten Bekasi,Tambun Selatan,Sumberjaya
32.16.07.1001,Jawa Barat,Kabupaten Bekasi,Cibitung,Wanasari
32.16.07.2002,Jawa Barat,Kabupaten Bekasi,Cibitung,Wanajaya
32.16.07.2003,Jawa Barat,Kabupaten Bekasi,Cibitung,Kertamukti
32.16.07.2004,Jawa Barat,Kabupaten Bekasi,Cibitung,Muktiwari
32.16.07.2005,Jawa Barat,Kabupaten Bekasi,Cibitung,Sarimukti
32.16.07.2006,Jawa Barat,Kabupaten Bekasi,Cibitung,Sukajaya
32.16.07.2007,Jawa Barat,Kabupaten Bekasi,Cibitung,Cibuntu
32.16.08.1008,Jawa Barat,Kabupaten Bekasi,Cikarang Barat,Telaga Asih
32.16.08.2001,Jawa Barat,Kabupaten Bekasi,Cikarang Barat,Telagamurni
32.16.08.2002,Jawa Barat,Kabupaten Bekasi,Cikarang Barat,Mekarwangi
32.16.08.2003,Jawa Barat,Kabupaten Bekasi,Cikarang Barat,Jatiwangi
32.16.08.2004,Jawa Barat,Kabupaten Bekasi,Cikarang Barat,Danau Indah
32.16.08.2005,Jawa Barat,Kabupaten Bekasi,Cikarang Barat,Gandamekar
32.16.08.2006,Jawa Barat,Kabupaten Bekasi,Cikarang Barat,Gandasari
32.16.08.2007,Jawa Barat,Kabupaten Bekasi,Cikarang Barat,Sukadanau
32.16.08.2009,Jawa Barat,Kabupaten Bekasi,Cikarang Barat,Kalijaya
32.16.08.2010,Jawa Barat,Kabupaten Bekasi,Cikarang Barat,Telajung
32.16.08.2011,Jawa Barat,Kabupaten Bekasi,Cikarang Barat,Cikedokan
32.16.09.2001,Jawa Barat,Kabupaten Bekasi,Cikarang Utara,Cikarangkota
32.16.09.2002,Jawa Barat,Kabupaten Bekasi,Cikarang Utara,Karangbaru
32.16.09.2003,Jawa Barat,Kabupaten Bekasi,Cikarang Utara,Karangasih
32.16.09.2004,Jawa Barat,Kabupaten Bekasi,Cikarang Utara,Waluya
32.16.09.2005,Jawa Barat,Kabupaten Bekasi,Cikarang Utara,Karangraharja
32.16.09.2006,Jawa Barat,Kabupaten Bekasi,Cikarang Utara,Pasirgombong
32.16.09.2007,Jawa Barat,Kabupaten Bekasi,Cikarang Utara,Simpangan
32.16.09.2008,Jawa Barat,Kabupaten Bekasi,Cikarang Utara,Tanjungsari
32.16.09.2009,Jawa Barat,Kabupaten Bekasi,Cikarang Utara,Harjamekar
32.16.09.2010,Jawa Barat,Kabupaten Bekasi,Cikarang Utara,Mekarmukti
32.16.09.2011,Jawa Barat,Kabupaten Bekasi,Cikarang Utara,Wangunharja
32.16.10.2001,Jawa Barat,Kabupaten Bekasi,Karang Bahagia,Sukaraya
32.16.10.2002,Jawa Barat,Kabupaten Bekasi,Karang Bahagia,Karangrahayu
32.16.10.2003,Jawa Barat,Kabupaten Bekasi,Karang Bahagia,Karangsetia
32.16.10.2004,Jawa Barat,Kabupaten Bekasi,Karang Bahagia,Karanganyar
32.16.10.2005,Jawa Barat,Kabupaten Bekasi,Karang Bahagia,Karangbahagia
32.16.10.2006,Jawa Barat,Kabupaten Bekasi,Karang Bahagia,Karangsentosa
32.16.10.2007,Jawa Barat,Kabupaten Bekasi,Karang Bahagia,Karangsatu
32.16.10.2008,Jawa Barat,Kabupaten Bekasi,Karang Bahagia,Karangmukti
32.16.11.1007,Jawa Barat,Kabupaten Bekasi,Cikarang Timur,Sertajaya
32.16.11.2001,Jawa Barat,Kabupaten Bekasi,Cikarang Timur,Tanjungbaru
32.16.11.2002,Jawa Barat,Kabupaten Bekasi,Cikarang Timur,Cipayung
32.16.11.2003,Jawa Barat,Kabupaten Bekasi,Cikarang Timur,Hegarmanah
32.16.11.2004,Jawa Barat,Kabupaten Bekasi,Cikarang Timur,Jatireja
32.16.11.2005,Jawa Barat,Kabupaten Bekasi,Cikarang Timur,Jatibaru
32.16.11.2006,Jawa Barat,Kabupaten Bekasi,Cikarang Timur,Labansari
32.16.11.2008,Jawa Barat,Kabupaten Bekasi,Cikarang Timur,Karangsari
32.16.12.2001,Jawa Barat,Kabupaten Bekasi,Kedung Waringin,Karangsambung
32.16.12.2002,Jawa Barat,Kabupaten Bekasi,Kedung Waringin,Waringinjaya
32.16.12.2003,Jawa Barat,Kabupaten Bekasi,Kedung Waringin,Karangmekar
32.16.12.2004,Jawa Barat,Kabupaten Bekasi,Kedung Waringin,Mekarjaya
32.16.12.2005,Jawa Barat,Kabupaten Bekasi,Kedung Waringin,Karangharum
32.16.12.2006,Jawa Barat,Kabupaten Bekasi,Kedung Waringin,Bojongsari
32.16.12.2007,Jawa Barat,Kabupaten Bekasi,Kedung Waringin,Kedungwaringin
32.16.13.1011,Jawa Barat,Kabupaten Bekasi,Pebayuran,Kertasari
32.16.13.2001,Jawa Barat,Kabupaten Bekasi,Pebayuran,Karangharja
32.16.13.2002,Jawa Barat,Kabupaten Bekasi,Pebayuran,Karangsegar
32.16.13.2003,Jawa Barat,Kabupaten Bekasi,Pebayuran,Sumberurip
32.16.13.2004,Jawa Barat,Kabupaten Bekasi,Pebayuran,Sumbereja
32.16.13.2005,Jawa Barat,Kabupaten Bekasi,Pebayuran,Karangreja
32.16.13.2006,Jawa Barat,Kabupaten Bekasi,Pebayuran,Karangjaya
32.16.13.2007,Jawa Barat,Kabupaten Bekasi,Pebayuran,Sumbersari
32.16.13.2008,Jawa Barat,Kabupaten Bekasi,Pebayuran,Karangpatri
32.16.13.2009,Jawa Barat,Kabupaten Bekasi,Pebayuran,Karanghaur
32.16.13.2010,Jawa Barat,Kabupaten Bekasi,Pebayuran,Kertajaya
32.16.13.2012,Jawa Barat,Kabupaten Bekasi,Pebayuran,Bantarsari
32.16.13.2013,Jawa Barat,Kabupaten Bekasi,Pebayuran,Bantarjaya
32.16.14.2001,Jawa Barat,Kabupaten Bekasi,Sukakarya,Sukamurni
32.16.14.2002,Jawa Barat,Kabupaten Bekasi,Sukakarya,Sukaindah
32.16.14.2003,Jawa Barat,Kabupaten Bekasi,Sukakarya,Sukakarya
32.16.14.2004,Jawa Barat,Kabupaten Bekasi,Sukakarya,Sukalaksana
32.16.14.2005,Jawa Barat,Kabupaten Bekasi,Sukakarya,Sukajadi
32.16.14.2006,Jawa Barat,Kabupaten Bekasi,Sukakarya,Sukakarsa
32.16.14.2007,Jawa Barat,Kabupaten Bekasi,Sukakarya,Sukamakmur
32.16.15.2001,Jawa Barat,Kabupaten Bekasi,Sukatani,Sukamulya
32.16.15.2002,Jawa Barat,Kabupaten Bekasi,Sukatani,Sukamanah
32.16.15.2003,Jawa Barat,Kabupaten Bekasi,Sukatani,Sukahurip
32.16.15.2004,Jawa Barat,Kabupaten Bekasi,Sukatani,Sukaasih
32.16.15.2005,Jawa Barat,Kabupaten Bekasi,Sukatani,Sukarukun
32.16.15.2006,Jawa Barat,Kabupaten Bekasi,Sukatani,Banjarsari
32.16.15.2007,Jawa Barat,Kabupaten Bekasi,Sukatani,Sukadarma
32.16.16.2001,Jawa Barat,Kabupaten Bekasi,Cabangbungin,Jayabakti
32.16.16.2002,Jawa Barat,Kabupaten Bekasi,Cabangbungin,Jayalaksana
32.16.16.2003,Jawa Barat,Kabupaten Bekasi,Cabangbungin,Sindangsari
32.16.16.2004,Jawa Barat,Kabupaten Bekasi,Cabangbungin,Sindangjaya
32.16.16.2005,Jawa Barat,Kabupaten Bekasi,Cabangbungin,Setialaksana
32.16.16.2006,Jawa Barat,Kabupaten Bekasi,Cabangbungin,Setiajaya
32.16.16.2007,Jawa Barat,Kabupaten Bekasi,Cabangbungin,Lenggahjaya
32.16.16.2008,Jawa Barat,Kabupaten Bekasi,Cabangbungin,Lenggahsari
32.16.17.2001,Jawa Barat,Kabupaten Bekasi,Muaragembong,Pantai Mekar
32.16.17.2002,Jawa Barat,Kabupaten Bekasi,Muaragembong,Pantai Bahagia
32.16.17.2003,Jawa Barat,Kabupaten Bekasi,Muaragembong,Pantai Bakti
32.16.17.2004,Jawa Barat,Kabupaten Bekasi,Muaragembong,Pantai Harapanjaya
32.16.17.2005,Jawa Barat,Kabupaten Bekasi,Muaragembong,Pantai Sederhana
32.16.17.2006,Jawa Barat,Kabupaten Bekasi,Muaragembong,Jayasakti
32.16.18.2001,Jawa Barat,Kabupaten Bekasi,Setu,Cijengkol
32.16.18.2002,Jawa Barat,Kabupaten Bekasi,Setu,Lubangbuaya
32.16.18.2003,Jawa Barat,Kabupaten Bekasi,Setu,Burangkeng
32.16.18.2004,Jawa Barat,Kabupaten Bekasi,Setu,Ciledug
32.16.18.2005,Jawa Barat,Kabupaten Bekasi,Setu,Cibening
32.16.18.2006,Jawa Barat,Kabupaten Bekasi,Setu,Taman Sari
32.16.18.2007,Jawa Barat,Kabupaten Bekasi,Setu,Taman Rahayu
32.16.18.2008,Jawa Barat,Kabupaten Bekasi,Setu,Cikarageman
32.16.18.2009,Jawa Barat,Kabupaten Bekasi,Setu,Ragemanunggal
32.16.18.2010,Jawa Barat,Kabupaten Bekasi,Setu,Muktijaya
32.16.18.2011,Jawa Barat,Kabupaten Bekasi,Setu,Kertarahayu
32.16.19.2001,Jawa Barat,Kabupaten Bekasi,Cikarang Selatan,Cibatu
32.16.19.2002,Jawa Barat,Kabupaten Bekasi,Cikarang Selatan,Sukasejati
32.16.19.2003,Jawa Barat,Kabupaten Bekasi,Cikarang Selatan,Ciantra
32.16.19.2004,Jawa Barat,Kabupaten Bekasi,Cikarang Selatan,Sukadami
32.16.19.2005,Jawa Barat,Kabupaten Bekasi,Cikarang Selatan,Sukaresmi
32.16.19.2006,Jawa Barat,Kabupaten Bekasi,Cikarang Selatan,Serang
32.16.19.2007,Jawa Barat,Kabupaten Bekasi,Cikarang Selatan,Pasirsari
32.16.20.2001,Jawa Barat,Kabupaten Bekasi,Cikarang Pusat,Cicau
32.16.20.2002,Jawa Barat,Kabupaten Bekasi,Cikarang Pusat,Sukamahi
32.16.20.2003,Jawa Barat,Kabupaten Bekasi,Cikarang Pusat,Pasiranji
32.16.20.2004,Jawa Barat,Kabupaten Bekasi,Cikarang Pusat,Hegarmukti
32.16.20.2005,Jawa Barat,Kabupaten Bekasi,Cikarang Pusat,Jayamukti
32.16.20.2006,Jawa Barat,Kabupaten Bekasi,Cikarang Pusat,Pasirtanjung
32.16.21.2001,Jawa Barat,Kabupaten Bekasi,Serang Baru,Sukaragam
32.16.21.2002,Jawa Barat,Kabupaten Bekasi,Serang Baru,Sirnajaya
32.16.21.2003,Jawa Barat,Kabupaten Bekasi,Serang Baru,Sukasari
32.16.21.2004,Jawa Barat,Kabupaten Bekasi,Serang Baru,Jayamulya
32.16.21.2005,Jawa Barat,Kabupaten Bekasi,Serang Baru,Nagacipta
32.16.21.2006,Jawa Barat,Kabupaten Bekasi,Serang Baru,Nagasari
32.16.21.2007,Jawa Barat,Kabupaten Bekasi,Serang Baru,Cilangkara
32.16.21.2008,Jawa Barat,Kabupaten Bekasi,Serang Baru,Jayasampurna
32.16.22.2001,Jawa Barat,Kabupaten Bekasi,Cibarusah,Sirnajati
32.16.22.2002,Jawa Barat,Kabupaten Bekasi,Cibarusah,Ridogalih
32.16.22.2003,Jawa Barat,Kabupaten Bekasi,Cibarusah,Ridomanah
32.16.22.2004,Jawa Barat,Kabupaten Bekasi,Cibarusah,Wibawamulya
32.16.22.2005,Jawa Barat,Kabupaten Bekasi,Cibarusah,Cibarusah Kota
32.16.22.2006,Jawa Barat,Kabupaten Bekasi,Cibarusah,Cibarusah Jaya
32.16.22.2007,Jawa Barat,Kabupaten Bekasi,Cibarusah,Sindangmulya
32.16.23.2001,Jawa Barat,Kabupaten Bekasi,Bojongmangu,Karangmulya
32.16.23.2002,Jawa Barat,Kabupaten Bekasi,Bojongmangu,Karangindah
32.16.23.2003,Jawa Barat,Kabupaten Bekasi,Bojongmangu,Bojongmangu
32.16.23.2004,Jawa Barat,Kabupaten Bekasi,Bojongmangu,Sukabungah
32.16.23.2005,Jawa Barat,Kabupaten Bekasi,Bojongmangu,Sukamukti
32.16.23.2006,Jawa Barat,Kabupaten Bekasi,Bojongmangu,Medalkrisna
32.17.01.2001,Jawa Barat,Kabupaten Bandung Barat,Lembang,Pagerwangi
32.17.01.2002,Jawa Barat,Kabupaten Bandung Barat,Lembang,Kayuambon
32.17.01.2003,Jawa Barat,Kabupaten Bandung Barat,Lembang,Lembang
32.17.01.2004,Jawa Barat,Kabupaten Bandung Barat,Lembang,Cikidang
32.17.01.2005,Jawa Barat,Kabupaten Bandung Barat,Lembang,Cikahuripan
32.17.01.2006,Jawa Barat,Kabupaten Bandung Barat,Lembang,Cikole
32.17.01.2007,Jawa Barat,Kabupaten Bandung Barat,Lembang,Gudangkahuripan
32.17.01.2008,Jawa Barat,Kabupaten Bandung Barat,Lembang,Jayagiri
32.17.01.2009,Jawa Barat,Kabupaten Bandung Barat,Lembang,Cibodas
32.17.01.2010,Jawa Barat,Kabupaten Bandung Barat,Lembang,Langensari
32.17.01.2011,Jawa Barat,Kabupaten Bandung Barat,Lembang,Mekarwangi
32.17.01.2012,Jawa Barat,Kabupaten Bandung Barat,Lembang,Cibogo
32.17.01.2013,Jawa Barat,Kabupaten Bandung Barat,Lembang,Sukajaya
32.17.01.2014,Jawa Barat,Kabupaten Bandung Barat,Lembang,Suntenjaya
32.17.01.2015,Jawa Barat,Kabupaten Bandung Barat,Lembang,Wangunharja
32.17.01.2016,Jawa Barat,Kabupaten Bandung Barat,Lembang,Wangunsari
32.17.02.2001,Jawa Barat,Kabupaten Bandung Barat,Parongpong,Karyawangi
32.17.02.2002,Jawa Barat,Kabupaten Bandung Barat,Parongpong,Cihanjuang
32.17.02.2003,Jawa Barat,Kabupaten Bandung Barat,Parongpong,Cihanjuangrahayu
32.17.02.2004,Jawa Barat,Kabupaten Bandung Barat,Parongpong,Cihideung
32.17.02.2005,Jawa Barat,Kabupaten Bandung Barat,Parongpong,Ciwaruga
32.17.02.2006,Jawa Barat,Kabupaten Bandung Barat,Parongpong,Cigugurgirang
32.17.02.2007,Jawa Barat,Kabupaten Bandung Barat,Parongpong,Sariwangi
32.17.03.2001,Jawa Barat,Kabupaten Bandung Barat,Cisarua,Jambudipa
32.17.03.2002,Jawa Barat,Kabupaten Bandung Barat,Cisarua,Padaasih
32.17.03.2003,Jawa Barat,Kabupaten Bandung Barat,Cisarua,Pasirhalang
32.17.03.2004,Jawa Barat,Kabupaten Bandung Barat,Cisarua,Pasirlangu
32.17.03.2005,Jawa Barat,Kabupaten Bandung Barat,Cisarua,Cipada
32.17.03.2006,Jawa Barat,Kabupaten Bandung Barat,Cisarua,Kertawangi
32.17.03.2007,Jawa Barat,Kabupaten Bandung Barat,Cisarua,Tugumukti
32.17.03.2008,Jawa Barat,Kabupaten Bandung Barat,Cisarua,Sadangmekar
32.17.04.2001,Jawa Barat,Kabupaten Bandung Barat,Cikalongwetan,Ciptagumati
32.17.04.2002,Jawa Barat,Kabupaten Bandung Barat,Cikalongwetan,Cikalong
32.17.04.2003,Jawa Barat,Kabupaten Bandung Barat,Cikalongwetan,Cipada
32.17.04.2004,Jawa Barat,Kabupaten Bandung Barat,Cikalongwetan,Cisomangbarat
32.17.04.2005,Jawa Barat,Kabupaten Bandung Barat,Cikalongwetan,Ganjarsari
32.17.04.2006,Jawa Barat,Kabupaten Bandung Barat,Cikalongwetan,Kanangasari
32.17.04.2007,Jawa Barat,Kabupaten Bandung Barat,Cikalongwetan,Mandalasari
32.17.04.2008,Jawa Barat,Kabupaten Bandung Barat,Cikalongwetan,Mandalamukti
32.17.04.2009,Jawa Barat,Kabupaten Bandung Barat,Cikalongwetan,Mekarjaya
32.17.04.2010,Jawa Barat,Kabupaten Bandung Barat,Cikalongwetan,Puteran
32.17.04.2011,Jawa Barat,Kabupaten Bandung Barat,Cikalongwetan,Rende
32.17.04.2012,Jawa Barat,Kabupaten Bandung Barat,Cikalongwetan,Tenjolaut
32.17.04.2013,Jawa Barat,Kabupaten Bandung Barat,Cikalongwetan,Wangunjaya
32.17.05.2001,Jawa Barat,Kabupaten Bandung Barat,Cipeundeuy,Cipeundeuy
32.17.05.2002,Jawa Barat,Kabupaten Bandung Barat,Cipeundeuy,Ciharashas
32.17.05.2003,Jawa Barat,Kabupaten Bandung Barat,Cipeundeuy,Bojongmekar
32.17.05.2004,Jawa Barat,Kabupaten Bandung Barat,Cipeundeuy,Ciroyom
32.17.05.2005,Jawa Barat,Kabupaten Bandung Barat,Cipeundeuy,Jatimekar
32.17.05.2006,Jawa Barat,Kabupaten Bandung Barat,Cipeundeuy,Margalaksana
32.17.05.2007,Jawa Barat,Kabupaten Bandung Barat,Cipeundeuy,Margaluyu
32.17.05.2008,Jawa Barat,Kabupaten Bandung Barat,Cipeundeuy,Nanggeleng
32.17.05.2009,Jawa Barat,Kabupaten Bandung Barat,Cipeundeuy,Nyenang
32.17.05.2010,Jawa Barat,Kabupaten Bandung Barat,Cipeundeuy,Sirnaraja
32.17.05.2011,Jawa Barat,Kabupaten Bandung Barat,Cipeundeuy,Sirnagalih
32.17.05.2012,Jawa Barat,Kabupaten Bandung Barat,Cipeundeuy,Sukahaji
32.17.06.2001,Jawa Barat,Kabupaten Bandung Barat,Ngamprah,Ngamprah
32.17.06.2002,Jawa Barat,Kabupaten Bandung Barat,Ngamprah,Cimareme
32.17.06.2003,Jawa Barat,Kabupaten Bandung Barat,Ngamprah,Cilame
32.17.06.2004,Jawa Barat,Kabupaten Bandung Barat,Ngamprah,Tanimulya
32.17.06.2005,Jawa Barat,Kabupaten Bandung Barat,Ngamprah,Cimanggu
32.17.06.2006,Jawa Barat,Kabupaten Bandung Barat,Ngamprah,Bojongkoneng
32.17.06.2007,Jawa Barat,Kabupaten Bandung Barat,Ngamprah,Margajaya
32.17.06.2008,Jawa Barat,Kabupaten Bandung Barat,Ngamprah,Mekarsari
32.17.06.2009,Jawa Barat,Kabupaten Bandung Barat,Ngamprah,Gadobangkong
32.17.06.2010,Jawa Barat,Kabupaten Bandung Barat,Ngamprah,Sukatani
32.17.06.2011,Jawa Barat,Kabupaten Bandung Barat,Ngamprah,Pakuhaji
32.17.07.2001,Jawa Barat,Kabupaten Bandung Barat,Cipatat,Ciptaharja
32.17.07.2002,Jawa Barat,Kabupaten Bandung Barat,Cipatat,Cipatat
32.17.07.2003,Jawa Barat,Kabupaten Bandung Barat,Cipatat,Citatah
32.17.07.2004,Jawa Barat,Kabupaten Bandung Barat,Cipatat,Rajamandalakulon
32.17.07.2005,Jawa Barat,Kabupaten Bandung Barat,Cipatat,Mandalawangi
32.17.07.2006,Jawa Barat,Kabupaten Bandung Barat,Cipatat,Kertamukti
32.17.07.2007,Jawa Barat,Kabupaten Bandung Barat,Cipatat,Nyalindung
32.17.07.2008,Jawa Barat,Kabupaten Bandung Barat,Cipatat,Gunungmasigit
32.17.07.2009,Jawa Barat,Kabupaten Bandung Barat,Cipatat,Cirawamekar
32.17.07.2010,Jawa Barat,Kabupaten Bandung Barat,Cipatat,Mandalasari
32.17.07.2011,Jawa Barat,Kabupaten Bandung Barat,Cipatat,Sumurbandung
32.17.07.2012,Jawa Barat,Kabupaten Bandung Barat,Cipatat,Sarimukti
32.17.08.2001,Jawa Barat,Kabupaten Bandung Barat,Padalarang,Kertamulya
32.17.08.2002,Jawa Barat,Kabupaten Bandung Barat,Padalarang,Padalarang
32.17.08.2003,Jawa Barat,Kabupaten Bandung Barat,Padalarang,Cimerang
32.17.08.2004,Jawa Barat,Kabupaten Bandung Barat,Padalarang,Campaka Mekar
32.17.08.2005,Jawa Barat,Kabupaten Bandung Barat,Padalarang,Tagogapu
32.17.08.2006,Jawa Barat,Kabupaten Bandung Barat,Padalarang,Ciburuy
32.17.08.2007,Jawa Barat,Kabupaten Bandung Barat,Padalarang,Kertajaya
32.17.08.2008,Jawa Barat,Kabupaten Bandung Barat,Padalarang,Cipeundeuy
32.17.08.2009,Jawa Barat,Kabupaten Bandung Barat,Padalarang,Jayamekar
32.17.08.2010,Jawa Barat,Kabupaten Bandung Barat,Padalarang,Laksanamekar
32.17.09.2001,Jawa Barat,Kabupaten Bandung Barat,Batujajar,Batujajar Timur
32.17.09.2002,Jawa Barat,Kabupaten Bandung Barat,Batujajar,Batujajar Barat
32.17.09.2004,Jawa Barat,Kabupaten Bandung Barat,Batujajar,Galanggang
32.17.09.2005,Jawa Barat,Kabupaten Bandung Barat,Batujajar,Cangkorah
32.17.09.2007,Jawa Barat,Kabupaten Bandung Barat,Batujajar,Selacau
32.17.09.2008,Jawa Barat,Kabupaten Bandung Barat,Batujajar,Pangauban
32.17.09.2010,Jawa Barat,Kabupaten Bandung Barat,Batujajar,Giriasih
32.17.10.2001,Jawa Barat,Kabupaten Bandung Barat,Cihampelas,Cipatik
32.17.10.2002,Jawa Barat,Kabupaten Bandung Barat,Cihampelas,Citapen
32.17.10.2003,Jawa Barat,Kabupaten Bandung Barat,Cihampelas,Cihampelas
32.17.10.2004,Jawa Barat,Kabupaten Bandung Barat,Cihampelas,Mekarjaya
32.17.10.2005,Jawa Barat,Kabupaten Bandung Barat,Cihampelas,Mekarmukti
32.17.10.2006,Jawa Barat,Kabupaten Bandung Barat,Cihampelas,Pataruman
32.17.10.2007,Jawa Barat,Kabupaten Bandung Barat,Cihampelas,Situwangi
32.17.10.2008,Jawa Barat,Kabupaten Bandung Barat,Cihampelas,Singajaya
32.17.10.2009,Jawa Barat,Kabupaten Bandung Barat,Cihampelas,Tanjungwangi
32.17.10.2010,Jawa Barat,Kabupaten Bandung Barat,Cihampelas,Tanjungjaya
32.17.11.2001,Jawa Barat,Kabupaten Bandung Barat,Cililin,Cililin
32.17.11.2002,Jawa Barat,Kabupaten Bandung Barat,Cililin,Budiharja
32.17.11.2003,Jawa Barat,Kabupaten Bandung Barat,Cililin,Batulayang
32.17.11.2004,Jawa Barat,Kabupaten Bandung Barat,Cililin,Bongas
32.17.11.2005,Jawa Barat,Kabupaten Bandung Barat,Cililin,Karanganyar
32.17.11.2006,Jawa Barat,Kabupaten Bandung Barat,Cililin,Karangtanjung
32.17.11.2007,Jawa Barat,Kabupaten Bandung Barat,Cililin,Karyamukti
32.17.11.2008,Jawa Barat,Kabupaten Bandung Barat,Cililin,Kidangpananjung
32.17.11.2009,Jawa Barat,Kabupaten Bandung Barat,Cililin,Mukapayung
32.17.11.2010,Jawa Barat,Kabupaten Bandung Barat,Cililin,Nanggerang
32.17.11.2011,Jawa Barat,Kabupaten Bandung Barat,Cililin,Rancapanggung
32.17.12.2001,Jawa Barat,Kabupaten Bandung Barat,Cipongkor,Sarinagen
32.17.12.2002,Jawa Barat,Kabupaten Bandung Barat,Cipongkor,Baranangsiang
32.17.12.2003,Jawa Barat,Kabupaten Bandung Barat,Cipongkor,Citalem
32.17.12.2004,Jawa Barat,Kabupaten Bandung Barat,Cipongkor,Cijenuk
32.17.12.2005,Jawa Barat,Kabupaten Bandung Barat,Cipongkor,Cijambu
32.17.12.2006,Jawa Barat,Kabupaten Bandung Barat,Cipongkor,Cibenda
32.17.12.2007,Jawa Barat,Kabupaten Bandung Barat,Cipongkor,Cintaasih
32.17.12.2008,Jawa Barat,Kabupaten Bandung Barat,Cipongkor,Cicangkanghilir
32.17.12.2009,Jawa Barat,Kabupaten Bandung Barat,Cipongkor,Girimukti
32.17.12.2010,Jawa Barat,Kabupaten Bandung Barat,Cipongkor,Karangsari
32.17.12.2011,Jawa Barat,Kabupaten Bandung Barat,Cipongkor,Mekarsari
32.17.12.2012,Jawa Barat,Kabupaten Bandung Barat,Cipongkor,Neglasari
32.17.12.2013,Jawa Barat,Kabupaten Bandung Barat,Cipongkor,Sirnagalih
32.17.12.2014,Jawa Barat,Kabupaten Bandung Barat,Cipongkor,Sukamulya
32.17.13.2001,Jawa Barat,Kabupaten Bandung Barat,Rongga,Cibedug
32.17.13.2002,Jawa Barat,Kabupaten Bandung Barat,Rongga,Bojong
32.17.13.2003,Jawa Barat,Kabupaten Bandung Barat,Rongga,Bojongsalam
32.17.13.2004,Jawa Barat,Kabupaten Bandung Barat,Rongga,Cibitung
32.17.13.2005,Jawa Barat,Kabupaten Bandung Barat,Rongga,Cicadas
32.17.13.2006,Jawa Barat,Kabupaten Bandung Barat,Rongga,Cinengah
32.17.13.2007,Jawa Barat,Kabupaten Bandung Barat,Rongga,Sukamanah
32.17.13.2008,Jawa Barat,Kabupaten Bandung Barat,Rongga,Sukaresmi
32.17.14.2001,Jawa Barat,Kabupaten Bandung Barat,Sindangkerta,Cintakarya
32.17.14.2002,Jawa Barat,Kabupaten Bandung Barat,Sindangkerta,Sindangkerta
32.17.14.2003,Jawa Barat,Kabupaten Bandung Barat,Sindangkerta,Buninagara
32.17.14.2004,Jawa Barat,Kabupaten Bandung Barat,Sindangkerta,Cikadu
32.17.14.2005,Jawa Barat,Kabupaten Bandung Barat,Sindangkerta,Cicangkanggirang
32.17.14.2006,Jawa Barat,Kabupaten Bandung Barat,Sindangkerta,Mekarwangi
32.17.14.2007,Jawa Barat,Kabupaten Bandung Barat,Sindangkerta,Pasirpogor
32.17.14.2008,Jawa Barat,Kabupaten Bandung Barat,Sindangkerta,Puncaksari
32.17.14.2009,Jawa Barat,Kabupaten Bandung Barat,Sindangkerta,Rancasenggang
32.17.14.2010,Jawa Barat,Kabupaten Bandung Barat,Sindangkerta,Weninggalih
32.17.14.2011,Jawa Barat,Kabupaten Bandung Barat,Sindangkerta,Wangunsari
32.17.15.2001,Jawa Barat,Kabupaten Bandung Barat,Gununghalu,Sirnajaya
32.17.15.2002,Jawa Barat,Kabupaten Bandung Barat,Gununghalu,Gununghalu
32.17.15.2003,Jawa Barat,Kabupaten Bandung Barat,Gununghalu,Bunijaya
32.17.15.2004,Jawa Barat,Kabupaten Bandung Barat,Gununghalu,Celak
32.17.15.2005,Jawa Barat,Kabupaten Bandung Barat,Gununghalu,Cilangari
32.17.15.2006,Jawa Barat,Kabupaten Bandung Barat,Gununghalu,Sindangjaya
32.17.15.2007,Jawa Barat,Kabupaten Bandung Barat,Gununghalu,Sukasari
32.17.15.2008,Jawa Barat,Kabupaten Bandung Barat,Gununghalu,Tamanjaya
32.17.15.2009,Jawa Barat,Kabupaten Bandung Barat,Gununghalu,Wargasaluyu
32.17.16.2001,Jawa Barat,Kabupaten Bandung Barat,Saguling,Cikande
32.17.16.2002,Jawa Barat,Kabupaten Bandung Barat,Saguling,Jati
32.17.16.2003,Jawa Barat,Kabupaten Bandung Barat,Saguling,Girimukti
32.17.16.2004,Jawa Barat,Kabupaten Bandung Barat,Saguling,Bojonghaleuang
32.17.16.2005,Jawa Barat,Kabupaten Bandung Barat,Saguling,Cipangeran
32.17.16.2006,Jawa Barat,Kabupaten Bandung Barat,Saguling,Saguling
32.18.01.2001,Jawa Barat,Kabupaten Pangandaran,Parigi,Parigi
32.18.01.2002,Jawa Barat,Kabupaten Pangandaran,Parigi,Karangbenda
32.18.01.2003,Jawa Barat,Kabupaten Pangandaran,Parigi,Ciliang
32.18.01.2004,Jawa Barat,Kabupaten Pangandaran,Parigi,Bojong
32.18.01.2005,Jawa Barat,Kabupaten Pangandaran,Parigi,Cintaratu
32.18.01.2006,Jawa Barat,Kabupaten Pangandaran,Parigi,Selasari
32.18.01.2007,Jawa Barat,Kabupaten Pangandaran,Parigi,Karangjaladri
32.18.01.2008,Jawa Barat,Kabupaten Pangandaran,Parigi,Cibenda
32.18.01.2009,Jawa Barat,Kabupaten Pangandaran,Parigi,Cintakarya
32.18.01.2010,Jawa Barat,Kabupaten Pangandaran,Parigi,Parakanmanggu
32.18.02.2001,Jawa Barat,Kabupaten Pangandaran,Cijulang,Batukaras
32.18.02.2002,Jawa Barat,Kabupaten Pangandaran,Cijulang,Ciakar
32.18.02.2003,Jawa Barat,Kabupaten Pangandaran,Cijulang,Cibanten
32.18.02.2004,Jawa Barat,Kabupaten Pangandaran,Cijulang,Kertayasa
32.18.02.2005,Jawa Barat,Kabupaten Pangandaran,Cijulang,Cijulang
32.18.02.2006,Jawa Barat,Kabupaten Pangandaran,Cijulang,Kondangjajar
32.18.02.2007,Jawa Barat,Kabupaten Pangandaran,Cijulang,Margacinta
32.18.03.2001,Jawa Barat,Kabupaten Pangandaran,Cimerak,Kertaharja
32.18.03.2002,Jawa Barat,Kabupaten Pangandaran,Cimerak,Ciparanti
32.18.03.2003,Jawa Barat,Kabupaten Pangandaran,Cimerak,Legokjawa
32.18.03.2004,Jawa Barat,Kabupaten Pangandaran,Cimerak,Masawah
32.18.03.2005,Jawa Barat,Kabupaten Pangandaran,Cimerak,Cimerak
32.18.03.2006,Jawa Barat,Kabupaten Pangandaran,Cimerak,Sukajaya
32.18.03.2007,Jawa Barat,Kabupaten Pangandaran,Cimerak,Kertamukti
32.18.03.2008,Jawa Barat,Kabupaten Pangandaran,Cimerak,Sindangsari
32.18.03.2009,Jawa Barat,Kabupaten Pangandaran,Cimerak,Batumalang
32.18.03.2010,Jawa Barat,Kabupaten Pangandaran,Cimerak,Mekarsari
32.18.03.2011,Jawa Barat,Kabupaten Pangandaran,Cimerak,Limusgede
32.18.04.2001,Jawa Barat,Kabupaten Pangandaran,Cigugur,Cigugur
32.18.04.2002,Jawa Barat,Kabupaten Pangandaran,Cigugur,Cimindi
32.18.04.2003,Jawa Barat,Kabupaten Pangandaran,Cigugur,Pagerbumi
32.18.04.2004,Jawa Barat,Kabupaten Pangandaran,Cigugur,Kertajaya
32.18.04.2005,Jawa Barat,Kabupaten Pangandaran,Cigugur,Bunisari
32.18.04.2006,Jawa Barat,Kabupaten Pangandaran,Cigugur,Campaka
32.18.04.2007,Jawa Barat,Kabupaten Pangandaran,Cigugur,Harumandala
32.18.05.2001,Jawa Barat,Kabupaten Pangandaran,Langkaplancar,Karangkamiri
32.18.05.2002,Jawa Barat,Kabupaten Pangandaran,Langkaplancar,Cimanggu
32.18.05.2003,Jawa Barat,Kabupaten Pangandaran,Langkaplancar,Langkaplancar
32.18.05.2004,Jawa Barat,Kabupaten Pangandaran,Langkaplancar,Pangkalan
32.18.05.2005,Jawa Barat,Kabupaten Pangandaran,Langkaplancar,Bojongkondang
32.18.05.2006,Jawa Barat,Kabupaten Pangandaran,Langkaplancar,Bangunjaya
32.18.05.2007,Jawa Barat,Kabupaten Pangandaran,Langkaplancar,Jayasari
32.18.05.2008,Jawa Barat,Kabupaten Pangandaran,Langkaplancar,Jadimulya
32.18.05.2009,Jawa Barat,Kabupaten Pangandaran,Langkaplancar,Jadikarya
32.18.05.2010,Jawa Barat,Kabupaten Pangandaran,Langkaplancar,Bojong
32.18.05.2011,Jawa Barat,Kabupaten Pangandaran,Langkaplancar,Bangunkarya
32.18.05.2012,Jawa Barat,Kabupaten Pangandaran,Langkaplancar,Sukamulya
32.18.05.2013,Jawa Barat,Kabupaten Pangandaran,Langkaplancar,Mekarwangi
32.18.05.2014,Jawa Barat,Kabupaten Pangandaran,Langkaplancar,Cisarua
32.18.05.2015,Jawa Barat,Kabupaten Pangandaran,Langkaplancar,Bungur Raya
32.18.06.2001,Jawa Barat,Kabupaten Pangandaran,Mangunjaya,Sukamaju
32.18.06.2002,Jawa Barat,Kabupaten Pangandaran,Mangunjaya,Kertajaya
32.18.06.2003,Jawa Barat,Kabupaten Pangandaran,Mangunjaya,Mangunjaya
32.18.06.2004,Jawa Barat,Kabupaten Pangandaran,Mangunjaya,Sindangjaya
32.18.06.2005,Jawa Barat,Kabupaten Pangandaran,Mangunjaya,Jangraga
32.18.07.2001,Jawa Barat,Kabupaten Pangandaran,Padaherang,Panyutran
32.18.07.2002,Jawa Barat,Kabupaten Pangandaran,Padaherang,Ciganjeng
32.18.07.2003,Jawa Barat,Kabupaten Pangandaran,Padaherang,Karangsari
32.18.07.2004,Jawa Barat,Kabupaten Pangandaran,Padaherang,Sukanagara
32.18.07.2005,Jawa Barat,Kabupaten Pangandaran,Padaherang,Paledah
32.18.07.2006,Jawa Barat,Kabupaten Pangandaran,Padaherang,Karangpawitan
32.18.07.2007,Jawa Barat,Kabupaten Pangandaran,Padaherang,Padaherang
32.18.07.2008,Jawa Barat,Kabupaten Pangandaran,Padaherang,Kedungwuluh
32.18.07.2009,Jawa Barat,Kabupaten Pangandaran,Padaherang,Cibogo
32.18.07.2010,Jawa Barat,Kabupaten Pangandaran,Padaherang,Pasirgeulis
32.18.07.2011,Jawa Barat,Kabupaten Pangandaran,Padaherang,Bojongsari
32.18.07.2012,Jawa Barat,Kabupaten Pangandaran,Padaherang,Sindangwangi
32.18.07.2013,Jawa Barat,Kabupaten Pangandaran,Padaherang,Maruyungsari
32.18.07.2014,Jawa Barat,Kabupaten Pangandaran,Padaherang,Karangmulya
32.18.08.2001,Jawa Barat,Kabupaten Pangandaran,Kalipucang,Putrapinggan
32.18.08.2002,Jawa Barat,Kabupaten Pangandaran,Kalipucang,Emplak
32.18.08.2003,Jawa Barat,Kabupaten Pangandaran,Kalipucang,Bagolo
32.18.08.2004,Jawa Barat,Kabupaten Pangandaran,Kalipucang,Pamotan
32.18.08.2005,Jawa Barat,Kabupaten Pangandaran,Kalipucang,Kalipucang
32.18.08.2006,Jawa Barat,Kabupaten Pangandaran,Kalipucang,Cibuluh
32.18.08.2007,Jawa Barat,Kabupaten Pangandaran,Kalipucang,Banjarharja
32.18.08.2008,Jawa Barat,Kabupaten Pangandaran,Kalipucang,Tunggilis
32.18.08.2009,Jawa Barat,Kabupaten Pangandaran,Kalipucang,Ciparakan
32.18.09.2001,Jawa Barat,Kabupaten Pangandaran,Pangandaran,Babakan
32.18.09.2002,Jawa Barat,Kabupaten Pangandaran,Pangandaran,Sukahurip
32.18.09.2003,Jawa Barat,Kabupaten Pangandaran,Pangandaran,Purbahayu
32.18.09.2004,Jawa Barat,Kabupaten Pangandaran,Pangandaran,Pangandaran
32.18.09.2005,Jawa Barat,Kabupaten Pangandaran,Pangandaran,Wonoharjo
32.18.09.2006,Jawa Barat,Kabupaten Pangandaran,Pangandaran,Sidomulyo
32.18.09.2007,Jawa Barat,Kabupaten Pangandaran,Pangandaran,Pananjung
32.18.09.2008,Jawa Barat,Kabupaten Pangandaran,Pangandaran,Pagergunung
32.18.10.2001,Jawa Barat,Kabupaten Pangandaran,Sidamulih,Sidamulih
32.18.10.2002,Jawa Barat,Kabupaten Pangandaran,Sidamulih,Cikalong
32.18.10.2003,Jawa Barat,Kabupaten Pangandaran,Sidamulih,Sukaresik
32.18.10.2004,Jawa Barat,Kabupaten Pangandaran,Sidamulih,Cikembulan
32.18.10.2005,Jawa Barat,Kabupaten Pangandaran,Sidamulih,Pajaten
32.18.10.2006,Jawa Barat,Kabupaten Pangandaran,Sidamulih,Kersaratu
32.18.10.2007,Jawa Barat,Kabupaten Pangandaran,Sidamulih,Kalijati
32.71.01.1001,Jawa Barat,Kota Bogor,Bogor Selatan,Batu Tulis
32.71.01.1002,Jawa Barat,Kota Bogor,Bogor Selatan,Bondongan
32.71.01.1003,Jawa Barat,Kota Bogor,Bogor Selatan,Empang
32.71.01.1004,Jawa Barat,Kota Bogor,Bogor Selatan,Lawanggintung
32.71.01.1005,Jawa Barat,Kota Bogor,Bogor Selatan,Pamoyanan
32.71.01.1006,Jawa Barat,Kota Bogor,Bogor Selatan,Rangga Mekar
32.71.01.1007,Jawa Barat,Kota Bogor,Bogor Selatan,Mulya Harja
32.71.01.1008,Jawa Barat,Kota Bogor,Bogor Selatan,Cikaret
32.71.01.1009,Jawa Barat,Kota Bogor,Bogor Selatan,Bojong Kerta
32.71.01.1010,Jawa Barat,Kota Bogor,Bogor Selatan,Rancamaya
32.71.01.1011,Jawa Barat,Kota Bogor,Bogor Selatan,Kertamaya
32.71.01.1012,Jawa Barat,Kota Bogor,Bogor Selatan,Harjasari
32.71.01.1013,Jawa Barat,Kota Bogor,Bogor Selatan,Muara Sari
32.71.01.1014,Jawa Barat,Kota Bogor,Bogor Selatan,Genteng
32.71.01.1015,Jawa Barat,Kota Bogor,Bogor Selatan,Pakuan
32.71.01.1016,Jawa Barat,Kota Bogor,Bogor Selatan,Cipaku
32.71.02.1001,Jawa Barat,Kota Bogor,Bogor Timur,Sukasari
32.71.02.1002,Jawa Barat,Kota Bogor,Bogor Timur,Baranangsiang
32.71.02.1003,Jawa Barat,Kota Bogor,Bogor Timur,Katulampa
32.71.02.1004,Jawa Barat,Kota Bogor,Bogor Timur,Sindangsari
32.71.02.1005,Jawa Barat,Kota Bogor,Bogor Timur,Sindangrasa
32.71.02.1006,Jawa Barat,Kota Bogor,Bogor Timur,Tajur
32.71.03.1001,Jawa Barat,Kota Bogor,Bogor Tengah,Gudang
32.71.03.1002,Jawa Barat,Kota Bogor,Bogor Tengah,Paledang
32.71.03.1003,Jawa Barat,Kota Bogor,Bogor Tengah,Pabaton
32.71.03.1004,Jawa Barat,Kota Bogor,Bogor Tengah,Cibogor
32.71.03.1005,Jawa Barat,Kota Bogor,Bogor Tengah,Babakan
32.71.03.1006,Jawa Barat,Kota Bogor,Bogor Tengah,Sempur
32.71.03.1007,Jawa Barat,Kota Bogor,Bogor Tengah,Tegallega
32.71.03.1008,Jawa Barat,Kota Bogor,Bogor Tengah,Babakan Pasar
32.71.03.1009,Jawa Barat,Kota Bogor,Bogor Tengah,Panaragan
32.71.03.1010,Jawa Barat,Kota Bogor,Bogor Tengah,Ciwaringin
32.71.03.1011,Jawa Barat,Kota Bogor,Bogor Tengah,Kebon Kalapa
32.71.04.1001,Jawa Barat,Kota Bogor,Bogor Barat,Menteng
32.71.04.1002,Jawa Barat,Kota Bogor,Bogor Barat,Sindang Barang
32.71.04.1003,Jawa Barat,Kota Bogor,Bogor Barat,Bubulak
32.71.04.1004,Jawa Barat,Kota Bogor,Bogor Barat,Marga jaya
32.71.04.1005,Jawa Barat,Kota Bogor,Bogor Barat,Balumbang Jaya
32.71.04.1006,Jawa Barat,Kota Bogor,Bogor Barat,Situ Gede
32.71.04.1007,Jawa Barat,Kota Bogor,Bogor Barat,Semplak
32.71.04.1008,Jawa Barat,Kota Bogor,Bogor Barat,Cilendek Barat
32.71.04.1009,Jawa Barat,Kota Bogor,Bogor Barat,Cilendek Timur
32.71.04.1010,Jawa Barat,Kota Bogor,Bogor Barat,Curug Mekar
32.71.04.1011,Jawa Barat,Kota Bogor,Bogor Barat,Curug
32.71.04.1012,Jawa Barat,Kota Bogor,Bogor Barat,Pasir Jaya
32.71.04.1013,Jawa Barat,Kota Bogor,Bogor Barat,Pasir Kuda
32.71.04.1014,Jawa Barat,Kota Bogor,Bogor Barat,Pasir Mulya
32.71.04.1015,Jawa Barat,Kota Bogor,Bogor Barat,Gunung Batu
32.71.04.1016,Jawa Barat,Kota Bogor,Bogor Barat,Loji
32.71.05.1001,Jawa Barat,Kota Bogor,Bogor Utara,Bantarjati
32.71.05.1002,Jawa Barat,Kota Bogor,Bogor Utara,Tegal Gundil
32.71.05.1003,Jawa Barat,Kota Bogor,Bogor Utara,Kedung Halang
32.71.05.1004,Jawa Barat,Kota Bogor,Bogor Utara,Ciparigi
32.71.05.1005,Jawa Barat,Kota Bogor,Bogor Utara,Cibuluh
32.71.05.1006,Jawa Barat,Kota Bogor,Bogor Utara,Ciluar
32.71.05.1007,Jawa Barat,Kota Bogor,Bogor Utara,Tanah Baru
32.71.05.1008,Jawa Barat,Kota Bogor,Bogor Utara,Cimahpar
32.71.06.1001,Jawa Barat,Kota Bogor,Tanah Sareal,Tanah Sareal
32.71.06.1002,Jawa Barat,Kota Bogor,Tanah Sareal,Kebon Pedes
32.71.06.1003,Jawa Barat,Kota Bogor,Tanah Sareal,Kedung Badak
32.71.06.1004,Jawa Barat,Kota Bogor,Tanah Sareal,Sukaresmi
32.71.06.1005,Jawa Barat,Kota Bogor,Tanah Sareal,Kedung Waringin
32.71.06.1006,Jawa Barat,Kota Bogor,Tanah Sareal,Kedung Jaya
32.71.06.1007,Jawa Barat,Kota Bogor,Tanah Sareal,Sukadamai
32.71.06.1008,Jawa Barat,Kota Bogor,Tanah Sareal,Mekar Wangi
32.71.06.1009,Jawa Barat,Kota Bogor,Tanah Sareal,Kencana
32.71.06.1010,Jawa Barat,Kota Bogor,Tanah Sareal,Kayu Manis
32.71.06.1011,Jawa Barat,Kota Bogor,Tanah Sareal,Cibadak
32.72.01.1001,Jawa Barat,Kota Sukabumi,Gunung Puyuh,Gunung Puyuh
32.72.01.1002,Jawa Barat,Kota Sukabumi,Gunung Puyuh,Karamat
32.72.01.1003,Jawa Barat,Kota Sukabumi,Gunung Puyuh,Sriwidari
32.72.01.1004,Jawa Barat,Kota Sukabumi,Gunung Puyuh,Karang Tengah
32.72.02.1001,Jawa Barat,Kota Sukabumi,Cikole,Cikole
32.72.02.1002,Jawa Barat,Kota Sukabumi,Cikole,Selabatu
32.72.02.1003,Jawa Barat,Kota Sukabumi,Cikole,Gunung Parang
32.72.02.1004,Jawa Barat,Kota Sukabumi,Cikole,Kebonjati
32.72.02.1005,Jawa Barat,Kota Sukabumi,Cikole,Cisarua
32.72.02.1006,Jawa Barat,Kota Sukabumi,Cikole,Subangjaya
32.72.03.1001,Jawa Barat,Kota Sukabumi,Citamiang,Citamiang
32.72.03.1002,Jawa Barat,Kota Sukabumi,Citamiang,Tipar
32.72.03.1003,Jawa Barat,Kota Sukabumi,Citamiang,Nanggeleng
32.72.03.1004,Jawa Barat,Kota Sukabumi,Citamiang,Gedong Panjang
32.72.03.1005,Jawa Barat,Kota Sukabumi,Citamiang,Cikondang
32.72.04.1001,Jawa Barat,Kota Sukabumi,Warudoyong,Warudoyong
32.72.04.1002,Jawa Barat,Kota Sukabumi,Warudoyong,Nyomplong
32.72.04.1003,Jawa Barat,Kota Sukabumi,Warudoyong,Dayeuhluhur
32.72.04.1004,Jawa Barat,Kota Sukabumi,Warudoyong,Sukakarya
32.72.04.1005,Jawa Barat,Kota Sukabumi,Warudoyong,Benteng
32.72.05.1001,Jawa Barat,Kota Sukabumi,Baros,Baros
32.72.05.1002,Jawa Barat,Kota Sukabumi,Baros,Jayaraksa
32.72.05.1003,Jawa Barat,Kota Sukabumi,Baros,Jayamekar
32.72.05.1004,Jawa Barat,Kota Sukabumi,Baros,Sudajaya Hilir
32.72.06.1001,Jawa Barat,Kota Sukabumi,Lembursitu,Cipanengah
32.72.06.1002,Jawa Barat,Kota Sukabumi,Lembursitu,Situmekar
32.72.06.1003,Jawa Barat,Kota Sukabumi,Lembursitu,Lembursitu
32.72.06.1004,Jawa Barat,Kota Sukabumi,Lembursitu,Cikundul
32.72.06.1005,Jawa Barat,Kota Sukabumi,Lembursitu,Sindangsari
32.72.07.1001,Jawa Barat,Kota Sukabumi,Cibeureum,Cibeureum Hilir
32.72.07.1002,Jawa Barat,Kota Sukabumi,Cibeureum,Babakan
32.72.07.1003,Jawa Barat,Kota Sukabumi,Cibeureum,Sindangpalay
32.72.07.1004,Jawa Barat,Kota Sukabumi,Cibeureum,Limusnunggal
32.73.01.1001,Jawa Barat,Kota Bandung,Sukasari,Sukarasa
32.73.01.1002,Jawa Barat,Kota Bandung,Sukasari,Gegerkalong
32.73.01.1003,Jawa Barat,Kota Bandung,Sukasari,Isola
32.73.01.1004,Jawa Barat,Kota Bandung,Sukasari,Sarijadi
32.73.02.1001,Jawa Barat,Kota Bandung,Coblong,Cipaganti
32.73.02.1002,Jawa Barat,Kota Bandung,Coblong,Lebak Gede
32.73.02.1003,Jawa Barat,Kota Bandung,Coblong,Sadang Serang
32.73.02.1004,Jawa Barat,Kota Bandung,Coblong,Dago
32.73.02.1005,Jawa Barat,Kota Bandung,Coblong,Sekeloa
32.73.02.1006,Jawa Barat,Kota Bandung,Coblong,Lebak Siliwangi
32.73.03.1001,Jawa Barat,Kota Bandung,Babakan Ciparay,Babakan Ciparay
32.73.03.1002,Jawa Barat,Kota Bandung,Babakan Ciparay,Babakan
32.73.03.1003,Jawa Barat,Kota Bandung,Babakan Ciparay,Sukahaji
32.73.03.1004,Jawa Barat,Kota Bandung,Babakan Ciparay,Margahayu Utara
32.73.03.1005,Jawa Barat,Kota Bandung,Babakan Ciparay,Margasuka
32.73.03.1006,Jawa Barat,Kota Bandung,Babakan Ciparay,Cirangrang
32.73.04.1001,Jawa Barat,Kota Bandung,Bojongloa Kaler,Kopo
32.73.04.1002,Jawa Barat,Kota Bandung,Bojongloa Kaler,Babakan Tarogong
32.73.04.1003,Jawa Barat,Kota Bandung,Bojongloa Kaler,Jamika
32.73.04.1004,Jawa Barat,Kota Bandung,Bojongloa Kaler,Babakan Asih
32.73.04.1005,Jawa Barat,Kota Bandung,Bojongloa Kaler,Suka Asih
32.73.05.1001,Jawa Barat,Kota Bandung,Andir,Maleber
32.73.05.1002,Jawa Barat,Kota Bandung,Andir,Dungus Cariang
32.73.05.1003,Jawa Barat,Kota Bandung,Andir,Ciroyom
32.73.05.1004,Jawa Barat,Kota Bandung,Andir,Kebon Jeruk
32.73.05.1005,Jawa Barat,Kota Bandung,Andir,Garuda
32.73.05.1006,Jawa Barat,Kota Bandung,Andir,Campaka
32.73.06.1001,Jawa Barat,Kota Bandung,Cicendo,Husein Sastranegara
32.73.06.1002,Jawa Barat,Kota Bandung,Cicendo,Arjuna
32.73.06.1003,Jawa Barat,Kota Bandung,Cicendo,Pajajaran
32.73.06.1004,Jawa Barat,Kota Bandung,Cicendo,Pasirkaliki
32.73.06.1005,Jawa Barat,Kota Bandung,Cicendo,Pamoyanan
32.73.06.1006,Jawa Barat,Kota Bandung,Cicendo,Sukaraja
32.73.07.1001,Jawa Barat,Kota Bandung,Sukajadi,Pasteur
32.73.07.1002,Jawa Barat,Kota Bandung,Sukajadi,Cipedes
32.73.07.1003,Jawa Barat,Kota Bandung,Sukajadi,Sukawarna
32.73.07.1004,Jawa Barat,Kota Bandung,Sukajadi,Sukagalih
32.73.07.1005,Jawa Barat,Kota Bandung,Sukajadi,Sukabungah
32.73.08.1001,Jawa Barat,Kota Bandung,Cidadap,Hegarmanah
32.73.08.1002,Jawa Barat,Kota Bandung,Cidadap,Ciumbuleuit
32.73.08.1003,Jawa Barat,Kota Bandung,Cidadap,Ledeng
32.73.09.1001,Jawa Barat,Kota Bandung,Bandung Wetan,Cihapit
32.73.09.1002,Jawa Barat,Kota Bandung,Bandung Wetan,Taman Sari
32.73.09.1003,Jawa Barat,Kota Bandung,Bandung Wetan,Citarum
32.73.10.1001,Jawa Barat,Kota Bandung,Astanaanyar,Karasak
32.73.10.1002,Jawa Barat,Kota Bandung,Astanaanyar,Nyengseret
32.73.10.1003,Jawa Barat,Kota Bandung,Astanaanyar,Karang Anyar
32.73.10.1004,Jawa Barat,Kota Bandung,Astanaanyar,Panjunan
32.73.10.1005,Jawa Barat,Kota Bandung,Astanaanyar,Cibadak
32.73.10.1006,Jawa Barat,Kota Bandung,Astanaanyar,Pelindung Hewan
32.73.11.1001,Jawa Barat,Kota Bandung,Regol,Cigereleng
32.73.11.1002,Jawa Barat,Kota Bandung,Regol,Ancol
32.73.11.1003,Jawa Barat,Kota Bandung,Regol,Pungkur
32.73.11.1004,Jawa Barat,Kota Bandung,Regol,Balong Gede
32.73.11.1005,Jawa Barat,Kota Bandung,Regol,Ciseureuh
32.73.11.1006,Jawa Barat,Kota Bandung,Regol,Ciateul
32.73.11.1007,Jawa Barat,Kota Bandung,Regol,Pasirluyu
32.73.12.1001,Jawa Barat,Kota Bandung,Batununggal,Gumuruh
32.73.12.1002,Jawa Barat,Kota Bandung,Batununggal,Maleer
32.73.12.1003,Jawa Barat,Kota Bandung,Batununggal,Cibangkong
32.73.12.1004,Jawa Barat,Kota Bandung,Batununggal,Kacapiring
32.73.12.1005,Jawa Barat,Kota Bandung,Batununggal,Kebon Waru
32.73.12.1006,Jawa Barat,Kota Bandung,Batununggal,Kebon Gedang
32.73.12.1007,Jawa Barat,Kota Bandung,Batununggal,Samoja
32.73.12.1008,Jawa Barat,Kota Bandung,Batununggal,Binong
32.73.13.1001,Jawa Barat,Kota Bandung,Lengkong,Cijagra
32.73.13.1002,Jawa Barat,Kota Bandung,Lengkong,Lingkar Selatan
32.73.13.1003,Jawa Barat,Kota Bandung,Lengkong,Burangrang
32.73.13.1004,Jawa Barat,Kota Bandung,Lengkong,Paledang
32.73.13.1005,Jawa Barat,Kota Bandung,Lengkong,Turangga
32.73.13.1006,Jawa Barat,Kota Bandung,Lengkong,Malabar
32.73.13.1007,Jawa Barat,Kota Bandung,Lengkong,Cikawao
32.73.14.1001,Jawa Barat,Kota Bandung,Cibeunying Kidul,Padasuka
32.73.14.1002,Jawa Barat,Kota Bandung,Cibeunying Kidul,Cikutra
32.73.14.1003,Jawa Barat,Kota Bandung,Cibeunying Kidul,Cicadas
32.73.14.1004,Jawa Barat,Kota Bandung,Cibeunying Kidul,Sukamaju
32.73.14.1005,Jawa Barat,Kota Bandung,Cibeunying Kidul,Sukapada
32.73.14.1006,Jawa Barat,Kota Bandung,Cibeunying Kidul,Pasirlayung
32.73.15.1001,Jawa Barat,Kota Bandung,Bandung Kulon,Cijerah
32.73.15.1002,Jawa Barat,Kota Bandung,Bandung Kulon,Cibuntu
32.73.15.1003,Jawa Barat,Kota Bandung,Bandung Kulon,Warung Muncang
32.73.15.1004,Jawa Barat,Kota Bandung,Bandung Kulon,Caringin
32.73.15.1005,Jawa Barat,Kota Bandung,Bandung Kulon,Cigondewah Kaler
32.73.15.1006,Jawa Barat,Kota Bandung,Bandung Kulon,Gempol Sari
32.73.15.1007,Jawa Barat,Kota Bandung,Bandung Kulon,Cigondewah Rahayu
32.73.15.1008,Jawa Barat,Kota Bandung,Bandung Kulon,Cigondewah Kidul
32.73.16.1001,Jawa Barat,Kota Bandung,Kiaracondong,Sukapura
32.73.16.1002,Jawa Barat,Kota Bandung,Kiaracondong,Kebon Jayanti
32.73.16.1003,Jawa Barat,Kota Bandung,Kiaracondong,Babakan Surabaya
32.73.16.1004,Jawa Barat,Kota Bandung,Kiaracondong,Cicaheum
32.73.16.1005,Jawa Barat,Kota Bandung,Kiaracondong,Babakan Sari
32.73.16.1006,Jawa Barat,Kota Bandung,Kiaracondong,Kebon Kangkung
32.73.17.1001,Jawa Barat,Kota Bandung,Bojongloa Kidul,Situsaeur
32.73.17.1002,Jawa Barat,Kota Bandung,Bojongloa Kidul,Kebon Lega
32.73.17.1003,Jawa Barat,Kota Bandung,Bojongloa Kidul,Cibaduyut
32.73.17.1004,Jawa Barat,Kota Bandung,Bojongloa Kidul,Mekar Wangi
32.73.17.1005,Jawa Barat,Kota Bandung,Bojongloa Kidul,Cibaduyut Kidul
32.73.17.1006,Jawa Barat,Kota Bandung,Bojongloa Kidul,Cibaduyut Wetan
32.73.18.1001,Jawa Barat,Kota Bandung,Cibeunying Kaler,Cihaur Geulis
32.73.18.1002,Jawa Barat,Kota Bandung,Cibeunying Kaler,Sukaluyu
32.73.18.1003,Jawa Barat,Kota Bandung,Cibeunying Kaler,Neglasari
32.73.18.1004,Jawa Barat,Kota Bandung,Cibeunying Kaler,Cigadung
32.73.19.1001,Jawa Barat,Kota Bandung,Sumur Bandung,Braga
32.73.19.1002,Jawa Barat,Kota Bandung,Sumur Bandung,Merdeka
32.73.19.1003,Jawa Barat,Kota Bandung,Sumur Bandung,Kebon Pisang
32.73.19.1004,Jawa Barat,Kota Bandung,Sumur Bandung,Babakan Ciamis
32.73.20.1001,Jawa Barat,Kota Bandung,Antapani,Antapani Kulon
32.73.20.1004,Jawa Barat,Kota Bandung,Antapani,Antapani Tengah
32.73.20.1005,Jawa Barat,Kota Bandung,Antapani,Antapani Kidul
32.73.20.1006,Jawa Barat,Kota Bandung,Antapani,Antapani Wetan
32.73.21.1001,Jawa Barat,Kota Bandung,Bandung Kidul,Batununggal
32.73.21.1002,Jawa Barat,Kota Bandung,Bandung Kidul,Wates
32.73.21.1003,Jawa Barat,Kota Bandung,Bandung Kidul,Mengger
32.73.21.1004,Jawa Barat,Kota Bandung,Bandung Kidul,Kujangsari
32.73.22.1001,Jawa Barat,Kota Bandung,Buahbatu,Sekejati
32.73.22.1002,Jawa Barat,Kota Bandung,Buahbatu,Margasari
32.73.22.1003,Jawa Barat,Kota Bandung,Buahbatu,Cijaura
32.73.22.1004,Jawa Barat,Kota Bandung,Buahbatu,Jati Sari
32.73.23.1001,Jawa Barat,Kota Bandung,Rancasari,Cipamokolan
32.73.23.1002,Jawa Barat,Kota Bandung,Rancasari,Derwati
32.73.23.1003,Jawa Barat,Kota Bandung,Rancasari,Manjahlega
32.73.23.1004,Jawa Barat,Kota Bandung,Rancasari,Mekar Jaya
32.73.24.1001,Jawa Barat,Kota Bandung,Arcamanik,Sukamiskin
32.73.24.1002,Jawa Barat,Kota Bandung,Arcamanik,Cisaranten Bina Harapan
32.73.24.1003,Jawa Barat,Kota Bandung,Arcamanik,Cisaranten Kulon
32.73.24.1004,Jawa Barat,Kota Bandung,Arcamanik,Cisaranten Endah
32.73.25.1001,Jawa Barat,Kota Bandung,Cibiru,Palasari
32.73.25.1002,Jawa Barat,Kota Bandung,Cibiru,Cipadung
32.73.25.1003,Jawa Barat,Kota Bandung,Cibiru,Pasir Biru
32.73.25.1004,Jawa Barat,Kota Bandung,Cibiru,Cisurupan
32.73.26.1003,Jawa Barat,Kota Bandung,Ujungberung,Pasir Endah
32.73.26.1004,Jawa Barat,Kota Bandung,Ujungberung,Cigending
32.73.26.1005,Jawa Barat,Kota Bandung,Ujungberung,Pasirwangi
32.73.26.1006,Jawa Barat,Kota Bandung,Ujungberung,Pasirjati
32.73.26.1007,Jawa Barat,Kota Bandung,Ujungberung,Pasanggrahan
32.73.27.1001,Jawa Barat,Kota Bandung,Gedebage,Cimincrang
32.73.27.1002,Jawa Barat,Kota Bandung,Gedebage,Cisaranten Kidul
32.73.27.1003,Jawa Barat,Kota Bandung,Gedebage,Rancabolang
32.73.27.1004,Jawa Barat,Kota Bandung,Gedebage,Rancanumpang
32.73.28.1001,Jawa Barat,Kota Bandung,Panyileukan,Cipadung Kulon
32.73.28.1002,Jawa Barat,Kota Bandung,Panyileukan,Cipadung Kidul
32.73.28.1003,Jawa Barat,Kota Bandung,Panyileukan,Cipadung Wetan
32.73.28.1004,Jawa Barat,Kota Bandung,Panyileukan,Mekar Mulya
32.73.29.1001,Jawa Barat,Kota Bandung,Cinambo,Cisaranten Wetan
32.73.29.1002,Jawa Barat,Kota Bandung,Cinambo,Pakemitan
32.73.29.1003,Jawa Barat,Kota Bandung,Cinambo,Sukamulya
32.73.29.1004,Jawa Barat,Kota Bandung,Cinambo,Babakan Penghulu
32.73.30.1001,Jawa Barat,Kota Bandung,Mandalajati,Jatihandap
32.73.30.1002,Jawa Barat,Kota Bandung,Mandalajati,Karang Pamulang
32.73.30.1003,Jawa Barat,Kota Bandung,Mandalajati,Pasir Impun
32.73.30.1004,Jawa Barat,Kota Bandung,Mandalajati,Sindang Jaya
32.74.01.1001,Jawa Barat,Kota Cirebon,Kejaksan,Kejaksan
32.74.01.1002,Jawa Barat,Kota Cirebon,Kejaksan,Sukapura
32.74.01.1003,Jawa Barat,Kota Cirebon,Kejaksan,Kesenden
32.74.01.1004,Jawa Barat,Kota Cirebon,Kejaksan,Kebonbaru
32.74.02.1001,Jawa Barat,Kota Cirebon,Lemahwungkuk,Pegambiran
32.74.02.1002,Jawa Barat,Kota Cirebon,Lemahwungkuk,Lemahwungkuk
32.74.02.1003,Jawa Barat,Kota Cirebon,Lemahwungkuk,Kesepuhan
32.74.02.1004,Jawa Barat,Kota Cirebon,Lemahwungkuk,Panjunan
32.74.03.1001,Jawa Barat,Kota Cirebon,Harjamukti,Kalijaga
32.74.03.1002,Jawa Barat,Kota Cirebon,Harjamukti,Harjamukti
32.74.03.1003,Jawa Barat,Kota Cirebon,Harjamukti,Kecapi
32.74.03.1004,Jawa Barat,Kota Cirebon,Harjamukti,Larangan
32.74.03.1005,Jawa Barat,Kota Cirebon,Harjamukti,Argasunya
32.74.04.1001,Jawa Barat,Kota Cirebon,Pekalipan,Jagasatru
32.74.04.1002,Jawa Barat,Kota Cirebon,Pekalipan,Pekalipan
32.74.04.1003,Jawa Barat,Kota Cirebon,Pekalipan,Pulasaren
32.74.04.1004,Jawa Barat,Kota Cirebon,Pekalipan,Pekalangan
32.74.05.1001,Jawa Barat,Kota Cirebon,Kesambi,Pekiringan
32.74.05.1002,Jawa Barat,Kota Cirebon,Kesambi,Sunyaragi
32.74.05.1003,Jawa Barat,Kota Cirebon,Kesambi,Kesambi
32.74.05.1004,Jawa Barat,Kota Cirebon,Kesambi,Drajat
32.74.05.1005,Jawa Barat,Kota Cirebon,Kesambi,Karyamulya
32.75.01.1001,Jawa Barat,Kota Bekasi,Bekasi Timur,Bekasijaya
32.75.01.1002,Jawa Barat,Kota Bekasi,Bekasi Timur,Margahayu
32.75.01.1003,Jawa Barat,Kota Bekasi,Bekasi Timur,Durenjaya
32.75.01.1004,Jawa Barat,Kota Bekasi,Bekasi Timur,Arenjaya
32.75.02.1001,Jawa Barat,Kota Bekasi,Bekasi Barat,Bintara
32.75.02.1002,Jawa Barat,Kota Bekasi,Bekasi Barat,Kranji
32.75.02.1003,Jawa Barat,Kota Bekasi,Bekasi Barat,Kotabaru
32.75.02.1004,Jawa Barat,Kota Bekasi,Bekasi Barat,Bintarajaya
32.75.02.1005,Jawa Barat,Kota Bekasi,Bekasi Barat,Jakasampurna
32.75.03.1001,Jawa Barat,Kota Bekasi,Bekasi Utara,Kaliabang Tengah
32.75.03.1002,Jawa Barat,Kota Bekasi,Bekasi Utara,Perwira
32.75.03.1003,Jawa Barat,Kota Bekasi,Bekasi Utara,Harapanbaru
32.75.03.1004,Jawa Barat,Kota Bekasi,Bekasi Utara,Teluk Pucung
32.75.03.1005,Jawa Barat,Kota Bekasi,Bekasi Utara,Margamulya
32.75.03.1006,Jawa Barat,Kota Bekasi,Bekasi Utara,Harapanjaya
32.75.04.1001,Jawa Barat,Kota Bekasi,Bekasi Selatan,Pekayonjaya
32.75.04.1002,Jawa Barat,Kota Bekasi,Bekasi Selatan,Margajaya
32.75.04.1003,Jawa Barat,Kota Bekasi,Bekasi Selatan,Jakamulya
32.75.04.1004,Jawa Barat,Kota Bekasi,Bekasi Selatan,Jakasetia
32.75.04.1005,Jawa Barat,Kota Bekasi,Bekasi Selatan,Kayuringinjaya
32.75.05.1001,Jawa Barat,Kota Bekasi,Rawalumbu,Bojong Rawalumbu
32.75.05.1002,Jawa Barat,Kota Bekasi,Rawalumbu,Pengasinan
32.75.05.1003,Jawa Barat,Kota Bekasi,Rawalumbu,Sepanjangjaya
32.75.05.1004,Jawa Barat,Kota Bekasi,Rawalumbu,Bojongmenteng
32.75.06.1001,Jawa Barat,Kota Bekasi,Medansatria,Medansatria
32.75.06.1002,Jawa Barat,Kota Bekasi,Medansatria,Harapanmulya
32.75.06.1003,Jawa Barat,Kota Bekasi,Medansatria,Pejuang
32.75.06.1004,Jawa Barat,Kota Bekasi,Medansatria,Kalibaru
32.75.07.1003,Jawa Barat,Kota Bekasi,Bantargebang,Bantargebang
32.75.07.1004,Jawa Barat,Kota Bekasi,Bantargebang,Cikiwul
32.75.07.1007,Jawa Barat,Kota Bekasi,Bantargebang,Ciketingudik
32.75.07.1008,Jawa Barat,Kota Bekasi,Bantargebang,Sumurbatu
32.75.08.1001,Jawa Barat,Kota Bekasi,Pondokgede,Jatiwaringin
32.75.08.1002,Jawa Barat,Kota Bekasi,Pondokgede,Jatibening
32.75.08.1003,Jawa Barat,Kota Bekasi,Pondokgede,Jatimakmur
32.75.08.1006,Jawa Barat,Kota Bekasi,Pondokgede,Jatibening Baru
32.75.08.1007,Jawa Barat,Kota Bekasi,Pondokgede,Jaticempaka
32.75.09.1001,Jawa Barat,Kota Bekasi,Jatiasih,Jatimekar
32.75.09.1002,Jawa Barat,Kota Bekasi,Jatiasih,Jatiasih
32.75.09.1003,Jawa Barat,Kota Bekasi,Jatiasih,Jatikramat
32.75.09.1004,Jawa Barat,Kota Bekasi,Jatiasih,Jatirasa
32.75.09.1005,Jawa Barat,Kota Bekasi,Jatiasih,Jatiluhur
32.75.09.1006,Jawa Barat,Kota Bekasi,Jatiasih,Jatisari
32.75.10.1001,Jawa Barat,Kota Bekasi,Jatisampurna,Jatisampurna
32.75.10.1002,Jawa Barat,Kota Bekasi,Jatisampurna,Jatikarya
32.75.10.1003,Jawa Barat,Kota Bekasi,Jatisampurna,Jatiranggon
32.75.10.1004,Jawa Barat,Kota Bekasi,Jatisampurna,Jatirangga
32.75.10.1005,Jawa Barat,Kota Bekasi,Jatisampurna,Jatiraden
32.75.11.1001,Jawa Barat,Kota Bekasi,Mustikajaya,Padurenan
32.75.11.1002,Jawa Barat,Kota Bekasi,Mustikajaya,Cimuning
32.75.11.1003,Jawa Barat,Kota Bekasi,Mustikajaya,Mustikajaya
32.75.11.1004,Jawa Barat,Kota Bekasi,Mustikajaya,Mustikasari
32.75.12.1001,Jawa Barat,Kota Bekasi,Pondokmelati,Jatirahayu
32.75.12.1002,Jawa Barat,Kota Bekasi,Pondokmelati,Jatiwarna
32.75.12.1003,Jawa Barat,Kota Bekasi,Pondokmelati,Jatimelati
32.75.12.1004,Jawa Barat,Kota Bekasi,Pondokmelati,Jatimurni
32.76.01.1006,Jawa Barat,Kota Depok,Pancoran Mas,Depok
32.76.01.1007,Jawa Barat,Kota Depok,Pancoran Mas,Depok Jaya
32.76.01.1008,Jawa Barat,Kota Depok,Pancoran Mas,Pancoran Mas
32.76.01.1009,Jawa Barat,Kota Depok,Pancoran Mas,Mampang
32.76.01.1010,Jawa Barat,Kota Depok,Pancoran Mas,Rangkapan Jaya Baru
32.76.01.1011,Jawa Barat,Kota Depok,Pancoran Mas,Rangkapan Jaya
32.76.02.1007,Jawa Barat,Kota Depok,Cimanggis,Harjamukti
32.76.02.1008,Jawa Barat,Kota Depok,Cimanggis,Curug
32.76.02.1009,Jawa Barat,Kota Depok,Cimanggis,Tugu
32.76.02.1010,Jawa Barat,Kota Depok,Cimanggis,Mekarsari
32.76.02.1011,Jawa Barat,Kota Depok,Cimanggis,Pasir Gunung Selatan
32.76.02.1012,Jawa Barat,Kota Depok,Cimanggis,Cisalak Pasar
32.76.03.1001,Jawa Barat,Kota Depok,Sawangan,Pasir Putih
32.76.03.1002,Jawa Barat,Kota Depok,Sawangan,Bedahan
32.76.03.1003,Jawa Barat,Kota Depok,Sawangan,Pengasinan
32.76.03.1009,Jawa Barat,Kota Depok,Sawangan,Cinangka
32.76.03.1010,Jawa Barat,Kota Depok,Sawangan,Sawangan
32.76.03.1011,Jawa Barat,Kota Depok,Sawangan,Sawangan Baru
32.76.03.1012,Jawa Barat,Kota Depok,Sawangan,Kedaung
32.76.04.1001,Jawa Barat,Kota Depok,Limo,Meruyung
32.76.04.1002,Jawa Barat,Kota Depok,Limo,Grogol
32.76.04.1003,Jawa Barat,Kota Depok,Limo,Krukut
32.76.04.1004,Jawa Barat,Kota Depok,Limo,Limo
32.76.05.1001,Jawa Barat,Kota Depok,Sukmajaya,Sukmajaya
32.76.05.1003,Jawa Barat,Kota Depok,Sukmajaya,Abadijaya
32.76.05.1004,Jawa Barat,Kota Depok,Sukmajaya,Mekarjaya
32.76.05.1005,Jawa Barat,Kota Depok,Sukmajaya,Baktijaya
32.76.05.1008,Jawa Barat,Kota Depok,Sukmajaya,Cisalak
32.76.05.1010,Jawa Barat,Kota Depok,Sukmajaya,Tirtajaya
32.76.06.1001,Jawa Barat,Kota Depok,Beji,Beji
32.76.06.1002,Jawa Barat,Kota Depok,Beji,Kukusan
32.76.06.1003,Jawa Barat,Kota Depok,Beji,Tanah Baru
32.76.06.1004,Jawa Barat,Kota Depok,Beji,Kemiri Muka
32.76.06.1005,Jawa Barat,Kota Depok,Beji,Pondok Cina
32.76.06.1006,Jawa Barat,Kota Depok,Beji,Beji Timur
32.76.07.1001,Jawa Barat,Kota Depok,Cipayung,Cipayung
32.76.07.1002,Jawa Barat,Kota Depok,Cipayung,Cipayung Jaya
32.76.07.1003,Jawa Barat,Kota Depok,Cipayung,Ratu Jaya
32.76.07.1004,Jawa Barat,Kota Depok,Cipayung,Bojong Pondok Terong
32.76.07.1005,Jawa Barat,Kota Depok,Cipayung,Pondok Jaya
32.76.08.1001,Jawa Barat,Kota Depok,Cilodong,Sukamaju
32.76.08.1002,Jawa Barat,Kota Depok,Cilodong,Cilodong
32.76.08.1003,Jawa Barat,Kota Depok,Cilodong,Kalibaru
32.76.08.1004,Jawa Barat,Kota Depok,Cilodong,Kalimulya
32.76.08.1005,Jawa Barat,Kota Depok,Cilodong,Jatimulya
32.76.09.1001,Jawa Barat,Kota Depok,Cinere,Cinere
32.76.09.1002,Jawa Barat,Kota Depok,Cinere,Gandul
32.76.09.1003,Jawa Barat,Kota Depok,Cinere,Pangkalan Jati
32.76.09.1004,Jawa Barat,Kota Depok,Cinere,Pangkalan Jati Baru
32.76.10.1001,Jawa Barat,Kota Depok,Tapos,Tapos
32.76.10.1002,Jawa Barat,Kota Depok,Tapos,Leuwinanggung
32.76.10.1003,Jawa Barat,Kota Depok,Tapos,Sukatani
32.76.10.1004,Jawa Barat,Kota Depok,Tapos,Sukamaju Baru
32.76.10.1005,Jawa Barat,Kota Depok,Tapos,Jatijajar
32.76.10.1006,Jawa Barat,Kota Depok,Tapos,Cilangkap
32.76.10.1007,Jawa Barat,Kota Depok,Tapos,Cimpaeun
32.76.11.1001,Jawa Barat,Kota Depok,Bojongsari,Bojongsari
32.76.11.1002,Jawa Barat,Kota Depok,Bojongsari,Bojongsari Baru
32.76.11.1003,Jawa Barat,Kota Depok,Bojongsari,Serua
32.76.11.1004,Jawa Barat,Kota Depok,Bojongsari,Pondok Petir
32.76.11.1005,Jawa Barat,Kota Depok,Bojongsari,Curug
32.76.11.1006,Jawa Barat,Kota Depok,Bojongsari,Duren Mekar
32.76.11.1007,Jawa Barat,Kota Depok,Bojongsari,Duren Seribu
32.77.01.1001,Jawa Barat,Kota Cimahi,Cimahi Selatan,Melong
32.77.01.1002,Jawa Barat,Kota Cimahi,Cimahi Selatan,Cibeureum
32.77.01.1003,Jawa Barat,Kota Cimahi,Cimahi Selatan,Utama
32.77.01.1004,Jawa Barat,Kota Cimahi,Cimahi Selatan,Leuwigajah
32.77.01.1005,Jawa Barat,Kota Cimahi,Cimahi Selatan,Cibeber
32.77.02.1001,Jawa Barat,Kota Cimahi,Cimahi Tengah,Baros
32.77.02.1002,Jawa Barat,Kota Cimahi,Cimahi Tengah,Cigugur Tengah
32.77.02.1003,Jawa Barat,Kota Cimahi,Cimahi Tengah,Karangmekar
32.77.02.1004,Jawa Barat,Kota Cimahi,Cimahi Tengah,Setiamanah
32.77.02.1005,Jawa Barat,Kota Cimahi,Cimahi Tengah,Padasuka
32.77.02.1006,Jawa Barat,Kota Cimahi,Cimahi Tengah,Cimahi
32.77.03.1001,Jawa Barat,Kota Cimahi,Cimahi Utara,Pasirkaliki
32.77.03.1002,Jawa Barat,Kota Cimahi,Cimahi Utara,Cibabat
32.77.03.1003,Jawa Barat,Kota Cimahi,Cimahi Utara,Citeureup
32.77.03.1004,Jawa Barat,Kota Cimahi,Cimahi Utara,Cipageran
32.78.01.1001,Jawa Barat,Kota Tasikmalaya,Cihideung,Yudanagara
32.78.01.1002,Jawa Barat,Kota Tasikmalaya,Cihideung,Nagarawangi
32.78.01.1003,Jawa Barat,Kota Tasikmalaya,Cihideung,Cilembang
32.78.01.1004,Jawa Barat,Kota Tasikmalaya,Cihideung,Argasari
32.78.01.1005,Jawa Barat,Kota Tasikmalaya,Cihideung,Tugujaya
32.78.01.1006,Jawa Barat,Kota Tasikmalaya,Cihideung,Tuguraja
32.78.02.1001,Jawa Barat,Kota Tasikmalaya,Cipedes,Panglayungan
32.78.02.1002,Jawa Barat,Kota Tasikmalaya,Cipedes,Cipedes
32.78.02.1003,Jawa Barat,Kota Tasikmalaya,Cipedes,Nagarasari
32.78.02.1004,Jawa Barat,Kota Tasikmalaya,Cipedes,Sukamanah
32.78.03.1001,Jawa Barat,Kota Tasikmalaya,Tawang,Tawangsari
32.78.03.1002,Jawa Barat,Kota Tasikmalaya,Tawang,Empangsari
32.78.03.1003,Jawa Barat,Kota Tasikmalaya,Tawang,Lengkongsari
32.78.03.1004,Jawa Barat,Kota Tasikmalaya,Tawang,Cikalang
32.78.03.1005,Jawa Barat,Kota Tasikmalaya,Tawang,Kahuripan
32.78.04.1003,Jawa Barat,Kota Tasikmalaya,Indihiang,Indihiang
32.78.04.1004,Jawa Barat,Kota Tasikmalaya,Indihiang,Sirnagalih
32.78.04.1005,Jawa Barat,Kota Tasikmalaya,Indihiang,Parakannyasag
32.78.04.1006,Jawa Barat,Kota Tasikmalaya,Indihiang,Panyingkiran
32.78.04.1007,Jawa Barat,Kota Tasikmalaya,Indihiang,Sukamaju Kaler
32.78.04.1008,Jawa Barat,Kota Tasikmalaya,Indihiang,Sukamaju Kidul
32.78.05.1001,Jawa Barat,Kota Tasikmalaya,Kawalu,Kersamenak
32.78.05.1002,Jawa Barat,Kota Tasikmalaya,Kawalu,Cilamajang
32.78.05.1003,Jawa Barat,Kota Tasikmalaya,Kawalu,Gunung Tandala
32.78.05.1004,Jawa Barat,Kota Tasikmalaya,Kawalu,Urug
32.78.05.1005,Jawa Barat,Kota Tasikmalaya,Kawalu,Tanjung
32.78.05.1006,Jawa Barat,Kota Tasikmalaya,Kawalu,Cibeuti
32.78.05.1007,Jawa Barat,Kota Tasikmalaya,Kawalu,Karanganyar
32.78.05.1008,Jawa Barat,Kota Tasikmalaya,Kawalu,Talagasari
32.78.05.1009,Jawa Barat,Kota Tasikmalaya,Kawalu,Leuwiliang
32.78.05.1010,Jawa Barat,Kota Tasikmalaya,Kawalu,Gunung Gede
32.78.06.1005,Jawa Barat,Kota Tasikmalaya,Cibeureum,Setiaratu
32.78.06.1007,Jawa Barat,Kota Tasikmalaya,Cibeureum,Kersanagara
32.78.06.1008,Jawa Barat,Kota Tasikmalaya,Cibeureum,Kota Baru
32.78.06.1009,Jawa Barat,Kota Tasikmalaya,Cibeureum,Awipari
32.78.06.1010,Jawa Barat,Kota Tasikmalaya,Cibeureum,Setianagara
32.78.06.1011,Jawa Barat,Kota Tasikmalaya,Cibeureum,Ciherang
32.78.06.1012,Jawa Barat,Kota Tasikmalaya,Cibeureum,Ciakar
32.78.06.1013,Jawa Barat,Kota Tasikmalaya,Cibeureum,Margabakti
32.78.06.1014,Jawa Barat,Kota Tasikmalaya,Cibeureum,Setiajaya
32.78.07.1001,Jawa Barat,Kota Tasikmalaya,Tamansari,Tamansari
32.78.07.1002,Jawa Barat,Kota Tasikmalaya,Tamansari,Mugarsari
32.78.07.1003,Jawa Barat,Kota Tasikmalaya,Tamansari,Tamanjaya
32.78.07.1004,Jawa Barat,Kota Tasikmalaya,Tamansari,Sumelap
32.78.07.1005,Jawa Barat,Kota Tasikmalaya,Tamansari,Setiawargi
32.78.07.1006,Jawa Barat,Kota Tasikmalaya,Tamansari,Mulyasari
32.78.07.1007,Jawa Barat,Kota Tasikmalaya,Tamansari,Sukahurip
32.78.07.1008,Jawa Barat,Kota Tasikmalaya,Tamansari,Setiamulya
32.78.08.1001,Jawa Barat,Kota Tasikmalaya,Mangkubumi,Mangkubumi
32.78.08.1002,Jawa Barat,Kota Tasikmalaya,Mangkubumi,Cigantang
32.78.08.1003,Jawa Barat,Kota Tasikmalaya,Mangkubumi,Karikil
32.78.08.1004,Jawa Barat,Kota Tasikmalaya,Mangkubumi,Linggajaya
32.78.08.1005,Jawa Barat,Kota Tasikmalaya,Mangkubumi,Cipawitra
32.78.08.1006,Jawa Barat,Kota Tasikmalaya,Mangkubumi,Sambongpari
32.78.08.1007,Jawa Barat,Kota Tasikmalaya,Mangkubumi,Sambongjaya
32.78.08.1008,Jawa Barat,Kota Tasikmalaya,Mangkubumi,Cipari
32.78.09.1001,Jawa Barat,Kota Tasikmalaya,Bungursari,Sukamulya
32.78.09.1002,Jawa Barat,Kota Tasikmalaya,Bungursari,Sukarindik
32.78.09.1003,Jawa Barat,Kota Tasikmalaya,Bungursari,Bungursari
32.78.09.1004,Jawa Barat,Kota Tasikmalaya,Bungursari,Sukajaya
32.78.09.1005,Jawa Barat,Kota Tasikmalaya,Bungursari,Cibunigeulis
32.78.09.1006,Jawa Barat,Kota Tasikmalaya,Bungursari,Bantarsari
32.78.09.1007,Jawa Barat,Kota Tasikmalaya,Bungursari,Sukalaksana
32.78.10.1001,Jawa Barat,Kota Tasikmalaya,Purbaratu,Sukanagara
32.78.10.1002,Jawa Barat,Kota Tasikmalaya,Purbaratu,Sukamenak
32.78.10.1003,Jawa Barat,Kota Tasikmalaya,Purbaratu,Purbaratu
32.78.10.1004,Jawa Barat,Kota Tasikmalaya,Purbaratu,Sukaasih
32.78.10.1005,Jawa Barat,Kota Tasikmalaya,Purbaratu,Sukajaya
32.78.10.1006,Jawa Barat,Kota Tasikmalaya,Purbaratu,Singkup
32.79.01.1001,Jawa Barat,Kota Banjar,Banjar,Banjar
32.79.01.1002,Jawa Barat,Kota Banjar,Banjar,Mekarsari
32.79.01.1006,Jawa Barat,Kota Banjar,Banjar,Situbatu
32.79.01.2003,Jawa Barat,Kota Banjar,Banjar,Balokang
32.79.01.2004,Jawa Barat,Kota Banjar,Banjar,Cibeureum
32.79.01.2005,Jawa Barat,Kota Banjar,Banjar,Neglasari
32.79.01.2007,Jawa Barat,Kota Banjar,Banjar,Jajawar
32.79.02.1001,Jawa Barat,Kota Banjar,Pataruman,Hegarsari
32.79.02.1002,Jawa Barat,Kota Banjar,Pataruman,Pataruman
32.79.02.2003,Jawa Barat,Kota Banjar,Pataruman,Mulyasari
32.79.02.2004,Jawa Barat,Kota Banjar,Pataruman,Batulawang
32.79.02.2005,Jawa Barat,Kota Banjar,Pataruman,Karyamukti
32.79.02.2006,Jawa Barat,Kota Banjar,Pataruman,Binangun
32.79.02.2007,Jawa Barat,Kota Banjar,Pataruman,Sukamukti
32.79.02.2008,Jawa Barat,Kota Banjar,Pataruman,Sinartanjung
32.79.03.1001,Jawa Barat,Kota Banjar,Purwaharja,Purwaharja
32.79.03.1004,Jawa Barat,Kota Banjar,Purwaharja,Karangpanimbal
32.79.03.2002,Jawa Barat,Kota Banjar,Purwaharja,Raharja
32.79.03.2003,Jawa Barat,Kota Banjar,Purwaharja,Mekarharja
32.79.04.1004,Jawa Barat,Kota Banjar,Langensari,Muktisari
32.79.04.1005,Jawa Barat,Kota Banjar,Langensari,Bojongkantong
32.79.04.2001,Jawa Barat,Kota Banjar,Langensari,Langensari
32.79.04.2002,Jawa Barat,Kota Banjar,Langensari,Rejasari
32.79.04.2003,Jawa Barat,Kota Banjar,Langensari,Waringinsari
32.79.04.2006,Jawa Barat,Kota Banjar,Langensari,Kujangsari
